# nt =  1
# nd = 30
# ne = 50
# T =  0  2.50000E-02
# D =  0  1.00000E+19
-1.60206E+00  1.90000E+01  1.00000E-03  9.64930E-55  9.65045E-55  2.78300E-01  2.78300E-01  8.85931E-02  2.78300E-01
-1.60206E+00  1.90000E+01  1.26486E-03  1.31433E-40  1.31456E-40  2.72864E-01  2.72864E-01  1.08949E-01  2.72864E-01
-1.60206E+00  1.90000E+01  1.59986E-03  5.08088E-29  5.08219E-29  2.68841E-01  2.68841E-01  1.32253E-01  2.68841E-01
-1.60206E+00  1.90000E+01  2.02359E-03  1.28376E-19  1.28425E-19  2.65462E-01  2.65462E-01  1.58199E-01  2.65462E-01
-1.60206E+00  1.90000E+01  2.55955E-03  3.48550E-12  3.48751E-12  2.59285E-01  2.59285E-01  1.85874E-01  2.59285E-01
-1.60206E+00  1.90000E+01  3.23746E-03  1.21388E-06  1.21507E-06  2.48740E-01  2.48740E-01  2.13418E-01  2.48739E-01
-1.60206E+00  1.90000E+01  4.09492E-03  5.08400E-03  5.09613E-03  2.38719E-01  2.38726E-01  2.37756E-01  2.35867E-01
-1.60206E+00  1.90000E+01  5.17947E-03  2.50415E-01  2.50998E-01  3.87245E-01  3.87643E-01  2.54734E-01  2.21044E-01
-1.60206E+00  1.90000E+01  6.55129E-03  6.41075E-01  6.41309E-01  6.75051E-01  6.75231E-01  2.60100E-01  2.05061E-01
-1.60206E+00  1.90000E+01  8.28643E-03  8.09321E-01  8.09533E-01  8.16150E-01  8.16330E-01  2.51326E-01  1.81810E-01
-1.60206E+00  1.90000E+01  1.04811E-02  9.50260E-01  9.50455E-01  9.41553E-01  9.41729E-01  2.29247E-01  1.54160E-01
-1.60206E+00  1.90000E+01  1.32571E-02  1.08108E+00  1.08125E+00  1.06789E+00  1.06804E+00  1.98018E-01  1.31423E-01
-1.60206E+00  1.90000E+01  1.67683E-02  1.20733E+00  1.20753E+00  1.19804E+00  1.19822E+00  1.63224E-01  1.15326E-01
-1.60206E+00  1.90000E+01  2.12095E-02  1.32854E+00  1.32870E+00  1.32505E+00  1.32521E+00  1.29656E-01  1.01617E-01
-1.60206E+00  1.90000E+01  2.68270E-02  1.44990E+00  1.45009E+00  1.45135E+00  1.45153E+00  1.00201E-01  8.87047E-02
-1.60206E+00  1.90000E+01  3.39322E-02  1.56940E+00  1.56957E+00  1.57460E+00  1.57477E+00  7.59394E-02  7.70456E-02
-1.60206E+00  1.90000E+01  4.29193E-02  1.68909E+00  1.68926E+00  1.69744E+00  1.69761E+00  5.67784E-02  6.67899E-02
-1.60206E+00  1.90000E+01  5.42868E-02  1.80170E+00  1.80186E+00  1.81221E+00  1.81238E+00  4.20588E-02  5.75489E-02
-1.60206E+00  1.90000E+01  6.86649E-02  1.92817E+00  1.92835E+00  1.93958E+00  1.93976E+00  3.09556E-02  4.96258E-02
-1.60206E+00  1.90000E+01  8.68511E-02  2.04383E+00  2.04398E+00  2.06043E+00  2.06058E+00  2.26810E-02  4.72480E-02
-1.60206E+00  1.90000E+01  1.09854E-01  2.15893E+00  2.15912E+00  2.18086E+00  2.18105E+00  1.65643E-02  4.62546E-02
-1.60206E+00  1.90000E+01  1.38950E-01  2.26671E+00  2.26686E+00  2.29133E+00  2.29147E+00  1.20678E-02  4.37800E-02
-1.60206E+00  1.90000E+01  1.75751E-01  2.40626E+00  2.40646E+00  2.42939E+00  2.42959E+00  8.77533E-03  3.88283E-02
-1.60206E+00  1.90000E+01  2.22300E-01  2.52059E+00  2.52076E+00  2.54262E+00  2.54280E+00  6.37148E-03  3.44370E-02
-1.60206E+00  1.90000E+01  2.81177E-01  2.62962E+00  2.62976E+00  2.65039E+00  2.65053E+00  4.62025E-03  3.05427E-02
-1.60206E+00  1.90000E+01  3.55648E-01  2.74843E+00  2.74865E+00  2.76780E+00  2.76801E+00  3.34667E-03  2.70891E-02
-1.60206E+00  1.90000E+01  4.49843E-01  2.84756E+00  2.84772E+00  2.86563E+00  2.86579E+00  2.42179E-03  2.40262E-02
-1.60206E+00  1.90000E+01  5.68987E-01  2.99978E+00  2.99991E+00  3.01610E+00  3.01623E+00  1.75097E-03  2.13097E-02
-1.60206E+00  1.90000E+01  7.19686E-01  3.11787E+00  3.11807E+00  3.13283E+00  3.13303E+00  1.26494E-03  1.89005E-02
-1.60206E+00  1.90000E+01  9.10298E-01  3.21723E+00  3.21740E+00  3.23096E+00  3.23113E+00  9.13136E-04  1.67637E-02
-1.60206E+00  1.90000E+01  1.15140E+00  3.34355E+00  3.34368E+00  3.35598E+00  3.35611E+00  6.58712E-04  1.48685E-02
-1.60206E+00  1.90000E+01  1.45635E+00  3.45305E+00  3.45324E+00  3.46432E+00  3.46452E+00  4.74864E-04  1.31876E-02
-1.60206E+00  1.90000E+01  1.84207E+00  3.55913E+00  3.55934E+00  3.56936E+00  3.56957E+00  3.42114E-04  1.16968E-02
-1.60206E+00  1.90000E+01  2.32995E+00  3.65983E+00  3.65998E+00  3.66907E+00  3.66922E+00  2.46329E-04  1.03745E-02
-1.60206E+00  1.90000E+01  2.94705E+00  3.84236E+00  3.84248E+00  3.85057E+00  3.85069E+00  1.77262E-04  9.20172E-03
-1.60206E+00  1.90000E+01  3.72759E+00  3.94169E+00  3.94190E+00  3.94908E+00  3.94930E+00  1.27492E-04  8.16151E-03
-1.60206E+00  1.90000E+01  4.71487E+00  4.05373E+00  4.05395E+00  4.06038E+00  4.06060E+00  9.16490E-05  7.23890E-03
-1.60206E+00  1.90000E+01  5.96362E+00  4.15857E+00  4.15872E+00  4.16454E+00  4.16469E+00  6.58507E-05  6.42059E-03
-1.60206E+00  1.90000E+01  7.54312E+00  4.31613E+00  4.31626E+00  4.32145E+00  4.32158E+00  4.72922E-05  5.69478E-03
-1.60206E+00  1.90000E+01  9.54095E+00  4.40716E+00  4.40730E+00  4.41191E+00  4.41205E+00  3.39487E-05  5.05103E-03
-1.60206E+00  1.90000E+01  1.20679E+01  4.50108E+00  4.50134E+00  4.50533E+00  4.50560E+00  2.43597E-05  4.48005E-03
-1.60206E+00  1.90000E+01  1.52642E+01  4.60386E+00  4.60404E+00  4.60766E+00  4.60784E+00  1.74719E-05  3.97361E-03
-1.60206E+00  1.90000E+01  1.93070E+01  4.72851E+00  4.72866E+00  4.73190E+00  4.73205E+00  1.25267E-05  3.52442E-03
-1.60206E+00  1.90000E+01  2.44205E+01  4.91883E+00  4.91896E+00  4.92183E+00  4.92197E+00  8.97777E-06  3.12601E-03
-1.60206E+00  1.90000E+01  3.08884E+01  5.03372E+00  5.03383E+00  5.03640E+00  5.03651E+00  6.43192E-06  2.77264E-03
-1.60206E+00  1.90000E+01  3.90694E+01  5.09185E+00  5.09211E+00  5.09424E+00  5.09450E+00  4.60638E-06  2.45922E-03
-1.60206E+00  1.90000E+01  4.94171E+01  5.17383E+00  5.17407E+00  5.17596E+00  5.17620E+00  3.29785E-06  2.18122E-03
-1.60206E+00  1.90000E+01  6.25055E+01  5.30020E+00  5.30033E+00  5.30209E+00  5.30223E+00  2.36026E-06  1.93465E-03
-1.60206E+00  1.90000E+01  7.90604E+01  5.65295E+00  5.65287E+00  5.65462E+00  5.65455E+00  1.68870E-06  1.71596E-03
-1.60206E+00  1.90000E+01  1.00000E+02  5.87337E+00  5.88737E+00  5.87486E+00  5.88886E+00  1.20785E-06  1.52198E-03
# T =  0  2.50000E-02
# D =  1  2.21222E+19
-1.60206E+00  1.93448E+01  1.00000E-03  1.08991E-54  1.09020E-54  2.72105E-01  2.72105E-01  1.12874E-01  2.72105E-01
-1.60206E+00  1.93448E+01  1.26486E-03  1.56448E-40  1.56509E-40  2.68199E-01  2.68199E-01  1.41073E-01  2.68199E-01
-1.60206E+00  1.93448E+01  1.59986E-03  6.03925E-29  6.04268E-29  2.65218E-01  2.65218E-01  1.73624E-01  2.65218E-01
-1.60206E+00  1.93448E+01  2.02359E-03  1.52948E-19  1.53076E-19  2.62552E-01  2.62552E-01  2.10114E-01  2.62552E-01
-1.60206E+00  1.93448E+01  2.55955E-03  4.15469E-12  4.16002E-12  2.57100E-01  2.57100E-01  2.49266E-01  2.57100E-01
-1.60206E+00  1.93448E+01  3.23746E-03  1.44618E-06  1.44934E-06  2.47241E-01  2.47241E-01  2.88451E-01  2.47240E-01
-1.60206E+00  1.93448E+01  4.09492E-03  5.91098E-03  5.94251E-03  2.38108E-01  2.38126E-01  3.23301E-01  2.34776E-01
-1.60206E+00  1.93448E+01  5.17947E-03  2.49940E-01  2.51189E-01  3.86622E-01  3.87477E-01  3.47923E-01  2.20313E-01
-1.60206E+00  1.93448E+01  6.55129E-03  7.18176E-01  7.18769E-01  7.39268E-01  7.39737E-01  3.56315E-01  2.04467E-01
-1.60206E+00  1.93448E+01  8.28643E-03  8.87647E-01  8.88114E-01  8.85541E-01  8.85943E-01  3.44960E-01  1.81479E-01
-1.60206E+00  1.93448E+01  1.04811E-02  1.02973E+00  1.03013E+00  1.01501E+00  1.01537E+00  3.15082E-01  1.53986E-01
-1.60206E+00  1.93448E+01  1.32571E-02  1.16095E+00  1.16141E+00  1.14382E+00  1.14425E+00  2.72499E-01  1.31326E-01
-1.60206E+00  1.93448E+01  1.67683E-02  1.28555E+00  1.28590E+00  1.27373E+00  1.27406E+00  2.24942E-01  1.15225E-01
-1.60206E+00  1.93448E+01  2.12095E-02  1.40926E+00  1.40970E+00  1.40409E+00  1.40453E+00  1.78993E-01  1.01541E-01
-1.60206E+00  1.93448E+01  2.68270E-02  1.52850E+00  1.52883E+00  1.52879E+00  1.52912E+00  1.38609E-01  8.86456E-02
-1.60206E+00  1.93448E+01  3.39322E-02  1.64897E+00  1.64942E+00  1.65363E+00  1.65408E+00  1.05279E-01  7.69905E-02
-1.60206E+00  1.93448E+01  4.29193E-02  1.76624E+00  1.76656E+00  1.77420E+00  1.77452E+00  7.88950E-02  6.67446E-02
-1.60206E+00  1.93448E+01  5.42868E-02  1.88850E+00  1.88897E+00  1.89833E+00  1.89880E+00  5.85755E-02  5.75278E-02
-1.60206E+00  1.93448E+01  6.86649E-02  2.00244E+00  2.00279E+00  2.01399E+00  2.01434E+00  4.32086E-02  4.96284E-02
-1.60206E+00  1.93448E+01  8.68511E-02  2.11685E+00  2.11727E+00  2.13362E+00  2.13404E+00  3.17271E-02  4.72453E-02
-1.60206E+00  1.93448E+01  1.09854E-01  2.24774E+00  2.24815E+00  2.26930E+00  2.26972E+00  2.32184E-02  4.62523E-02
-1.60206E+00  1.93448E+01  1.38950E-01  2.35609E+00  2.35639E+00  2.38036E+00  2.38065E+00  1.69486E-02  4.37746E-02
-1.60206E+00  1.93448E+01  1.75751E-01  2.46990E+00  2.47040E+00  2.49330E+00  2.49380E+00  1.23473E-02  3.88113E-02
-1.60206E+00  1.93448E+01  2.22300E-01  2.58531E+00  2.58569E+00  2.60756E+00  2.60793E+00  8.98062E-03  3.44112E-02
-1.60206E+00  1.93448E+01  2.81177E-01  2.72368E+00  2.72396E+00  2.74418E+00  2.74447E+00  6.52295E-03  3.05104E-02
-1.60206E+00  1.93448E+01  3.55648E-01  2.82539E+00  2.82591E+00  2.84470E+00  2.84523E+00  4.73222E-03  2.70521E-02
-1.60206E+00  1.93448E+01  4.49843E-01  2.95294E+00  2.95332E+00  2.97074E+00  2.97112E+00  3.42945E-03  2.39859E-02
-1.60206E+00  1.93448E+01  5.68987E-01  3.05454E+00  3.05484E+00  3.07100E+00  3.07130E+00  2.48295E-03  2.12675E-02
-1.60206E+00  1.93448E+01  7.19686E-01  3.15471E+00  3.15514E+00  3.16984E+00  3.17027E+00  1.79608E-03  1.88572E-02
-1.60206E+00  1.93448E+01  9.10298E-01  3.32715E+00  3.32764E+00  3.34070E+00  3.34119E+00  1.29817E-03  1.67202E-02
-1.60206E+00  1.93448E+01  1.15140E+00  3.42685E+00  3.42720E+00  3.43923E+00  3.43958E+00  9.37563E-04  1.48254E-02
-1.60206E+00  1.93448E+01  1.45635E+00  3.52046E+00  3.52072E+00  3.53172E+00  3.53198E+00  6.76641E-04  1.31453E-02
-1.60206E+00  1.93448E+01  1.84207E+00  3.65890E+00  3.65939E+00  3.66902E+00  3.66951E+00  4.88002E-04  1.16557E-02
-1.60206E+00  1.93448E+01  2.32995E+00  3.76608E+00  3.76659E+00  3.77523E+00  3.77574E+00  3.51726E-04  1.03349E-02
-1.60206E+00  1.93448E+01  2.94705E+00  3.86649E+00  3.86682E+00  3.87474E+00  3.87507E+00  2.53351E-04  9.16375E-03
-1.60206E+00  1.93448E+01  3.72759E+00  3.98245E+00  3.98275E+00  3.98984E+00  3.99015E+00  1.82385E-04  8.12535E-03
-1.60206E+00  1.93448E+01  4.71487E+00  4.14373E+00  4.14402E+00  4.15032E+00  4.15061E+00  1.31224E-04  7.20461E-03
-1.60206E+00  1.93448E+01  5.96362E+00  4.25158E+00  4.25221E+00  4.25749E+00  4.25812E+00  9.43650E-05  6.38822E-03
-1.60206E+00  1.93448E+01  7.54312E+00  4.36471E+00  4.36513E+00  4.37001E+00  4.37042E+00  6.78248E-05  5.66434E-03
-1.60206E+00  1.93448E+01  9.54095E+00  4.46124E+00  4.46155E+00  4.46597E+00  4.46629E+00  4.87255E-05  5.02249E-03
-1.60206E+00  1.93448E+01  1.20679E+01  4.62224E+00  4.62256E+00  4.62645E+00  4.62678E+00  3.49884E-05  4.45337E-03
-1.60206E+00  1.93448E+01  1.52642E+01  4.70576E+00  4.70598E+00  4.70953E+00  4.70974E+00  2.51131E-05  3.94874E-03
-1.60206E+00  1.93448E+01  1.93070E+01  4.81439E+00  4.81498E+00  4.81775E+00  4.81834E+00  1.80174E-05  3.50129E-03
-1.60206E+00  1.93448E+01  2.44205E+01  4.96714E+00  4.96776E+00  4.97014E+00  4.97075E+00  1.29213E-05  3.10454E-03
-1.60206E+00  1.93448E+01  3.08884E+01  5.04690E+00  5.04718E+00  5.04956E+00  5.04985E+00  9.26297E-06  2.75276E-03
-1.60206E+00  1.93448E+01  3.90694E+01  5.23814E+00  5.23847E+00  5.24050E+00  5.24083E+00  6.63791E-06  2.44083E-03
-1.60206E+00  1.93448E+01  4.94171E+01  5.34374E+00  5.34408E+00  5.34585E+00  5.34618E+00  4.75505E-06  2.16425E-03
-1.60206E+00  1.93448E+01  6.25055E+01  5.38808E+00  5.38826E+00  5.38995E+00  5.39014E+00  3.40509E-06  1.91901E-03
-1.60206E+00  1.93448E+01  7.90604E+01  5.53134E+00  5.53175E+00  5.53301E+00  5.53342E+00  2.43756E-06  1.70156E-03
-1.60206E+00  1.93448E+01  1.00000E+02  5.69264E+00  5.69340E+00  5.69412E+00  5.69488E+00  1.74438E-06  1.50875E-03
# T =  0  2.50000E-02
# D =  2  4.89390E+19
-1.60206E+00  1.96897E+01  1.00000E-03  1.63559E-54  1.63655E-54  2.61910E-01  2.61910E-01  1.21357E-01  2.61910E-01
-1.60206E+00  1.96897E+01  1.26486E-03  2.25704E-40  2.25898E-40  2.60503E-01  2.60503E-01  1.55033E-01  2.60503E-01
-1.60206E+00  1.96897E+01  1.59986E-03  8.85766E-29  8.86882E-29  2.59195E-01  2.59195E-01  1.94576E-01  2.59195E-01
-1.60206E+00  1.96897E+01  2.02359E-03  2.23857E-19  2.24273E-19  2.57648E-01  2.57648E-01  2.39706E-01  2.57648E-01
-1.60206E+00  1.96897E+01  2.55955E-03  6.07698E-12  6.09427E-12  2.53386E-01  2.53386E-01  2.89184E-01  2.53386E-01
-1.60206E+00  1.96897E+01  3.23746E-03  2.11280E-06  2.12310E-06  2.44723E-01  2.44723E-01  3.40199E-01  2.44722E-01
-1.60206E+00  1.96897E+01  4.09492E-03  8.00292E-03  8.09873E-03  2.37502E-01  2.37557E-01  3.87787E-01  2.32951E-01
-1.60206E+00  1.96897E+01  5.17947E-03  2.49281E-01  2.51879E-01  3.85698E-01  3.87485E-01  4.24797E-01  2.19106E-01
-1.60206E+00  1.96897E+01  6.55129E-03  7.43482E-01  7.45349E-01  7.61533E-01  7.63046E-01  4.43253E-01  2.03453E-01
-1.60206E+00  1.96897E+01  8.28643E-03  9.86224E-01  9.87363E-01  9.74773E-01  9.75772E-01  4.37380E-01  1.80926E-01
-1.60206E+00  1.96897E+01  1.04811E-02  1.12706E+00  1.12787E+00  1.10634E+00  1.10709E+00  4.06883E-01  1.53722E-01
-1.60206E+00  1.96897E+01  1.32571E-02  1.25979E+00  1.26084E+00  1.23876E+00  1.23975E+00  3.57742E-01  1.31180E-01
-1.60206E+00  1.96897E+01  1.67683E-02  1.38394E+00  1.38467E+00  1.36955E+00  1.37026E+00  2.99454E-01  1.15066E-01
-1.60206E+00  1.96897E+01  2.12095E-02  1.50789E+00  1.50896E+00  1.50109E+00  1.50214E+00  2.40986E-01  1.01435E-01
-1.60206E+00  1.96897E+01  2.68270E-02  1.62825E+00  1.62900E+00  1.62755E+00  1.62829E+00  1.88283E-01  8.85859E-02
-1.60206E+00  1.96897E+01  3.39322E-02  1.74694E+00  1.74801E+00  1.75092E+00  1.75198E+00  1.44013E-01  7.69504E-02
-1.60206E+00  1.96897E+01  4.29193E-02  1.86872E+00  1.86960E+00  1.87617E+00  1.87705E+00  1.08523E-01  6.67154E-02
-1.60206E+00  1.96897E+01  5.42868E-02  1.98083E+00  1.98152E+00  1.99068E+00  1.99137E+00  8.09381E-02  5.74987E-02
-1.60206E+00  1.96897E+01  6.86649E-02  2.10441E+00  2.10553E+00  2.11560E+00  2.11673E+00  5.99297E-02  4.96121E-02
-1.60206E+00  1.96897E+01  8.68511E-02  2.22499E+00  2.22578E+00  2.24139E+00  2.24218E+00  4.41467E-02  4.72141E-02
-1.60206E+00  1.96897E+01  1.09854E-01  2.33043E+00  2.33118E+00  2.35231E+00  2.35307E+00  3.23983E-02  4.62278E-02
-1.60206E+00  1.96897E+01  1.38950E-01  2.45737E+00  2.45852E+00  2.48159E+00  2.48275E+00  2.37089E-02  4.37666E-02
-1.60206E+00  1.96897E+01  1.75751E-01  2.58229E+00  2.58308E+00  2.60545E+00  2.60624E+00  1.73113E-02  3.88278E-02
-1.60206E+00  1.96897E+01  2.22300E-01  2.68759E+00  2.68818E+00  2.70969E+00  2.71029E+00  1.26171E-02  3.44467E-02
-1.60206E+00  1.96897E+01  2.81177E-01  2.79834E+00  2.79963E+00  2.81925E+00  2.82055E+00  9.18176E-03  3.05604E-02
-1.60206E+00  1.96897E+01  3.55648E-01  2.92996E+00  2.93078E+00  2.94929E+00  2.95011E+00  6.67289E-03  2.71129E-02
-1.60206E+00  1.96897E+01  4.49843E-01  3.05695E+00  3.05767E+00  3.07474E+00  3.07547E+00  4.84385E-03  2.40546E-02
-1.60206E+00  1.96897E+01  5.68987E-01  3.15107E+00  3.15177E+00  3.16757E+00  3.16827E+00  3.51240E-03  2.13414E-02
-1.60206E+00  1.96897E+01  7.19686E-01  3.28462E+00  3.28601E+00  3.29967E+00  3.30106E+00  2.54445E-03  1.89343E-02
-1.60206E+00  1.96897E+01  9.10298E-01  3.38479E+00  3.38553E+00  3.39860E+00  3.39934E+00  1.84158E-03  1.67989E-02
-1.60206E+00  1.96897E+01  1.15140E+00  3.50812E+00  3.50890E+00  3.52064E+00  3.52142E+00  1.33175E-03  1.49043E-02
-1.60206E+00  1.96897E+01  1.45635E+00  3.64716E+00  3.64764E+00  3.65841E+00  3.65890E+00  9.62303E-04  1.32234E-02
-1.60206E+00  1.96897E+01  1.84207E+00  3.74962E+00  3.75095E+00  3.75983E+00  3.76117E+00  6.94829E-04  1.17321E-02
-1.60206E+00  1.96897E+01  2.32995E+00  3.86102E+00  3.86222E+00  3.87025E+00  3.87145E+00  5.01347E-04  1.04091E-02
-1.60206E+00  1.96897E+01  2.94705E+00  3.99523E+00  3.99586E+00  4.00351E+00  4.00414E+00  3.61502E-04  9.23520E-03
-1.60206E+00  1.96897E+01  3.72759E+00  4.09212E+00  4.09294E+00  4.09958E+00  4.10040E+00  2.60501E-04  8.19374E-03
-1.60206E+00  1.96897E+01  4.71487E+00  4.18492E+00  4.18536E+00  4.19163E+00  4.19207E+00  1.87606E-04  7.26973E-03
-1.60206E+00  1.96897E+01  5.96362E+00  4.36472E+00  4.36580E+00  4.37067E+00  4.37176E+00  1.35032E-04  6.44992E-03
-1.60206E+00  1.96897E+01  7.54312E+00  4.48217E+00  4.48378E+00  4.48751E+00  4.48912E+00  9.71381E-05  5.72257E-03
-1.60206E+00  1.96897E+01  9.54095E+00  4.59468E+00  4.59543E+00  4.59947E+00  4.60021E+00  6.98420E-05  5.07724E-03
-1.60206E+00  1.96897E+01  1.20679E+01  4.84290E+00  4.87801E+00  4.84717E+00  4.88228E+00  5.01913E-05  4.50469E-03
-1.60206E+00  1.96897E+01  1.52642E+01  4.81702E+00  4.81789E+00  4.82083E+00  4.82170E+00  3.60523E-05  3.99670E-03
-1.60206E+00  1.96897E+01  1.93070E+01  4.93396E+00  4.93443E+00  4.93736E+00  4.93783E+00  2.58845E-05  3.54600E-03
-1.60206E+00  1.96897E+01  2.44205E+01  5.01209E+00  5.01267E+00  5.01513E+00  5.01570E+00  1.85762E-05  3.14613E-03
-1.60206E+00  1.96897E+01  3.08884E+01  5.14284E+00  5.14455E+00  5.14555E+00  5.14725E+00  1.33258E-05  2.79134E-03
-1.60206E+00  1.96897E+01  3.90694E+01  5.26885E+00  5.27033E+00  5.27126E+00  5.27274E+00  9.55553E-06  2.47657E-03
-1.60206E+00  1.96897E+01  4.94171E+01  5.48101E+00  5.48156E+00  5.48314E+00  5.48369E+00  6.84933E-06  2.19729E-03
-1.60206E+00  1.96897E+01  6.25055E+01  5.57437E+00  5.57487E+00  5.57627E+00  5.57678E+00  4.90772E-06  1.94951E-03
-1.60206E+00  1.96897E+01  7.90604E+01  5.61641E+00  5.61739E+00  5.61811E+00  5.61908E+00  3.51525E-06  1.72967E-03
-1.60206E+00  1.96897E+01  1.00000E+02  5.75030E+00  5.75104E+00  5.75181E+00  5.75255E+00  2.51700E-06  1.53462E-03
# T =  0  2.50000E-02
# D =  3  1.08264E+20
-1.60206E+00  2.00345E+01  1.00000E-03  3.48436E-54  3.48887E-54  2.45259E-01  2.45259E-01  1.10546E-01  2.45259E-01
-1.60206E+00  2.00345E+01  1.26486E-03  5.09877E-40  5.10846E-40  2.47797E-01  2.47797E-01  1.45211E-01  2.47797E-01
-1.60206E+00  2.00345E+01  1.59986E-03  1.98467E-28  1.99021E-28  2.49168E-01  2.49168E-01  1.86986E-01  2.49168E-01
-1.60206E+00  2.00345E+01  2.02359E-03  5.01580E-19  5.03650E-19  2.49435E-01  2.49435E-01  2.35967E-01  2.49435E-01
-1.60206E+00  2.00345E+01  2.55955E-03  1.35981E-11  1.36843E-11  2.47087E-01  2.47087E-01  2.91424E-01  2.47087E-01
-1.60206E+00  2.00345E+01  3.23746E-03  4.71305E-06  4.76512E-06  2.40435E-01  2.40435E-01  3.51168E-01  2.40432E-01
-1.60206E+00  2.00345E+01  4.09492E-03  1.34934E-02  1.38468E-02  2.37678E-01  2.37886E-01  4.10786E-01  2.29890E-01
-1.60206E+00  2.00345E+01  5.17947E-03  2.48580E-01  2.53746E-01  3.84414E-01  3.88000E-01  4.63143E-01  2.17077E-01
-1.60206E+00  2.00345E+01  6.55129E-03  7.28999E-01  7.33179E-01  7.50889E-01  7.54273E-01  4.98989E-01  2.01721E-01
-1.60206E+00  2.00345E+01  8.28643E-03  1.07646E+00  1.07975E+00  1.05876E+00  1.06172E+00  5.09548E-01  1.79971E-01
-1.60206E+00  2.00345E+01  1.04811E-02  1.24830E+00  1.24998E+00  1.22215E+00  1.22371E+00  4.90594E-01  1.53358E-01
-1.60206E+00  2.00345E+01  1.32571E-02  1.38114E+00  1.38374E+00  1.35672E+00  1.35922E+00  4.45284E-01  1.30993E-01
-1.60206E+00  2.00345E+01  1.67683E-02  1.50872E+00  1.51075E+00  1.49199E+00  1.49396E+00  3.83022E-01  1.14816E-01
-1.60206E+00  2.00345E+01  2.12095E-02  1.62785E+00  1.62948E+00  1.61962E+00  1.62123E+00  3.15050E-01  1.01253E-01
-1.60206E+00  2.00345E+01  2.68270E-02  1.75107E+00  1.75371E+00  1.74945E+00  1.75206E+00  2.50319E-01  8.84838E-02
-1.60206E+00  2.00345E+01  3.39322E-02  1.87226E+00  1.87418E+00  1.87568E+00  1.87758E+00  1.93896E-01  7.68852E-02
-1.60206E+00  2.00345E+01  4.29193E-02  1.98674E+00  1.98809E+00  1.99389E+00  1.99525E+00  1.47506E-01  6.66765E-02
-1.60206E+00  2.00345E+01  5.42868E-02  2.10738E+00  2.11021E+00  2.11689E+00  2.11972E+00  1.10807E-01  5.74839E-02
-1.60206E+00  2.00345E+01  6.86649E-02  2.22838E+00  2.23035E+00  2.23953E+00  2.24149E+00  8.25078E-02  4.96430E-02
-1.60206E+00  2.00345E+01  8.68511E-02  2.34265E+00  2.34422E+00  2.35913E+00  2.36069E+00  6.10529E-02  4.71919E-02
-1.60206E+00  2.00345E+01  1.09854E-01  2.45992E+00  2.46187E+00  2.48146E+00  2.48341E+00  4.49725E-02  4.61918E-02
-1.60206E+00  2.00345E+01  1.38950E-01  2.58044E+00  2.58340E+00  2.60462E+00  2.60758E+00  3.30150E-02  4.37401E-02
-1.60206E+00  2.00345E+01  1.75751E-01  2.69423E+00  2.69593E+00  2.71764E+00  2.71935E+00  2.41730E-02  3.88347E-02
-1.60206E+00  2.00345E+01  2.22300E-01  2.82024E+00  2.82186E+00  2.84227E+00  2.84389E+00  1.76615E-02  3.44798E-02
-1.60206E+00  2.00345E+01  2.81177E-01  2.92818E+00  2.92961E+00  2.94896E+00  2.95040E+00  1.28811E-02  3.06139E-02
-1.60206E+00  2.00345E+01  3.55648E-01  3.04916E+00  3.05253E+00  3.06857E+00  3.07194E+00  9.38043E-03  2.71819E-02
-1.60206E+00  2.00345E+01  4.49843E-01  3.15564E+00  3.15756E+00  3.17375E+00  3.17567E+00  6.82198E-03  2.41349E-02
-1.60206E+00  2.00345E+01  5.68987E-01  3.30118E+00  3.30286E+00  3.31764E+00  3.31932E+00  4.95539E-03  2.14297E-02
-1.60206E+00  2.00345E+01  7.19686E-01  3.40623E+00  3.40776E+00  3.42137E+00  3.42290E+00  3.59559E-03  1.90279E-02
-1.60206E+00  2.00345E+01  9.10298E-01  3.51023E+00  3.51151E+00  3.52407E+00  3.52535E+00  2.60631E-03  1.68954E-02
-1.60206E+00  2.00345E+01  1.15140E+00  3.63380E+00  3.63747E+00  3.64639E+00  3.65006E+00  1.88746E-03  1.50019E-02
-1.60206E+00  2.00345E+01  1.45635E+00  3.73790E+00  3.74047E+00  3.74937E+00  3.75194E+00  1.36568E-03  1.33207E-02
-1.60206E+00  2.00345E+01  1.84207E+00  3.89647E+00  3.89761E+00  3.90674E+00  3.90788E+00  9.87342E-04  1.18279E-02
-1.60206E+00  2.00345E+01  2.32995E+00  4.00785E+00  4.00984E+00  4.01713E+00  4.01912E+00  7.13265E-04  1.05025E-02
-1.60206E+00  2.00345E+01  2.94705E+00  4.10175E+00  4.10314E+00  4.11013E+00  4.11152E+00  5.14895E-04  9.32557E-03
-1.60206E+00  2.00345E+01  3.72759E+00  4.22069E+00  4.22148E+00  4.22822E+00  4.22900E+00  3.71438E-04  8.28056E-03
-1.60206E+00  2.00345E+01  4.71487E+00  4.34021E+00  4.34387E+00  4.34697E+00  4.35063E+00  2.67776E-04  7.35266E-03
-1.60206E+00  2.00345E+01  5.96362E+00  4.44739E+00  4.45116E+00  4.45346E+00  4.45723E+00  1.92924E-04  6.52875E-03
-1.60206E+00  2.00345E+01  7.54312E+00  4.56202E+00  4.56351E+00  4.56747E+00  4.56896E+00  1.38914E-04  5.79716E-03
-1.60206E+00  2.00345E+01  9.54095E+00  4.73300E+00  4.73394E+00  4.73784E+00  4.73878E+00  9.99680E-05  5.14756E-03
-1.60206E+00  2.00345E+01  1.20679E+01  4.83573E+00  4.83792E+00  4.84006E+00  4.84225E+00  7.19023E-05  4.57075E-03
-1.60206E+00  2.00345E+01  1.52642E+01  4.93254E+00  4.93436E+00  4.93642E+00  4.93824E+00  5.16894E-05  4.05858E-03
-1.60206E+00  2.00345E+01  1.93070E+01  5.02886E+00  5.02952E+00  5.03232E+00  5.03298E+00  3.71405E-05  3.60380E-03
-1.60206E+00  2.00345E+01  2.44205E+01  5.17380E+00  5.17472E+00  5.17688E+00  5.17780E+00  2.66742E-05  3.19998E-03
-1.60206E+00  2.00345E+01  3.08884E+01  5.28596E+00  5.29012E+00  5.28871E+00  5.29287E+00  1.91486E-05  2.84141E-03
-1.60206E+00  2.00345E+01  3.90694E+01  5.38136E+00  5.38593E+00  5.38381E+00  5.38838E+00  1.37404E-05  2.52302E-03
-1.60206E+00  2.00345E+01  4.94171E+01  5.50683E+00  5.50920E+00  5.50902E+00  5.51138E+00  9.85551E-06  2.24030E-03
-1.60206E+00  2.00345E+01  6.25055E+01  5.62608E+00  5.62665E+00  5.62803E+00  5.62860E+00  7.06623E-06  1.98927E-03
-1.60206E+00  2.00345E+01  7.90604E+01  5.80311E+00  5.80384E+00  5.80483E+00  5.80557E+00  5.06442E-06  1.76636E-03
-1.60206E+00  2.00345E+01  1.00000E+02  5.93106E+00  5.93338E+00  5.93260E+00  5.93492E+00  3.62838E-06  1.56844E-03
# T =  0  2.50000E-02
# D =  4  2.39503E+20
-1.60206E+00  2.03793E+01  1.00000E-03  1.86780E-53  1.87315E-53  2.18270E-01  2.18270E-01  8.66410E-02  2.18270E-01
-1.60206E+00  2.03793E+01  1.26486E-03  2.65966E-39  2.67092E-39  2.26851E-01  2.26851E-01  1.17614E-01  2.26851E-01
-1.60206E+00  2.03793E+01  1.59986E-03  1.03059E-27  1.03699E-27  2.32493E-01  2.32493E-01  1.56239E-01  2.32493E-01
-1.60206E+00  2.03793E+01  2.02359E-03  2.59785E-18  2.62177E-18  2.35834E-01  2.35834E-01  2.03099E-01  2.35834E-01
-1.60206E+00  2.03793E+01  2.55955E-03  7.02317E-11  7.12345E-11  2.36466E-01  2.36466E-01  2.58192E-01  2.36466E-01
-1.60206E+00  2.03793E+01  3.23746E-03  2.40604E-05  2.46835E-05  2.32974E-01  2.32974E-01  3.20427E-01  2.32962E-01
-1.60206E+00  2.03793E+01  4.09492E-03  2.58786E-02  2.72179E-02  2.40053E-01  2.40866E-01  3.86879E-01  2.24759E-01
-1.60206E+00  2.03793E+01  5.17947E-03  2.47501E-01  2.57295E-01  3.82223E-01  3.89129E-01  4.51940E-01  2.13587E-01
-1.60206E+00  2.03793E+01  6.55129E-03  6.97278E-01  7.07069E-01  7.27295E-01  7.35221E-01  5.06975E-01  1.98853E-01
-1.60206E+00  2.03793E+01  8.28643E-03  1.06198E+00  1.06907E+00  1.04830E+00  1.05466E+00  5.41499E-01  1.78313E-01
-1.60206E+00  2.03793E+01  1.04811E-02  1.35261E+00  1.35934E+00  1.32458E+00  1.33096E+00  5.46625E-01  1.52889E-01
-1.60206E+00  2.03793E+01  1.32571E-02  1.52682E+00  1.53235E+00  1.50024E+00  1.50562E+00  5.19559E-01  1.30751E-01
-1.60206E+00  2.03793E+01  1.67683E-02  1.65473E+00  1.66109E+00  1.63652E+00  1.64276E+00  4.65755E-01  1.14447E-01
-1.60206E+00  2.03793E+01  2.12095E-02  1.77954E+00  1.78457E+00  1.77031E+00  1.77526E+00  3.96443E-01  1.00982E-01
-1.60206E+00  2.03793E+01  2.68270E-02  1.90214E+00  1.90608E+00  1.89994E+00  1.90385E+00  3.23518E-01  8.83491E-02
-1.60206E+00  2.03793E+01  3.39322E-02  2.01854E+00  2.02171E+00  2.02161E+00  2.02477E+00  2.55673E-01  7.68125E-02
-1.60206E+00  2.03793E+01  4.29193E-02  2.13521E+00  2.13945E+00  2.14215E+00  2.14638E+00  1.97399E-01  6.66376E-02
-1.60206E+00  2.03793E+01  5.42868E-02  2.25485E+00  2.26189E+00  2.26431E+00  2.27134E+00  1.49914E-01  5.74653E-02
-1.60206E+00  2.03793E+01  6.86649E-02  2.37687E+00  2.38272E+00  2.38801E+00  2.39385E+00  1.12543E-01  4.96970E-02
-1.60206E+00  2.03793E+01  8.68511E-02  2.49765E+00  2.50127E+00  2.51398E+00  2.51761E+00  8.38019E-02  4.71784E-02
-1.60206E+00  2.03793E+01  1.09854E-01  2.61263E+00  2.61656E+00  2.63427E+00  2.63820E+00  6.20372E-02  4.62065E-02
-1.60206E+00  2.03793E+01  1.38950E-01  2.72573E+00  2.72871E+00  2.74994E+00  2.75292E+00  4.57278E-02  4.37669E-02
-1.60206E+00  2.03793E+01  1.75751E-01  2.84469E+00  2.84839E+00  2.86787E+00  2.87158E+00  3.35958E-02  3.88260E-02
-1.60206E+00  2.03793E+01  2.22300E-01  2.95838E+00  2.96637E+00  2.98051E+00  2.98851E+00  2.46188E-02  3.44419E-02
-1.60206E+00  2.03793E+01  2.81177E-01  3.07889E+00  3.08611E+00  3.09971E+00  3.10692E+00  1.80024E-02  3.05538E-02
-1.60206E+00  2.03793E+01  3.55648E-01  3.21314E+00  3.21596E+00  3.23238E+00  3.23520E+00  1.31407E-02  2.71052E-02
-1.60206E+00  2.03793E+01  4.49843E-01  3.32132E+00  3.32475E+00  3.33921E+00  3.34264E+00  9.57708E-03  2.40463E-02
-1.60206E+00  2.03793E+01  5.68987E-01  3.43309E+00  3.43766E+00  3.44956E+00  3.45414E+00  6.97032E-03  2.13329E-02
-1.60206E+00  2.03793E+01  7.19686E-01  3.53605E+00  3.53898E+00  3.55118E+00  3.55412E+00  5.06681E-03  1.89259E-02
-1.60206E+00  2.03793E+01  9.10298E-01  3.68009E+00  3.68139E+00  3.69374E+00  3.69504E+00  3.67897E-03  1.67906E-02
-1.60206E+00  2.03793E+01  1.15140E+00  3.77784E+00  3.78495E+00  3.79032E+00  3.79743E+00  2.66848E-03  1.48964E-02
-1.60206E+00  2.03793E+01  1.45635E+00  3.90662E+00  3.91664E+00  3.91792E+00  3.92793E+00  1.93367E-03  1.32159E-02
-1.60206E+00  2.03793E+01  1.84207E+00  4.02074E+00  4.02762E+00  4.03097E+00  4.03784E+00  1.39993E-03  1.17251E-02
-1.60206E+00  2.03793E+01  2.32995E+00  4.12188E+00  4.12389E+00  4.13113E+00  4.13314E+00  1.01266E-03  1.04025E-02
-1.60206E+00  2.03793E+01  2.94705E+00  4.29137E+00  4.29325E+00  4.29961E+00  4.30150E+00  7.31937E-04  9.22905E-03
-1.60206E+00  2.03793E+01  3.72759E+00  4.38623E+00  4.39111E+00  4.39366E+00  4.39854E+00  5.28634E-04  8.18802E-03
-1.60206E+00  2.03793E+01  4.71487E+00  4.48481E+00  4.49011E+00  4.49149E+00  4.49679E+00  3.81529E-04  7.26443E-03
-1.60206E+00  2.03793E+01  5.96362E+00  4.62171E+00  4.62484E+00  4.62768E+00  4.63080E+00  2.75173E-04  6.44503E-03
-1.60206E+00  2.03793E+01  7.54312E+00  4.71789E+00  4.71870E+00  4.72324E+00  4.72405E+00  1.98338E-04  5.71806E-03
-1.60206E+00  2.03793E+01  9.54095E+00  4.80905E+00  4.81006E+00  4.81384E+00  4.81485E+00  1.42869E-04  5.07310E-03
-1.60206E+00  2.03793E+01  1.20679E+01  4.91449E+00  4.92244E+00  4.91877E+00  4.92672E+00  1.02854E-04  4.50088E-03
-1.60206E+00  2.03793E+01  1.52642E+01  5.09972E+00  5.11182E+00  5.10353E+00  5.11562E+00  7.40053E-05  3.99322E-03
-1.60206E+00  2.03793E+01  1.93070E+01  5.21738E+00  5.22781E+00  5.22078E+00  5.23121E+00  5.32199E-05  3.54281E-03
-1.60206E+00  2.03793E+01  2.44205E+01  5.32651E+00  5.33171E+00  5.32954E+00  5.33474E+00  3.82531E-05  3.14321E-03
-1.60206E+00  2.03793E+01  3.08884E+01  5.43181E+00  5.43301E+00  5.43451E+00  5.43571E+00  2.74820E-05  2.78868E-03
-1.60206E+00  2.03793E+01  3.90694E+01  5.58299E+00  5.58311E+00  5.58539E+00  5.58551E+00  1.97346E-05  2.47414E-03
-1.60206E+00  2.03793E+01  4.94171E+01  5.67054E+00  5.67250E+00  5.67268E+00  5.67464E+00  1.41650E-05  2.19507E-03
-1.60206E+00  2.03793E+01  6.25055E+01  5.75527E+00  5.76073E+00  5.75717E+00  5.76263E+00  1.01630E-05  1.94749E-03
-1.60206E+00  2.03793E+01  7.90604E+01  5.87373E+00  5.88058E+00  5.87543E+00  5.88228E+00  7.28867E-06  1.72783E-03
-1.60206E+00  2.03793E+01  1.00000E+02  5.99522E+00  6.00079E+00  5.99673E+00  6.00229E+00  5.22522E-06  1.53294E-03
# T =  0  2.50000E-02
# D =  5  5.29832E+20
-1.60206E+00  2.07241E+01  1.00000E-03  4.48963E-52  4.51813E-52  1.78769E-01  1.78769E-01  5.96355E-02  1.78769E-01
-1.60206E+00  2.07241E+01  1.26486E-03  6.48898E-38  6.55010E-38  1.94895E-01  1.94895E-01  8.39202E-02  1.94895E-01
-1.60206E+00  2.07241E+01  1.59986E-03  2.50485E-26  2.53961E-26  2.06514E-01  2.06514E-01  1.15460E-01  2.06514E-01
-1.60206E+00  2.07241E+01  2.02359E-03  6.29178E-17  6.42216E-17  2.14128E-01  2.14128E-01  1.55291E-01  2.14128E-01
-1.60206E+00  2.07241E+01  2.55955E-03  1.68948E-09  1.74482E-09  2.18462E-01  2.18462E-01  2.04101E-01  2.18462E-01
-1.60206E+00  2.07241E+01  3.23746E-03  4.59435E-04  4.89922E-04  2.19691E-01  2.19707E-01  2.61893E-01  2.19455E-01
-1.60206E+00  2.07241E+01  4.09492E-03  4.50309E-02  4.91391E-02  2.43240E-01  2.45854E-01  3.27427E-01  2.15697E-01
-1.60206E+00  2.07241E+01  5.17947E-03  2.43893E-01  2.61632E-01  3.76745E-01  3.89584E-01  3.97406E-01  2.07273E-01
-1.60206E+00  2.07241E+01  6.55129E-03  6.37496E-01  6.60061E-01  6.82227E-01  7.00488E-01  4.65603E-01  1.94140E-01
-1.60206E+00  2.07241E+01  8.28643E-03  1.03306E+00  1.04899E+00  1.02659E+00  1.04090E+00  5.22604E-01  1.75433E-01
-1.60206E+00  2.07241E+01  1.04811E-02  1.33266E+00  1.34698E+00  1.31041E+00  1.32396E+00  5.57294E-01  1.52195E-01
-1.60206E+00  2.07241E+01  1.32571E-02  1.60195E+00  1.61660E+00  1.57731E+00  1.59152E+00  5.60733E-01  1.30395E-01
-1.60206E+00  2.07241E+01  1.67683E-02  1.82793E+00  1.84439E+00  1.80951E+00  1.82581E+00  5.30805E-01  1.13899E-01
-1.60206E+00  2.07241E+01  2.12095E-02  1.95165E+00  1.96798E+00  1.94229E+00  1.95853E+00  4.73962E-01  1.00552E-01
-1.60206E+00  2.07241E+01  2.68270E-02  2.07303E+00  2.08610E+00  2.07085E+00  2.08385E+00  4.02163E-01  8.81115E-02
-1.60206E+00  2.07241E+01  3.39322E-02  2.19357E+00  2.20983E+00  2.19666E+00  2.21289E+00  3.27513E-01  7.66606E-02
-1.60206E+00  2.07241E+01  4.29193E-02  2.31267E+00  2.32884E+00  2.31965E+00  2.33581E+00  2.58566E-01  6.65265E-02
-1.60206E+00  2.07241E+01  5.42868E-02  2.43174E+00  2.44815E+00  2.44117E+00  2.45757E+00  1.99594E-01  5.74016E-02
-1.60206E+00  2.07241E+01  6.86649E-02  2.55041E+00  2.56824E+00  2.56167E+00  2.57950E+00  1.51639E-01  4.97673E-02
-1.60206E+00  2.07241E+01  8.68511E-02  2.66735E+00  2.68362E+00  2.68370E+00  2.69996E+00  1.13922E-01  4.71186E-02
-1.60206E+00  2.07241E+01  1.09854E-01  2.78508E+00  2.80530E+00  2.80669E+00  2.82691E+00  8.49090E-02  4.61813E-02
-1.60206E+00  2.07241E+01  1.38950E-01  2.90222E+00  2.92126E+00  2.92642E+00  2.94545E+00  6.29224E-02  4.37669E-02
-1.60206E+00  2.07241E+01  1.75751E-01  3.01809E+00  3.04024E+00  3.04140E+00  3.06355E+00  4.64300E-02  3.88326E-02
-1.60206E+00  2.07241E+01  2.22300E-01  3.13695E+00  3.15749E+00  3.15904E+00  3.17958E+00  3.41480E-02  3.44428E-02
-1.60206E+00  2.07241E+01  2.81177E-01  3.26016E+00  3.28288E+00  3.28085E+00  3.30357E+00  2.50491E-02  3.05507E-02
-1.60206E+00  2.07241E+01  3.55648E-01  3.37105E+00  3.39040E+00  3.39043E+00  3.40979E+00  1.83350E-02  2.70994E-02
-1.60206E+00  2.07241E+01  4.49843E-01  3.49499E+00  3.51023E+00  3.51289E+00  3.52813E+00  1.33959E-02  2.40387E-02
-1.60206E+00  2.07241E+01  5.68987E-01  3.62707E+00  3.63722E+00  3.64347E+00  3.65361E+00  9.77161E-03  2.13242E-02
-1.60206E+00  2.07241E+01  7.19686E-01  3.73988E+00  3.74626E+00  3.75494E+00  3.76132E+00  7.11775E-03  1.89165E-02
-1.60206E+00  2.07241E+01  9.10298E-01  3.84991E+00  3.85181E+00  3.86367E+00  3.86557E+00  5.17799E-03  1.67809E-02
-1.60206E+00  2.07241E+01  1.15140E+00  3.96799E+00  3.97740E+00  3.98048E+00  3.98989E+00  3.76243E-03  1.48866E-02
-1.60206E+00  2.07241E+01  1.45635E+00  4.10240E+00  4.11390E+00  4.11366E+00  4.12516E+00  2.73089E-03  1.32063E-02
-1.60206E+00  2.07241E+01  1.84207E+00  4.19711E+00  4.21015E+00  4.20732E+00  4.22037E+00  1.98017E-03  1.17157E-02
-1.60206E+00  2.07241E+01  2.32995E+00  4.32380E+00  4.33393E+00  4.33299E+00  4.34311E+00  1.43447E-03  1.03934E-02
-1.60206E+00  2.07241E+01  2.94705E+00  4.42026E+00  4.43608E+00  4.42855E+00  4.44437E+00  1.03824E-03  9.22038E-03
-1.60206E+00  2.07241E+01  3.72759E+00  4.53321E+00  4.54870E+00  4.54066E+00  4.55615E+00  7.50828E-04  8.17979E-03
-1.60206E+00  2.07241E+01  4.71487E+00  4.69157E+00  4.70478E+00  4.69822E+00  4.71143E+00  5.42557E-04  7.25665E-03
-1.60206E+00  2.07241E+01  5.96362E+00  4.78953E+00  4.79938E+00  4.79549E+00  4.80535E+00  3.91768E-04  6.43771E-03
-1.60206E+00  2.07241E+01  7.54312E+00  4.89143E+00  4.89774E+00  4.89677E+00  4.90309E+00  2.82688E-04  5.71120E-03
-1.60206E+00  2.07241E+01  9.54095E+00  5.02997E+00  5.03309E+00  5.03475E+00  5.03786E+00  2.03844E-04  5.06668E-03
-1.60206E+00  2.07241E+01  1.20679E+01  5.12775E+00  5.12552E+00  5.13202E+00  5.12979E+00  1.46897E-04  4.49491E-03
-1.60206E+00  2.07241E+01  1.52642E+01  5.22370E+00  5.22032E+00  5.22751E+00  5.22414E+00  1.05796E-04  3.98766E-03
-1.60206E+00  2.07241E+01  1.93070E+01  5.38598E+00  5.38384E+00  5.38936E+00  5.38723E+00  7.61506E-05  3.53766E-03
-1.60206E+00  2.07241E+01  2.44205E+01  5.50272E+00  5.50923E+00  5.50574E+00  5.51225E+00  5.47825E-05  3.13844E-03
-1.60206E+00  2.07241E+01  3.08884E+01  5.60460E+00  5.62158E+00  5.60729E+00  5.62427E+00  3.93898E-05  2.78427E-03
-1.60206E+00  2.07241E+01  3.90694E+01  5.70776E+00  5.73403E+00  5.71016E+00  5.73643E+00  2.83081E-05  2.47007E-03
-1.60206E+00  2.07241E+01  4.94171E+01  5.82554E+00  5.85796E+00  5.82768E+00  5.86010E+00  2.03343E-05  2.19133E-03
-1.60206E+00  2.07241E+01  6.25055E+01  5.96415E+00  6.00223E+00  5.96605E+00  6.00413E+00  1.45999E-05  1.94405E-03
-1.60206E+00  2.07241E+01  7.90604E+01  6.06426E+00  6.10240E+00  6.06595E+00  6.10409E+00  1.04780E-05  1.72467E-03
-1.60206E+00  2.07241E+01  1.00000E+02  6.16593E+00  6.20636E+00  6.16743E+00  6.20786E+00  7.51671E-06  1.53004E-03
# T =  0  2.50000E-02
# D =  6  1.17210E+21
-1.60206E+00  2.10690E+01  1.00000E-03  1.62942E-49  1.65251E-49  1.24219E-01  1.24219E-01  3.67213E-02  1.24219E-01
-1.60206E+00  2.10690E+01  1.26486E-03  2.35470E-35  2.40433E-35  1.45503E-01  1.45503E-01  5.37049E-02  1.45503E-01
-1.60206E+00  2.10690E+01  1.59986E-03  9.05022E-24  9.33334E-24  1.64437E-01  1.64437E-01  7.66975E-02  1.64437E-01
-1.60206E+00  2.10690E+01  2.02359E-03  2.25287E-14  2.35974E-14  1.79828E-01  1.79828E-01  1.07021E-01  1.79828E-01
-1.60206E+00  2.10690E+01  2.55955E-03  5.92897E-07  6.39852E-07  1.90782E-01  1.90782E-01  1.45877E-01  1.90781E-01
-1.60206E+00  2.10690E+01  3.23746E-03  6.05269E-03  6.91722E-03  2.00864E-01  2.01373E-01  1.94110E-01  1.97483E-01
-1.60206E+00  2.10690E+01  4.09492E-03  6.49529E-02  7.48757E-02  2.41493E-01  2.48247E-01  2.51841E-01  1.99759E-01
-1.60206E+00  2.10690E+01  5.17947E-03  2.33848E-01  2.64416E-01  3.63544E-01  3.86595E-01  3.17891E-01  1.96001E-01
-1.60206E+00  2.10690E+01  6.55129E-03  5.55860E-01  6.02378E-01  6.19184E-01  6.57277E-01  3.88945E-01  1.86066E-01
-1.60206E+00  2.10690E+01  8.28643E-03  9.71717E-01  1.00883E+00  9.78426E-01  1.01178E+00  4.58659E-01  1.70436E-01
-1.60206E+00  2.10690E+01  1.04811E-02  1.29233E+00  1.32518E+00  1.27946E+00  1.31049E+00  5.17403E-01  1.50481E-01
-1.60206E+00  2.10690E+01  1.32571E-02  1.56984E+00  1.59721E+00  1.55181E+00  1.57834E+00  5.53806E-01  1.29711E-01
-1.60206E+00  2.10690E+01  1.67683E-02  1.83565E+00  1.84892E+00  1.82066E+00  1.83374E+00  5.58722E-01  1.13056E-01
-1.60206E+00  2.10690E+01  2.12095E-02  2.09319E+00  2.09463E+00  2.08571E+00  2.08649E+00  5.29954E-01  9.97967E-02
-1.60206E+00  2.10690E+01  2.68270E-02  2.32590E+00  2.35127E+00  2.31888E+00  2.34970E+00  4.73982E-01  8.76635E-02
-1.60206E+00  2.10690E+01  3.39322E-02  2.50809E+00  2.52921E+00  2.51231E+00  2.53230E+00  4.02803E-01  7.64066E-02
-1.60206E+00  2.10690E+01  4.29193E-02  2.64643E+00  2.66412E+00  2.65396E+00  2.67064E+00  3.28553E-01  6.63608E-02
-1.60206E+00  2.10690E+01  5.42868E-02  2.74969E+00  2.77409E+00  2.75972E+00  2.78367E+00  2.59812E-01  5.73206E-02
-1.60206E+00  2.10690E+01  6.86649E-02  2.89563E+00  2.90741E+00  2.90702E+00  2.91849E+00  2.00890E-01  4.94552E-02
-1.60206E+00  2.10690E+01  8.68511E-02  2.99516E+00  3.00299E+00  3.00724E+00  3.01502E+00  1.52875E-01  4.26242E-02
-1.60206E+00  2.10690E+01  1.09854E-01  3.11250E+00  3.12117E+00  3.12479E+00  3.13342E+00  1.15034E-01  3.67202E-02
-1.60206E+00  2.10690E+01  1.38950E-01  3.21278E+00  3.25341E+00  3.22671E+00  3.26724E+00  8.58686E-02  3.33881E-02
-1.60206E+00  2.10690E+01  1.75751E-01  3.34420E+00  3.36567E+00  3.36234E+00  3.38378E+00  6.37248E-02  3.36327E-02
-1.60206E+00  2.10690E+01  2.22300E-01  3.48956E+00  3.49097E+00  3.51120E+00  3.51261E+00  4.70854E-02  3.39602E-02
-1.60206E+00  2.10690E+01  2.81177E-01  3.60854E+00  3.61176E+00  3.63308E+00  3.63628E+00  3.46733E-02  3.42909E-02
-1.60206E+00  2.10690E+01  3.55648E-01  3.68674E+00  3.73551E+00  3.71360E+00  3.76236E+00  2.54641E-02  3.46246E-02
-1.60206E+00  2.10690E+01  4.49843E-01  3.82649E+00  3.82837E+00  3.85528E+00  3.85715E+00  1.86590E-02  3.49614E-02
-1.60206E+00  2.10690E+01  5.68987E-01  3.92491E+00  3.93630E+00  3.95538E+00  3.96677E+00  1.36463E-02  3.53015E-02
-1.60206E+00  2.10690E+01  7.19686E-01  4.04826E+00  4.06086E+00  4.08004E+00  4.09263E+00  9.96367E-03  3.56447E-02
-1.60206E+00  2.10690E+01  9.10298E-01  4.20065E+00  4.18938E+00  4.23356E+00  4.22230E+00  7.26401E-03  3.59913E-02
-1.60206E+00  2.10690E+01  1.15140E+00  4.28024E+00  4.30438E+00  4.31416E+00  4.33831E+00  5.28871E-03  3.63412E-02
-1.60206E+00  2.10690E+01  1.45635E+00  4.38903E+00  4.42241E+00  4.42385E+00  4.45723E+00  3.84582E-03  3.66945E-02
-1.60206E+00  2.10690E+01  1.84207E+00  4.52009E+00  4.53773E+00  4.55562E+00  4.57325E+00  2.79342E-03  3.70512E-02
-1.60206E+00  2.10690E+01  2.32995E+00  4.65959E+00  4.67637E+00  4.69579E+00  4.71257E+00  2.02688E-03  3.74114E-02
-1.60206E+00  2.10690E+01  2.94705E+00  4.77334E+00  4.77989E+00  4.81017E+00  4.81673E+00  1.46924E-03  3.77750E-02
-1.60206E+00  2.10690E+01  3.72759E+00  4.89619E+00  4.90937E+00  4.93358E+00  4.94677E+00  1.06404E-03  3.81421E-02
-1.60206E+00  2.10690E+01  4.71487E+00  4.99877E+00  5.01020E+00  5.03671E+00  5.04814E+00  7.69921E-04  3.85128E-02
-1.60206E+00  2.10690E+01  5.96362E+00  5.13918E+00  5.15477E+00  5.17759E+00  5.19319E+00  5.56650E-04  3.88871E-02
-1.60206E+00  2.10690E+01  7.54312E+00  5.21249E+00  5.28859E+00  5.25138E+00  5.32748E+00  4.02147E-04  3.92650E-02
-1.60206E+00  2.10690E+01  9.54095E+00  5.32577E+00  5.39962E+00  5.36512E+00  5.43898E+00  2.90316E-04  3.96466E-02
-1.60206E+00  2.10690E+01  1.20679E+01  5.47179E+00  5.46417E+00  5.51160E+00  5.50397E+00  2.09440E-04  4.00319E-02
-1.60206E+00  2.10690E+01  1.52642E+01  5.57776E+00  5.58173E+00  5.61800E+00  5.62197E+00  1.50995E-04  4.04210E-02
-1.60206E+00  2.10690E+01  1.93070E+01  5.67139E+00  5.67569E+00  5.71206E+00  5.71637E+00  1.08792E-04  4.08138E-02
-1.60206E+00  2.10690E+01  2.44205E+01  5.75393E+00  5.77711E+00  5.79503E+00  5.81822E+00  7.83378E-05  4.12104E-02
-1.60206E+00  2.10690E+01  3.08884E+01  5.96163E+00  5.98709E+00  6.00315E+00  6.02861E+00  5.63770E-05  4.16109E-02
-1.60206E+00  2.10690E+01  3.90694E+01  6.05188E+00  6.08346E+00  6.09382E+00  6.12540E+00  4.05508E-05  4.20153E-02
-1.60206E+00  2.10690E+01  4.94171E+01  6.15052E+00  6.18026E+00  6.19288E+00  6.22263E+00  2.91524E-05  4.24236E-02
-1.60206E+00  2.10690E+01  6.25055E+01  6.27552E+00  6.29944E+00  6.31832E+00  6.34223E+00  2.09476E-05  4.28359E-02
-1.60206E+00  2.10690E+01  7.90604E+01  6.44777E+00  6.44147E+00  6.49099E+00  6.48469E+00  1.50449E-05  4.32522E-02
-1.60206E+00  2.10690E+01  1.00000E+02  6.56099E+00  6.54181E+00  6.60463E+00  6.58545E+00  1.08007E-05  4.36725E-02
# T =  0  2.50000E-02
# D =  7  2.59294E+21
-1.60206E+00  2.14138E+01  1.00000E-03  6.09771E-45  6.29158E-45  6.90767E-02  6.90767E-02  2.03739E-02  6.90767E-02
-1.60206E+00  2.14138E+01  1.26486E-03  8.67868E-31  9.09249E-31  8.87091E-02  8.87091E-02  3.11860E-02  8.87091E-02
-1.60206E+00  2.14138E+01  1.59986E-03  3.29335E-19  3.53010E-19  1.08552E-01  1.08552E-01  4.63886E-02  1.08552E-01
-1.60206E+00  2.14138E+01  2.02359E-03  8.00844E-10  8.91892E-10  1.27838E-01  1.27838E-01  6.72793E-02  1.27838E-01
-1.60206E+00  2.14138E+01  2.55955E-03  9.29281E-04  1.11939E-03  1.45543E-01  1.45653E-01  9.52658E-02  1.45041E-01
-1.60206E+00  2.14138E+01  3.23746E-03  1.84444E-02  2.29390E-02  1.69792E-01  1.72815E-01  1.31697E-01  1.58409E-01
-1.60206E+00  2.14138E+01  4.09492E-03  7.87175E-02  9.85044E-02  2.21702E-01  2.36477E-01  1.77604E-01  1.67622E-01
-1.60206E+00  2.14138E+01  5.17947E-03  2.13403E-01  2.63090E-01  3.31850E-01  3.71751E-01  2.33316E-01  1.72074E-01
-1.60206E+00  2.14138E+01  6.55129E-03  4.59513E-01  5.44840E-01  5.38701E-01  6.10590E-01  2.97874E-01  1.70640E-01
-1.60206E+00  2.14138E+01  8.28643E-03  8.34455E-01  9.20257E-01  8.66305E-01  9.42399E-01  3.68202E-01  1.61836E-01
-1.60206E+00  2.14138E+01  1.04811E-02  1.21170E+00  1.26479E+00  1.21366E+00  1.26338E+00  4.38203E-01  1.46576E-01
-1.60206E+00  2.14138E+01  1.32571E-02  1.50718E+00  1.54457E+00  1.50017E+00  1.53604E+00  4.98431E-01  1.28549E-01
-1.60206E+00  2.14138E+01  1.67683E-02  1.77359E+00  1.80347E+00  1.76517E+00  1.79497E+00  5.37503E-01  1.11939E-01
-1.60206E+00  2.14138E+01  2.12095E-02  2.02313E+00  2.05575E+00  2.02141E+00  2.04662E+00  5.45951E-01  9.86948E-02
-1.60206E+00  2.14138E+01  2.68270E-02  2.29519E+00  2.30522E+00  2.29880E+00  2.30533E+00  5.20982E-01  8.70143E-02
-1.60206E+00  2.14138E+01  3.39322E-02  2.51364E+00  2.52643E+00  2.51831E+00  2.52895E+00  4.68442E-01  7.60837E-02
-1.60206E+00  2.14138E+01  4.29193E-02  2.77777E+00  2.77166E+00  2.78745E+00  2.78071E+00  3.99931E-01  6.61618E-02
-1.60206E+00  2.14138E+01  5.42868E-02  3.00443E+00  3.01735E+00  3.01576E+00  3.02806E+00  3.27495E-01  5.72400E-02
-1.60206E+00  2.14138E+01  6.86649E-02  3.23724E+00  3.23936E+00  3.24940E+00  3.25136E+00  2.59846E-01  4.94110E-02
-1.60206E+00  2.14138E+01  8.68511E-02  3.49417E+00  3.50465E+00  3.50685E+00  3.50645E+00  2.01495E-01  4.26076E-02
-1.60206E+00  2.14138E+01  1.09854E-01  3.73573E+00  3.73674E+00  3.74844E+00  3.74931E+00  1.53717E-01  3.67311E-02
-1.60206E+00  2.14138E+01  1.38950E-01  3.97283E+00  3.97234E+00  3.98698E+00  3.98648E+00  1.15920E-01  3.34522E-02
-1.60206E+00  2.14138E+01  1.75751E-01  4.20511E+00  4.22045E+00  4.22337E+00  4.23868E+00  8.66966E-02  3.35903E-02
-1.60206E+00  2.14138E+01  2.22300E-01  4.43379E+00  4.46150E+00  4.45551E+00  4.48320E+00  6.44499E-02  3.39386E-02
-1.60206E+00  2.14138E+01  2.81177E-01  4.63350E+00  4.65685E+00  4.65807E+00  4.68142E+00  4.76949E-02  3.42902E-02
-1.60206E+00  2.14138E+01  3.55648E-01  4.87500E+00  4.90740E+00  4.90193E+00  4.93433E+00  3.51715E-02  3.46452E-02
-1.60206E+00  2.14138E+01  4.49843E-01  5.13398E+00  5.15094E+00  5.16287E+00  5.17626E+00  2.58631E-02  3.50038E-02
-1.60206E+00  2.14138E+01  5.68987E-01  5.36326E+00  5.38473E+00  5.39376E+00  5.41522E+00  1.89736E-02  3.53659E-02
-1.60206E+00  2.14138E+01  7.19686E-01  5.61546E+00  5.65121E+00  5.64734E+00  5.68309E+00  1.38914E-02  3.57316E-02
-1.60206E+00  2.14138E+01  9.10298E-01  5.83821E+00  5.84551E+00  5.87128E+00  5.87858E+00  1.01528E-02  3.61011E-02
-1.60206E+00  2.14138E+01  1.15140E+00  6.08317E+00  6.10791E+00  6.11722E+00  6.14196E+00  7.40874E-03  3.64742E-02
-1.60206E+00  2.14138E+01  1.45635E+00  6.33340E+00  6.35848E+00  6.36833E+00  6.39342E+00  5.39874E-03  3.68512E-02
-1.60206E+00  2.14138E+01  1.84207E+00  6.53785E+00  6.54711E+00  6.57357E+00  6.58284E+00  3.92899E-03  3.72321E-02
-1.60206E+00  2.14138E+01  2.32995E+00  6.78138E+00  6.79852E+00  6.81782E+00  6.83497E+00  2.85598E-03  3.76168E-02
-1.60206E+00  2.14138E+01  2.94705E+00  6.99899E+00  7.04113E+00  7.03603E+00  7.07817E+00  2.07373E-03  3.80055E-02
-1.60206E+00  2.14138E+01  3.72759E+00  7.24636E+00  7.28724E+00  7.28401E+00  7.32488E+00  1.50419E-03  3.83981E-02
-1.60206E+00  2.14138E+01  4.71487E+00  7.45359E+00  7.48397E+00  7.49179E+00  7.52217E+00  1.09003E-03  3.87948E-02
-1.60206E+00  2.14138E+01  5.96362E+00  7.72751E+00  7.74799E+00  7.76624E+00  7.78672E+00  7.89195E-04  3.91956E-02
-1.60206E+00  2.14138E+01  7.54312E+00  7.91585E+00  7.94191E+00  7.95510E+00  7.98116E+00  5.70902E-04  3.96006E-02
-1.60206E+00  2.14138E+01  9.54095E+00  8.21983E+00  8.26930E+00  8.25954E+00  8.30901E+00  4.12659E-04  4.00097E-02
-1.60206E+00  2.14138E+01  1.20679E+01  8.45910E+00  8.46751E+00  8.49929E+00  8.50769E+00  2.98053E-04  4.04230E-02
-1.60206E+00  2.14138E+01  1.52642E+01  8.61932E+00  8.62961E+00  8.65998E+00  8.67027E+00  2.15122E-04  4.08406E-02
-1.60206E+00  2.14138E+01  1.93070E+01  8.91429E+00  8.92499E+00  8.95541E+00  8.96610E+00  1.55161E-04  4.12624E-02
-1.60206E+00  2.14138E+01  2.44205E+01  9.11794E+00  9.13800E+00  9.15951E+00  9.17958E+00  1.11841E-04  4.16887E-02
-1.60206E+00  2.14138E+01  3.08884E+01  9.37148E+00  9.39593E+00  9.41352E+00  9.43796E+00  8.05662E-05  4.21193E-02
-1.60206E+00  2.14138E+01  3.90694E+01  9.54924E+00  9.60012E+00  9.59173E+00  9.64261E+00  5.80031E-05  4.25544E-02
-1.60206E+00  2.14138E+01  4.94171E+01  9.85011E+00  9.88935E+00  9.89304E+00  9.93229E+00  4.17358E-05  4.29940E-02
-1.60206E+00  2.14138E+01  6.25055E+01  1.01017E+01  1.01228E+01  1.01451E+01  1.01662E+01  3.00148E-05  4.34381E-02
-1.60206E+00  2.14138E+01  7.90604E+01  1.02829E+01  1.03286E+01  1.03267E+01  1.03724E+01  2.15746E-05  4.38868E-02
-1.60206E+00  2.14138E+01  1.00000E+02  1.05203E+01  1.05674E+01  1.05647E+01  1.06117E+01  1.55003E-05  4.43402E-02
# T =  0  2.50000E-02
# D =  8  5.73615E+21
-1.60206E+00  2.17586E+01  1.00000E-03  5.87405E-37  6.29917E-37  3.37882E-02  3.37882E-02  1.00337E-02  3.37882E-02
-1.60206E+00  2.17586E+01  1.26486E-03  8.22612E-23  9.13655E-23  4.55863E-02  4.55863E-02  1.63723E-02  4.55863E-02
-1.60206E+00  2.17586E+01  1.59986E-03  3.01402E-11  3.54129E-11  6.03492E-02  6.03492E-02  2.56393E-02  6.03492E-02
-1.60206E+00  2.17586E+01  2.02359E-03  3.96887E-04  5.13747E-04  7.81517E-02  7.82251E-02  3.88598E-02  7.79245E-02
-1.60206E+00  2.17586E+01  2.55955E-03  7.10539E-03  9.63032E-03  1.00764E-01  1.02572E-01  5.72932E-02  9.62552E-02
-1.60206E+00  2.17586E+01  3.23746E-03  2.99010E-02  4.17974E-02  1.34540E-01  1.43942E-01  8.23724E-02  1.13840E-01
-1.60206E+00  2.17586E+01  4.09492E-03  8.17509E-02  1.16215E-01  1.89524E-01  2.18483E-01  1.15554E-01  1.28622E-01
-1.60206E+00  2.17586E+01  5.17947E-03  1.81222E-01  2.52794E-01  2.82970E-01  3.44518E-01  1.58057E-01  1.39547E-01
-1.60206E+00  2.17586E+01  6.55129E-03  3.54329E-01  4.67492E-01  4.39715E-01  5.38237E-01  2.10468E-01  1.45178E-01
-1.60206E+00  2.17586E+01  8.28643E-03  6.33401E-01  7.66123E-01  6.92396E-01  8.09776E-01  2.72154E-01  1.44766E-01
-1.60206E+00  2.17586E+01  1.04811E-02  1.02952E+00  1.12264E+00  1.05572E+00  1.14098E+00  3.40445E-01  1.37415E-01
-1.60206E+00  2.17586E+01  1.32571E-02  1.38258E+00  1.43705E+00  1.39104E+00  1.44300E+00  4.09725E-01  1.24451E-01
-1.60206E+00  2.17586E+01  1.67683E-02  1.66887E+00  1.70827E+00  1.67420E+00  1.71215E+00  4.70998E-01  1.09568E-01
-1.60206E+00  2.17586E+01  2.12095E-02  1.94870E+00  1.98770E+00  1.94854E+00  1.98643E+00  5.13066E-01  9.64676E-02
-1.60206E+00  2.17586E+01  2.68270E-02  2.20190E+00  2.21906E+00  2.20694E+00  2.22136E+00  5.26121E-01  8.54248E-02
-1.60206E+00  2.17586E+01  3.39322E-02  2.42615E+00  2.47095E+00  2.43554E+00  2.47428E+00  5.06491E-01  7.51280E-02
-1.60206E+00  2.17586E+01  4.29193E-02  2.69308E+00  2.71508E+00  2.70365E+00  2.72640E+00  4.58980E-01  6.55181E-02
-1.60206E+00  2.17586E+01  5.42868E-02  2.94216E+00  2.93357E+00  2.95471E+00  2.94602E+00  3.94476E-01  5.68566E-02
-1.60206E+00  2.17586E+01  6.86649E-02  3.15058E+00  3.20509E+00  3.16376E+00  3.21658E+00  3.24826E-01  4.91542E-02
-1.60206E+00  2.17586E+01  8.68511E-02  3.44603E+00  3.44086E+00  3.45649E+00  3.45400E+00  2.58904E-01  4.24360E-02
-1.60206E+00  2.17586E+01  1.09854E-01  3.65979E+00  3.67163E+00  3.67294E+00  3.68464E+00  2.01516E-01  3.66777E-02
-1.60206E+00  2.17586E+01  1.38950E-01  3.90191E+00  3.90503E+00  3.91647E+00  3.91952E+00  1.54210E-01  3.34544E-02
-1.60206E+00  2.17586E+01  1.75751E-01  4.15476E+00  4.14642E+00  4.17302E+00  4.16048E+00  1.16596E-01  3.33923E-02
-1.60206E+00  2.17586E+01  2.22300E-01  4.34109E+00  4.34157E+00  4.36275E+00  4.36322E+00  8.73973E-02  3.37555E-02
-1.60206E+00  2.17586E+01  2.81177E-01  4.59221E+00  4.60267E+00  4.61671E+00  4.62715E+00  6.50975E-02  3.41221E-02
-1.60206E+00  2.17586E+01  3.55648E-01  4.86125E+00  4.84366E+00  4.88805E+00  4.87048E+00  4.82570E-02  3.44923E-02
-1.60206E+00  2.17586E+01  4.49843E-01  5.06361E+00  5.07845E+00  5.09240E+00  5.10722E+00  3.56407E-02  3.48662E-02
-1.60206E+00  2.17586E+01  5.68987E-01  5.35028E+00  5.33171E+00  5.38069E+00  5.36211E+00  2.62444E-02  3.52439E-02
-1.60206E+00  2.17586E+01  7.19686E-01  5.55038E+00  5.53162E+00  5.58217E+00  5.56341E+00  1.92776E-02  3.56255E-02
-1.60206E+00  2.17586E+01  9.10298E-01  5.77707E+00  5.77574E+00  5.81003E+00  5.80870E+00  1.41303E-02  3.60110E-02
-1.60206E+00  2.17586E+01  1.15140E+00  5.99882E+00  5.99024E+00  6.03282E+00  6.02424E+00  1.03383E-02  3.64007E-02
-1.60206E+00  2.17586E+01  1.45635E+00  6.25998E+00  6.26595E+00  6.29488E+00  6.30084E+00  7.55154E-03  3.67944E-02
-1.60206E+00  2.17586E+01  1.84207E+00  6.50073E+00  6.50717E+00  6.53641E+00  6.54285E+00  5.50780E-03  3.71923E-02
-1.60206E+00  2.17586E+01  2.32995E+00  6.72235E+00  6.72840E+00  6.75875E+00  6.76479E+00  4.01175E-03  3.75945E-02
-1.60206E+00  2.17586E+01  2.94705E+00  6.97825E+00  6.97838E+00  7.01531E+00  7.01544E+00  2.91844E-03  3.80009E-02
-1.60206E+00  2.17586E+01  3.72759E+00  7.19744E+00  7.20068E+00  7.23511E+00  7.23836E+00  2.12064E-03  3.84117E-02
-1.60206E+00  2.17586E+01  4.71487E+00  7.47710E+00  7.48603E+00  7.51533E+00  7.52425E+00  1.53929E-03  3.88269E-02
-1.60206E+00  2.17586E+01  5.96362E+00  7.63405E+00  7.64139E+00  7.67283E+00  7.68017E+00  1.11619E-03  3.92466E-02
-1.60206E+00  2.17586E+01  7.54312E+00  7.88351E+00  7.87709E+00  7.92281E+00  7.91639E+00  8.08626E-04  3.96708E-02
-1.60206E+00  2.17586E+01  9.54095E+00  8.12417E+00  8.13408E+00  8.16398E+00  8.17389E+00  5.85296E-04  4.00995E-02
-1.60206E+00  2.17586E+01  1.20679E+01  8.34230E+00  8.35077E+00  8.38261E+00  8.39107E+00  4.23294E-04  4.05329E-02
-1.60206E+00  2.17586E+01  1.52642E+01  8.67269E+00  8.66768E+00  8.71347E+00  8.70846E+00  3.05892E-04  4.09710E-02
-1.60206E+00  2.17586E+01  1.93070E+01  8.84739E+00  8.85727E+00  8.88866E+00  8.89854E+00  2.20888E-04  4.14137E-02
-1.60206E+00  2.17586E+01  2.44205E+01  9.05585E+00  9.07529E+00  9.09759E+00  9.11704E+00  1.59394E-04  4.18613E-02
-1.60206E+00  2.17586E+01  3.08884E+01  9.36895E+00  9.37292E+00  9.41117E+00  9.41514E+00  1.14942E-04  4.23137E-02
-1.60206E+00  2.17586E+01  3.90694E+01  9.54927E+00  9.56065E+00  9.59197E+00  9.60335E+00  8.28350E-05  4.27709E-02
-1.60206E+00  2.17586E+01  4.94171E+01  9.76948E+00  9.77339E+00  9.81266E+00  9.81656E+00  5.96603E-05  4.32332E-02
-1.60206E+00  2.17586E+01  6.25055E+01  1.00941E+01  1.00905E+01  1.01378E+01  1.01342E+01  4.29446E-05  4.37004E-02
-1.60206E+00  2.17586E+01  7.90604E+01  1.03260E+01  1.03203E+01  1.03701E+01  1.03645E+01  3.08953E-05  4.41726E-02
-1.60206E+00  2.17586E+01  1.00000E+02  1.05339E+01  1.05278E+01  1.05785E+01  1.05724E+01  2.22152E-05  4.46499E-02
# T =  0  2.50000E-02
# D =  9  1.26896E+22
-1.60206E+00  2.21034E+01  1.00000E-03  3.57049E-23  4.18412E-23  1.58154E-02  1.58154E-02  4.18341E-03  1.58154E-02
-1.60206E+00  2.21034E+01  1.26486E-03  4.67385E-09  6.00501E-09  2.17934E-02  2.17934E-02  7.54694E-03  2.17934E-02
-1.60206E+00  2.21034E+01  1.59986E-03  4.76426E-04  6.73969E-04  3.00381E-02  3.01835E-02  1.27555E-02  2.97268E-02
-1.60206E+00  2.21034E+01  2.02359E-03  3.93853E-03  5.92838E-03  4.26796E-02  4.43023E-02  2.05208E-02  3.99352E-02
-1.60206E+00  2.21034E+01  2.55955E-03  1.37279E-02  2.15865E-02  6.26971E-02  6.95466E-02  3.17739E-02  5.25749E-02
-1.60206E+00  2.21034E+01  3.23746E-03  3.46007E-02  5.49477E-02  9.42803E-02  1.12514E-01  4.76933E-02  6.74679E-02
-1.60206E+00  2.21034E+01  4.09492E-03  7.35979E-02  1.14842E-01  1.42765E-01  1.80023E-01  6.96801E-02  8.32250E-02
-1.60206E+00  2.21034E+01  5.17947E-03  1.41147E-01  2.12019E-01  2.16599E-01  2.80684E-01  9.92432E-02  9.81255E-02
-1.60206E+00  2.21034E+01  6.55129E-03  2.52646E-01  3.59495E-01  3.28646E-01  4.25312E-01  1.37761E-01  1.09816E-01
-1.60206E+00  2.21034E+01  8.28643E-03  4.30658E-01  5.71754E-01  5.00266E-01  6.28306E-01  1.86090E-01  1.17172E-01
-1.60206E+00  2.21034E+01  1.04811E-02  7.07416E-01  8.61085E-01  7.62732E-01  9.03134E-01  2.43979E-01  1.19197E-01
-1.60206E+00  2.21034E+01  1.32571E-02  1.11372E+00  1.21732E+00  1.14627E+00  1.24276E+00  3.09268E-01  1.14922E-01
-1.60206E+00  2.21034E+01  1.67683E-02  1.47465E+00  1.53625E+00  1.48634E+00  1.55160E+00  3.76962E-01  1.05192E-01
-1.60206E+00  2.21034E+01  2.12095E-02  1.75693E+00  1.81468E+00  1.77076E+00  1.82498E+00  4.38695E-01  9.34208E-02
-1.60206E+00  2.21034E+01  2.68270E-02  2.03570E+00  2.07342E+00  2.04806E+00  2.08564E+00  4.83621E-01  8.29946E-02
-1.60206E+00  2.21034E+01  3.39322E-02  2.30160E+00  2.32069E+00  2.33073E+00  2.33171E+00  5.01657E-01  7.36559E-02
-1.60206E+00  2.21034E+01  4.29193E-02  2.54118E+00  2.58307E+00  2.55673E+00  2.59522E+00  4.88143E-01  6.46754E-02
-1.60206E+00  2.21034E+01  5.42868E-02  2.81040E+00  2.81213E+00  2.82185E+00  2.82063E+00  4.46606E-01  5.63762E-02
-1.60206E+00  2.21034E+01  6.86649E-02  3.03620E+00  3.06842E+00  3.04844E+00  3.08139E+00  3.86991E-01  4.88762E-02
-1.60206E+00  2.21034E+01  8.68511E-02  3.29357E+00  3.29807E+00  3.30479E+00  3.31043E+00  3.20818E-01  4.22658E-02
-1.60206E+00  2.21034E+01  1.09854E-01  3.53198E+00  3.53520E+00  3.54602E+00  3.54900E+00  2.57110E-01  3.67171E-02
-1.60206E+00  2.21034E+01  1.38950E-01  3.77573E+00  3.78741E+00  3.79084E+00  3.80119E+00  2.01003E-01  3.35385E-02
-1.60206E+00  2.21034E+01  1.75751E-01  4.02879E+00  4.02253E+00  4.04718E+00  4.04090E+00  1.54371E-01  3.32235E-02
-1.60206E+00  2.21034E+01  2.22300E-01  4.25604E+00  4.25239E+00  4.27783E+00  4.27410E+00  1.17064E-01  3.36732E-02
-1.60206E+00  2.21034E+01  2.81177E-01  4.50899E+00  4.50149E+00  4.53360E+00  4.52610E+00  8.79685E-02  3.41280E-02
-1.60206E+00  2.21034E+01  3.55648E-01  4.70784E+00  4.69878E+00  4.73484E+00  4.72577E+00  6.56640E-02  3.45880E-02
-1.60206E+00  2.21034E+01  4.49843E-01  4.95762E+00  4.97739E+00  4.98664E+00  5.00641E+00  4.87684E-02  3.50537E-02
-1.60206E+00  2.21034E+01  5.68987E-01  5.18978E+00  5.18971E+00  5.22050E+00  5.22042E+00  3.60783E-02  3.55250E-02
-1.60206E+00  2.21034E+01  7.19686E-01  5.40534E+00  5.39931E+00  5.43753E+00  5.43150E+00  2.66063E-02  3.60023E-02
-1.60206E+00  2.21034E+01  9.10298E-01  5.67512E+00  5.67788E+00  5.70858E+00  5.71133E+00  1.95697E-02  3.64857E-02
-1.60206E+00  2.21034E+01  1.15140E+00  5.93095E+00  5.92946E+00  5.96552E+00  5.96403E+00  1.43620E-02  3.69752E-02
-1.60206E+00  2.21034E+01  1.45635E+00  6.14418E+00  6.14315E+00  6.17974E+00  6.17871E+00  1.05196E-02  3.74712E-02
-1.60206E+00  2.21034E+01  1.84207E+00  6.37354E+00  6.38018E+00  6.41001E+00  6.41665E+00  7.69194E-03  3.79736E-02
-1.60206E+00  2.21034E+01  2.32995E+00  6.61997E+00  6.60243E+00  6.65726E+00  6.63972E+00  5.61557E-03  3.84826E-02
-1.60206E+00  2.21034E+01  2.94705E+00  6.87209E+00  6.86228E+00  6.91013E+00  6.90033E+00  4.09389E-03  3.89983E-02
-1.60206E+00  2.21034E+01  3.72759E+00  7.08755E+00  7.10511E+00  7.12632E+00  7.14388E+00  2.98066E-03  3.95209E-02
-1.60206E+00  2.21034E+01  4.71487E+00  7.33413E+00  7.35727E+00  7.37360E+00  7.39674E+00  2.16753E-03  4.00504E-02
-1.60206E+00  2.21034E+01  5.96362E+00  7.53183E+00  7.54026E+00  7.57195E+00  7.58039E+00  1.57446E-03  4.05869E-02
-1.60206E+00  2.21034E+01  7.54312E+00  7.76955E+00  7.77904E+00  7.81030E+00  7.81980E+00  1.14246E-03  4.11306E-02
-1.60206E+00  2.21034E+01  9.54095E+00  8.01529E+00  8.03842E+00  8.05668E+00  8.07981E+00  8.28190E-04  4.16815E-02
-1.60206E+00  2.21034E+01  1.20679E+01  8.26348E+00  8.26560E+00  8.30549E+00  8.30761E+00  5.99816E-04  4.22397E-02
-1.60206E+00  2.21034E+01  1.52642E+01  8.42600E+00  8.43017E+00  8.46863E+00  8.47280E+00  4.34041E-04  4.28055E-02
-1.60206E+00  2.21034E+01  1.93070E+01  8.69988E+00  8.72406E+00  8.74311E+00  8.76730E+00  3.13827E-04  4.33787E-02
-1.60206E+00  2.21034E+01  2.44205E+01  8.97798E+00  8.98549E+00  9.02182E+00  9.02933E+00  2.26733E-04  4.39597E-02
-1.60206E+00  2.21034E+01  3.08884E+01  9.15049E+00  9.15363E+00  9.19495E+00  9.19808E+00  1.63690E-04  4.45484E-02
-1.60206E+00  2.21034E+01  3.90694E+01  9.43584E+00  9.44023E+00  9.48092E+00  9.48530E+00  1.18094E-04  4.51450E-02
-1.60206E+00  2.21034E+01  4.94171E+01  9.64173E+00  9.64615E+00  9.68742E+00  9.69184E+00  8.51433E-05  4.57495E-02
-1.60206E+00  2.21034E+01  6.25055E+01  9.85503E+00  9.87668E+00  9.90135E+00  9.92300E+00  6.13482E-05  4.63622E-02
-1.60206E+00  2.21034E+01  7.90604E+01  1.01304E+01  1.01446E+01  1.01773E+01  1.01916E+01  4.41769E-05  4.69830E-02
-1.60206E+00  2.21034E+01  1.00000E+02  1.03989E+01  1.04048E+01  1.04464E+01  1.04524E+01  3.17938E-05  4.76122E-02
# T =  0  2.50000E-02
# D = 10  2.80722E+22
-1.60206E+00  2.24483E+01  1.00000E-03  3.62332E-05  5.23737E-05  7.02130E-03  7.03419E-03  1.34729E-03  6.99502E-03
-1.60206E+00  2.24483E+01  1.26486E-03  6.28993E-04  9.83308E-04  1.01493E-02  1.04546E-02  2.86167E-03  9.67482E-03
-1.60206E+00  2.24483E+01  1.59986E-03  2.63914E-03  4.32159E-03  1.53722E-02  1.68972E-02  5.46597E-03  1.33113E-02
-1.60206E+00  2.24483E+01  2.02359E-03  7.23794E-03  1.20409E-02  2.40229E-02  2.85017E-02  9.64207E-03  1.81934E-02
-1.60206E+00  2.24483E+01  2.55955E-03  1.61485E-02  2.67391E-02  3.79962E-02  4.79997E-02  1.60215E-02  2.46260E-02
-1.60206E+00  2.24483E+01  3.23746E-03  3.19183E-02  5.18818E-02  5.99646E-02  7.88849E-02  2.54348E-02  3.28820E-02
-1.60206E+00  2.24483E+01  4.09492E-03  5.83143E-02  9.21769E-02  9.37643E-02  1.25803E-01  3.89553E-02  4.31964E-02
-1.60206E+00  2.24483E+01  5.17947E-03  1.00893E-01  1.53973E-01  1.44759E-01  1.94802E-01  5.79059E-02  5.55526E-02
-1.60206E+00  2.24483E+01  6.55129E-03  1.67871E-01  2.45772E-01  2.19995E-01  2.93206E-01  8.37888E-02  6.89523E-02
-1.60206E+00  2.24483E+01  8.28643E-03  2.71436E-01  3.78843E-01  3.28828E-01  4.29607E-01  1.18090E-01  8.06989E-02
-1.60206E+00  2.24483E+01  1.04811E-02  4.29867E-01  5.67648E-01  4.88448E-01  6.17794E-01  1.61912E-01  8.97798E-02
-1.60206E+00  2.24483E+01  1.32571E-02  6.71490E-01  8.29969E-01  7.26241E-01  8.75369E-01  2.15406E-01  9.53027E-02
-1.60206E+00  2.24483E+01  1.67683E-02  1.04721E+00  1.18470E+00  1.08972E+00  1.21940E+00  2.76971E-01  9.44856E-02
-1.60206E+00  2.24483E+01  2.12095E-02  1.46705E+00  1.53474E+00  1.48804E+00  1.55120E+00  3.42324E-01  8.86138E-02
-1.60206E+00  2.24483E+01  2.68270E-02  1.76862E+00  1.82571E+00  1.79134E+00  1.84525E+00  4.03847E-01  7.97257E-02
-1.60206E+00  2.24483E+01  3.39322E-02  2.05529E+00  2.09403E+00  2.07770E+00  2.11491E+00  4.51194E-01  7.14101E-02
-1.60206E+00  2.24483E+01  4.29193E-02  2.32683E+00  2.35092E+00  2.34529E+00  2.36441E+00  4.74123E-01  6.35585E-02
-1.60206E+00  2.24483E+01  5.42868E-02  2.57917E+00  2.62392E+00  2.59631E+00  2.63471E+00  4.66996E-01  5.58642E-02
-1.60206E+00  2.24483E+01  6.86649E-02  2.85203E+00  2.86350E+00  2.86951E+00  2.87955E+00  4.31950E-01  4.87282E-02
-1.60206E+00  2.24483E+01  8.68511E-02  3.09638E+00  3.09849E+00  3.11262E+00  3.11426E+00  3.77806E-01  4.22988E-02
-1.60206E+00  2.24483E+01  1.09854E-01  3.33402E+00  3.34284E+00  3.34961E+00  3.35776E+00  3.15625E-01  3.70768E-02
-1.60206E+00  2.24483E+01  1.38950E-01  3.58627E+00  3.58220E+00  3.59882E+00  3.59746E+00  2.54523E-01  3.39084E-02
-1.60206E+00  2.24483E+01  1.75751E-01  3.81955E+00  3.83228E+00  3.83832E+00  3.85113E+00  1.99974E-01  3.32126E-02
-1.60206E+00  2.24483E+01  2.22300E-01  4.03529E+00  4.08830E+00  4.05744E+00  4.11031E+00  1.54199E-01  3.37241E-02
-1.60206E+00  2.24483E+01  2.81177E-01  4.29054E+00  4.28880E+00  4.31544E+00  4.31375E+00  1.17320E-01  3.42707E-02
-1.60206E+00  2.24483E+01  3.55648E-01  4.53713E+00  4.53963E+00  4.56450E+00  4.56698E+00  8.84038E-02  3.48245E-02
-1.60206E+00  2.24483E+01  4.49843E-01  4.77727E+00  4.77853E+00  4.80669E+00  4.80795E+00  6.61439E-02  3.53859E-02
-1.60206E+00  2.24483E+01  5.68987E-01  5.00196E+00  4.98256E+00  5.03313E+00  5.01376E+00  4.92249E-02  3.59553E-02
-1.60206E+00  2.24483E+01  7.19686E-01  5.24913E+00  5.24978E+00  5.28188E+00  5.28253E+00  3.64812E-02  3.65330E-02
-1.60206E+00  2.24483E+01  9.10298E-01  5.50358E+00  5.50725E+00  5.53769E+00  5.54135E+00  2.69463E-02  3.71193E-02
-1.60206E+00  2.24483E+01  1.15140E+00  5.71687E+00  5.72228E+00  5.75220E+00  5.75761E+00  1.98483E-02  3.77145E-02
-1.60206E+00  2.24483E+01  1.45635E+00  5.96130E+00  5.96055E+00  5.99773E+00  5.99698E+00  1.45855E-02  3.83187E-02
-1.60206E+00  2.24483E+01  1.84207E+00  6.19490E+00  6.18341E+00  6.23233E+00  6.22084E+00  1.06960E-02  3.89323E-02
-1.60206E+00  2.24483E+01  2.32995E+00  6.42705E+00  6.44367E+00  6.46541E+00  6.48203E+00  7.82946E-03  3.95554E-02
-1.60206E+00  2.24483E+01  2.94705E+00  6.66938E+00  6.65728E+00  6.70863E+00  6.69653E+00  5.72174E-03  4.01882E-02
-1.60206E+00  2.24483E+01  3.72759E+00  6.92364E+00  6.91409E+00  6.96373E+00  6.95418E+00  4.17518E-03  4.08310E-02
-1.60206E+00  2.24483E+01  4.71487E+00  7.11777E+00  7.13066E+00  7.15866E+00  7.17155E+00  3.04249E-03  4.14840E-02
-1.60206E+00  2.24483E+01  5.96362E+00  7.33245E+00  7.33877E+00  7.37414E+00  7.38045E+00  2.21428E-03  4.21472E-02
-1.60206E+00  2.24483E+01  7.54312E+00  7.58570E+00  7.60465E+00  7.62816E+00  7.64711E+00  1.60963E-03  4.28210E-02
-1.60206E+00  2.24483E+01  9.54095E+00  7.83818E+00  7.85985E+00  7.88139E+00  7.90306E+00  1.16882E-03  4.35054E-02
-1.60206E+00  2.24483E+01  1.20679E+01  8.06077E+00  8.05433E+00  8.10474E+00  8.09830E+00  8.47858E-04  4.42008E-02
-1.60206E+00  2.24483E+01  1.52642E+01  8.33793E+00  8.32580E+00  8.38265E+00  8.37053E+00  6.14445E-04  4.49072E-02
-1.60206E+00  2.24483E+01  1.93070E+01  8.56658E+00  8.55345E+00  8.61206E+00  8.59893E+00  4.44889E-04  4.56248E-02
-1.60206E+00  2.24483E+01  2.44205E+01  8.74848E+00  8.74936E+00  8.79473E+00  8.79561E+00  3.21849E-04  4.63539E-02
-1.60206E+00  2.24483E+01  3.08884E+01  9.04974E+00  9.03761E+00  9.09674E+00  9.08461E+00  2.32651E-04  4.70946E-02
-1.60206E+00  2.24483E+01  3.90694E+01  9.25707E+00  9.23996E+00  9.30484E+00  9.28773E+00  1.68046E-04  4.78472E-02
-1.60206E+00  2.24483E+01  4.94171E+01  9.48394E+00  9.47007E+00  9.53250E+00  9.51863E+00  1.21294E-04  4.86117E-02
-1.60206E+00  2.24483E+01  6.25055E+01  9.75389E+00  9.76707E+00  9.80323E+00  9.81641E+00  8.74899E-05  4.93884E-02
-1.60206E+00  2.24483E+01  7.90604E+01  9.95180E+00  9.96541E+00  1.00019E+01  1.00156E+01  6.30659E-05  5.01776E-02
-1.60206E+00  2.24483E+01  1.00000E+02  1.01387E+01  1.01482E+01  1.01896E+01  1.01991E+01  4.54323E-05  5.09793E-02
# T =  0  2.50000E-02
# D = 11  6.21017E+22
-1.60206E+00  2.27931E+01  1.00000E-03  6.23810E-04  1.00538E-03  3.52170E-03  3.87594E-03  2.87389E-04  2.99739E-03
-1.60206E+00  2.27931E+01  1.26486E-03  1.74564E-03  2.85712E-03  5.67964E-03  6.73428E-03  7.95228E-04  4.18615E-03
-1.60206E+00  2.27931E+01  1.59986E-03  3.94108E-03  6.45753E-03  9.24228E-03  1.16636E-02  1.85382E-03  5.81657E-03
-1.60206E+00  2.27931E+01  2.02359E-03  7.84846E-03  1.27517E-02  1.49592E-02  1.97135E-02  3.79689E-03  8.04034E-03
-1.60206E+00  2.27931E+01  2.55955E-03  1.44007E-02  2.30435E-02  2.39135E-02  3.23201E-02  7.05673E-03  1.10593E-02
-1.60206E+00  2.27931E+01  3.23746E-03  2.49628E-02  3.91543E-02  3.76711E-02  5.14739E-02  1.21940E-02  1.51406E-02
-1.60206E+00  2.27931E+01  4.09492E-03  4.15245E-02  6.36228E-02  5.83946E-02  7.98433E-02  1.99435E-02  2.05391E-02
-1.60206E+00  2.27931E+01  5.17947E-03  6.69864E-02  9.99512E-02  8.90727E-02  1.20973E-01  3.12645E-02  2.74387E-02
-1.60206E+00  2.27931E+01  6.55129E-03  1.05586E-01  1.53011E-01  1.34079E-01  1.79832E-01  4.73718E-02  3.60796E-02
-1.60206E+00  2.27931E+01  8.28643E-03  1.63520E-01  2.29466E-01  1.99502E-01  2.62971E-01  6.97081E-02  4.64550E-02
-1.60206E+00  2.27931E+01  1.04811E-02  2.49900E-01  3.38430E-01  2.93947E-01  3.79040E-01  9.98023E-02  5.81360E-02
-1.60206E+00  2.27931E+01  1.32571E-02  3.78276E-01  4.92253E-01  4.28216E-01  5.37769E-01  1.38954E-01  6.84169E-02
-1.60206E+00  2.27931E+01  1.67683E-02  5.69377E-01  7.07709E-01  6.21491E-01  7.54622E-01  1.87693E-01  7.57407E-02
-1.60206E+00  2.27931E+01  2.12095E-02  8.58512E-01  1.00967E+00  9.08914E-01  1.05466E+00  2.44998E-01  7.99290E-02
-1.60206E+00  2.27931E+01  2.68270E-02  1.31263E+00  1.41876E+00  1.37750E+00  1.45286E+00  3.07344E-01  7.85863E-02
-1.60206E+00  2.27931E+01  3.39322E-02  1.69569E+00  1.72423E+00  1.72782E+00  1.75283E+00  3.67953E-01  7.20120E-02
-1.60206E+00  2.27931E+01  4.29193E-02  1.98951E+00  2.01342E+00  2.01525E+00  2.04085E+00  4.17105E-01  6.26900E-02
-1.60206E+00  2.27931E+01  5.42868E-02  2.25498E+00  2.29476E+00  2.27582E+00  2.31705E+00  4.44542E-01  5.44834E-02
-1.60206E+00  2.27931E+01  6.86649E-02  2.53344E+00  2.55663E+00  2.55365E+00  2.57551E+00  4.43743E-01  4.78936E-02
-1.60206E+00  2.27931E+01  8.68511E-02  2.79664E+00  2.79751E+00  2.81521E+00  2.81595E+00  4.15413E-01  4.19700E-02
-1.60206E+00  2.27931E+01  1.09854E-01  3.04516E+00  3.03848E+00  3.06263E+00  3.05584E+00  3.67119E-01  3.71650E-02
-1.60206E+00  2.27931E+01  1.38950E-01  3.28815E+00  3.28417E+00  3.30575E+00  3.30150E+00  3.09328E-01  3.40613E-02
-1.60206E+00  2.27931E+01  1.75751E-01  3.52496E+00  3.53259E+00  3.54210E+00  3.55197E+00  2.51169E-01  3.30309E-02
-1.60206E+00  2.27931E+01  2.22300E-01  3.78647E+00  3.79141E+00  3.80896E+00  3.81387E+00  1.98428E-01  3.35572E-02
-1.60206E+00  2.27931E+01  2.81177E-01  4.01813E+00  4.03515E+00  4.04230E+00  4.06048E+00  1.53686E-01  3.43206E-02
-1.60206E+00  2.27931E+01  3.55648E-01  4.26699E+00  4.27214E+00  4.29485E+00  4.29997E+00  1.17353E-01  3.50974E-02
-1.60206E+00  2.27931E+01  4.49843E-01  4.49562E+00  4.47621E+00  4.52568E+00  4.50627E+00  8.86946E-02  3.58885E-02
-1.60206E+00  2.27931E+01  5.68987E-01  4.74397E+00  4.74500E+00  4.77600E+00  4.77702E+00  6.65305E-02  3.66950E-02
-1.60206E+00  2.27931E+01  7.19686E-01  4.98909E+00  4.98621E+00  5.02287E+00  5.02000E+00  4.96213E-02  3.75174E-02
-1.60206E+00  2.27931E+01  9.10298E-01  5.20102E+00  5.19746E+00  5.23640E+00  5.23284E+00  3.68458E-02  3.83567E-02
-1.60206E+00  2.27931E+01  1.15140E+00  5.43902E+00  5.43828E+00  5.47587E+00  5.47513E+00  2.72621E-02  3.92134E-02
-1.60206E+00  2.27931E+01  1.45635E+00  5.66863E+00  5.66351E+00  5.70683E+00  5.70172E+00  2.01116E-02  4.00882E-02
-1.60206E+00  2.27931E+01  1.84207E+00  5.90260E+00  5.91616E+00  5.94209E+00  5.95565E+00  1.47994E-02  4.09816E-02
-1.60206E+00  2.27931E+01  2.32995E+00  6.15054E+00  6.14148E+00  6.19125E+00  6.18219E+00  1.08666E-02  4.18942E-02
-1.60206E+00  2.27931E+01  2.94705E+00  6.40497E+00  6.39632E+00  6.44685E+00  6.43821E+00  7.96355E-03  4.28266E-02
-1.60206E+00  2.27931E+01  3.72759E+00  6.62088E+00  6.60903E+00  6.66391E+00  6.65206E+00  5.82592E-03  4.37793E-02
-1.60206E+00  2.27931E+01  4.71487E+00  6.87285E+00  6.87813E+00  6.91702E+00  6.92229E+00  4.25539E-03  4.47528E-02
-1.60206E+00  2.27931E+01  5.96362E+00  7.10527E+00  7.10116E+00  7.15055E+00  7.14644E+00  3.10376E-03  4.57477E-02
-1.60206E+00  2.27931E+01  7.54312E+00  7.29525E+00  7.31565E+00  7.34165E+00  7.36204E+00  2.26080E-03  4.67644E-02
-1.60206E+00  2.27931E+01  9.54095E+00  7.57672E+00  7.56878E+00  7.62423E+00  7.61629E+00  1.64475E-03  4.78035E-02
-1.60206E+00  2.27931E+01  1.20679E+01  7.79447E+00  7.79732E+00  7.84310E+00  7.84596E+00  1.19520E-03  4.88656E-02
-1.60206E+00  2.27931E+01  1.52642E+01  8.01469E+00  8.01013E+00  8.06446E+00  8.05989E+00  8.67599E-04  4.99511E-02
-1.60206E+00  2.27931E+01  1.93070E+01  8.28855E+00  8.26593E+00  8.33946E+00  8.31684E+00  6.29162E-04  5.10607E-02
-1.60206E+00  2.27931E+01  2.44205E+01  8.50531E+00  8.52345E+00  8.55739E+00  8.57553E+00  4.55825E-04  5.21948E-02
-1.60206E+00  2.27931E+01  3.08884E+01  8.70850E+00  8.72634E+00  8.76176E+00  8.77961E+00  3.29951E-04  5.33541E-02
-1.60206E+00  2.27931E+01  3.90694E+01  8.97220E+00  8.98171E+00  9.02667E+00  9.03618E+00  2.38638E-04  5.45390E-02
-1.60206E+00  2.27931E+01  4.94171E+01  9.22337E+00  9.23789E+00  9.27906E+00  9.29358E+00  1.72460E-04  5.57502E-02
-1.60206E+00  2.27931E+01  6.25055E+01  9.45965E+00  9.46051E+00  9.51659E+00  9.51745E+00  1.24541E-04  5.69883E-02
-1.60206E+00  2.27931E+01  7.90604E+01  9.63864E+00  9.63563E+00  9.69686E+00  9.69385E+00  8.98737E-05  5.82538E-02
-1.60206E+00  2.27931E+01  1.00000E+02  9.95030E+00  9.95083E+00  1.00098E+01  1.00103E+01  6.48128E-05  5.95474E-02
# T =  0  2.50000E-02
# D = 12  1.37382E+23
-1.60206E+00  2.31379E+01  1.00000E-03  1.03640E-03  1.61046E-03  2.06227E-03  2.61627E-03  3.20238E-05  1.12111E-03
-1.60206E+00  2.31379E+01  1.26486E-03  2.05081E-03  3.18032E-03  3.45660E-03  4.55498E-03  1.34482E-04  1.57883E-03
-1.60206E+00  2.31379E+01  1.59986E-03  3.74865E-03  5.77398E-03  5.67584E-03  7.65545E-03  4.31674E-04  2.21856E-03
-1.60206E+00  2.31379E+01  2.02359E-03  6.47972E-03  9.87776E-03  9.11949E-03  1.24510E-02  1.12672E-03  3.10548E-03
-1.60206E+00  2.31379E+01  2.55955E-03  1.07501E-02  1.61784E-02  1.43531E-02  1.96827E-02  2.51286E-03  4.32005E-03
-1.60206E+00  2.31379E+01  3.23746E-03  1.72902E-02  2.56357E-02  2.21832E-02  3.03784E-02  4.97794E-03  5.96626E-03
-1.60206E+00  2.31379E+01  4.09492E-03  2.71550E-02  3.96018E-02  3.37568E-02  4.59703E-02  9.02241E-03  8.17237E-03
-1.60206E+00  2.31379E+01  5.17947E-03  4.18657E-02  5.99558E-02  5.06863E-02  6.84141E-02  1.52961E-02  1.10744E-02
-1.60206E+00  2.31379E+01  6.55129E-03  6.36179E-02  8.93289E-02  7.52791E-02  1.00436E-01  2.46477E-02  1.48373E-02
-1.60206E+00  2.31379E+01  8.28643E-03  9.55811E-02  1.31369E-01  1.10793E-01  1.45756E-01  3.81704E-02  1.96082E-02
-1.60206E+00  2.31379E+01  1.04811E-02  1.42343E-01  1.91142E-01  1.61834E-01  2.09450E-01  5.72080E-02  2.54616E-02
-1.60206E+00  2.31379E+01  1.32571E-02  2.10557E-01  2.75596E-01  2.34611E-01  2.98036E-01  8.32696E-02  3.20051E-02
-1.60206E+00  2.31379E+01  1.67683E-02  3.09934E-01  3.94319E-01  3.37548E-01  4.19845E-01  1.17780E-01  3.79763E-02
-1.60206E+00  2.31379E+01  2.12095E-02  4.54868E-01  5.60500E-01  4.84708E-01  5.87810E-01  1.61597E-01  4.30403E-02
-1.60206E+00  2.31379E+01  2.68270E-02  6.67546E-01  7.92793E-01  6.97495E-01  8.19919E-01  2.14259E-01  4.63722E-02
-1.60206E+00  2.31379E+01  3.39322E-02  9.88375E-01  1.12366E+00  1.01417E+00  1.14664E+00  2.73023E-01  4.57379E-02
-1.60206E+00  2.31379E+01  4.29193E-02  1.48482E+00  1.54213E+00  1.50059E+00  1.57266E+00  3.32011E-01  4.21580E-02
-1.60206E+00  2.31379E+01  5.42868E-02  1.83151E+00  1.86221E+00  1.84413E+00  1.87467E+00  3.82246E-01  3.70495E-02
-1.60206E+00  2.31379E+01  6.86649E-02  2.13955E+00  2.16511E+00  2.14952E+00  2.17457E+00  4.13620E-01  3.28109E-02
-1.60206E+00  2.31379E+01  8.68511E-02  2.40984E+00  2.44791E+00  2.41091E+00  2.45598E+00  4.18860E-01  2.92319E-02
-1.60206E+00  2.31379E+01  1.09854E-01  2.69735E+00  2.69356E+00  2.70433E+00  2.70064E+00  3.97265E-01  2.62256E-02
-1.60206E+00  2.31379E+01  1.38950E-01  2.94215E+00  2.94379E+00  2.95172E+00  2.95278E+00  3.55057E-01  2.42124E-02
-1.60206E+00  2.31379E+01  1.75751E-01  3.18988E+00  3.20812E+00  3.20077E+00  3.21913E+00  3.01971E-01  2.34669E-02
-1.60206E+00  2.31379E+01  2.22300E-01  3.44983E+00  3.44323E+00  3.46342E+00  3.45677E+00  2.47049E-01  2.38707E-02
-1.60206E+00  2.31379E+01  2.81177E-01  3.69524E+00  3.69244E+00  3.71139E+00  3.70858E+00  1.96354E-01  2.46248E-02
-1.60206E+00  2.31379E+01  3.55648E-01  3.94491E+00  3.94518E+00  3.96339E+00  3.96362E+00  1.52817E-01  2.53984E-02
-1.60206E+00  2.31379E+01  4.49843E-01  4.17014E+00  4.16410E+00  4.19072E+00  4.18466E+00  1.17150E-01  2.61919E-02
-1.60206E+00  2.31379E+01  5.68987E-01  4.42594E+00  4.41869E+00  4.44841E+00  4.44116E+00  8.88302E-02  2.70068E-02
-1.60206E+00  2.31379E+01  7.19686E-01  4.67069E+00  4.65976E+00  4.69489E+00  4.68395E+00  6.68159E-02  2.78442E-02
-1.60206E+00  2.31379E+01  9.10298E-01  4.87799E+00  4.88117E+00  4.90377E+00  4.90694E+00  4.99522E-02  2.87053E-02
-1.60206E+00  2.31379E+01  1.15140E+00  5.13034E+00  5.12457E+00  5.15760E+00  5.15183E+00  3.71682E-02  2.95912E-02
-1.60206E+00  2.31379E+01  1.45635E+00  5.34680E+00  5.34125E+00  5.37545E+00  5.36989E+00  2.75508E-02  3.05029E-02
-1.60206E+00  2.31379E+01  1.84207E+00  5.59610E+00  5.61419E+00  5.62606E+00  5.64416E+00  2.03579E-02  3.14416E-02
-1.60206E+00  2.31379E+01  2.32995E+00  5.81415E+00  5.80463E+00  5.84538E+00  5.83586E+00  1.50027E-02  3.24080E-02
-1.60206E+00  2.31379E+01  2.94705E+00  6.06729E+00  6.05949E+00  6.09976E+00  6.09196E+00  1.10306E-02  3.34034E-02
-1.60206E+00  2.31379E+01  3.72759E+00  6.28777E+00  6.28944E+00  6.32145E+00  6.32312E+00  8.09362E-03  3.44288E-02
-1.60206E+00  2.31379E+01  4.71487E+00  6.54488E+00  6.54522E+00  6.57978E+00  6.58012E+00  5.92773E-03  3.54850E-02
-1.60206E+00  2.31379E+01  5.96362E+00  6.78697E+00  6.77387E+00  6.82308E+00  6.80997E+00  4.33424E-03  3.65732E-02
-1.60206E+00  2.31379E+01  7.54312E+00  7.06046E+00  7.02580E+00  7.09779E+00  7.06313E+00  3.16431E-03  3.76945E-02
-1.60206E+00  2.31379E+01  9.54095E+00  7.25060E+00  7.23694E+00  7.28915E+00  7.27550E+00  2.30695E-03  3.88498E-02
-1.60206E+00  2.31379E+01  1.20679E+01  7.47332E+00  7.47276E+00  7.51313E+00  7.51257E+00  1.67972E-03  4.00403E-02
-1.60206E+00  2.31379E+01  1.52642E+01  7.73005E+00  7.74050E+00  7.77114E+00  7.78159E+00  1.22156E-03  4.12672E-02
-1.60206E+00  2.31379E+01  1.93070E+01  7.93909E+00  7.93104E+00  7.98147E+00  7.97343E+00  8.87379E-04  4.25314E-02
-1.60206E+00  2.31379E+01  2.44205E+01  8.19208E+00  8.18661E+00  8.23580E+00  8.23033E+00  6.43944E-04  4.38342E-02
-1.60206E+00  2.31379E+01  3.08884E+01  8.45800E+00  8.45184E+00  8.50309E+00  8.49693E+00  4.66833E-04  4.51769E-02
-1.60206E+00  2.31379E+01  3.90694E+01  8.66594E+00  8.67117E+00  8.71243E+00  8.71766E+00  3.38123E-04  4.65606E-02
-1.60206E+00  2.31379E+01  4.94171E+01  8.90008E+00  8.89668E+00  8.94801E+00  8.94461E+00  2.44688E-04  4.79866E-02
-1.60206E+00  2.31379E+01  6.25055E+01  9.09584E+00  9.10143E+00  9.14525E+00  9.15084E+00  1.76927E-04  4.94562E-02
-1.60206E+00  2.31379E+01  7.90604E+01  9.41648E+00  9.42996E+00  9.46741E+00  9.48090E+00  1.27832E-04  5.09708E-02
-1.60206E+00  2.31379E+01  1.00000E+02  9.59688E+00  9.59595E+00  9.64938E+00  9.64845E+00  9.22930E-05  5.25317E-02
# T =  0  2.50000E-02
# D = 13  3.03920E+23
-1.60206E+00  2.34828E+01  1.00000E-03  9.93599E-04  1.43806E-03  1.33749E-03  1.77185E-03  1.32058E-06  3.97184E-04
-1.60206E+00  2.34828E+01  1.26486E-03  1.71088E-03  2.46526E-03  2.17670E-03  2.91623E-03  1.04792E-05  5.51418E-04
-1.60206E+00  2.34828E+01  1.59986E-03  2.83121E-03  4.05416E-03  3.46137E-03  4.66296E-03  5.53165E-05  7.62926E-04
-1.60206E+00  2.34828E+01  2.02359E-03  4.54508E-03  6.45914E-03  5.39599E-03  7.27950E-03  2.12122E-04  1.05164E-03
-1.60206E+00  2.34828E+01  2.55955E-03  7.12575E-03  1.00384E-02  8.27174E-03  1.11407E-02  6.34694E-04  1.44363E-03
-1.60206E+00  2.34828E+01  3.23746E-03  1.09649E-02  1.52990E-02  1.25019E-02  1.67729E-02  1.57007E-03  1.97152E-03
-1.60206E+00  2.34828E+01  4.09492E-03  1.66247E-02  2.29515E-02  1.86754E-02  2.49109E-02  3.36229E-03  2.67680E-03
-1.60206E+00  2.34828E+01  5.17947E-03  2.49091E-02  3.39962E-02  2.76282E-02  3.65824E-02  6.45998E-03  3.61033E-03
-1.60206E+00  2.34828E+01  6.55129E-03  3.69720E-02  4.98296E-02  4.05408E-02  5.32055E-02  1.14409E-02  4.82259E-03
-1.60206E+00  2.34828E+01  8.28643E-03  5.44648E-02  7.24058E-02  5.90640E-02  7.67274E-02  1.90544E-02  6.34155E-03
-1.60206E+00  2.34828E+01  1.04811E-02  7.97536E-02  1.04447E-01  8.55361E-02  1.09837E-01  3.02717E-02  8.17188E-03
-1.60206E+00  2.34828E+01  1.32571E-02  1.16228E-01  1.49718E-01  1.23293E-01  1.56240E-01  4.63152E-02  1.02940E-02
-1.60206E+00  2.34828E+01  1.67683E-02  1.68750E-01  2.13445E-01  1.77014E-01  2.20978E-01  6.86224E-02  1.25539E-02
-1.60206E+00  2.34828E+01  2.12095E-02  2.44315E-01  3.02822E-01  2.53338E-01  3.10901E-01  9.86677E-02  1.46192E-02
-1.60206E+00  2.34828E+01  2.68270E-02  3.53033E-01  4.27765E-01  3.62077E-01  4.35647E-01  1.37559E-01  1.61961E-02
-1.60206E+00  2.34828E+01  3.39322E-02  5.09750E-01  6.01990E-01  5.17758E-01  6.08650E-01  1.85341E-01  1.69474E-02
-1.60206E+00  2.34828E+01  4.29193E-02  7.37198E-01  8.45143E-01  7.42791E-01  8.49292E-01  2.40042E-01  1.65046E-02
-1.60206E+00  2.34828E+01  5.42868E-02  1.07846E+00  1.19575E+00  1.08048E+00  1.19643E+00  2.96727E-01  1.49729E-02
-1.60206E+00  2.34828E+01  6.86649E-02  1.57731E+00  1.64867E+00  1.57568E+00  1.64505E+00  3.47271E-01  1.35346E-02
-1.60206E+00  2.34828E+01  8.68511E-02  1.92540E+00  1.95136E+00  1.92033E+00  1.94917E+00  3.81880E-01  1.22802E-02
-1.60206E+00  2.34828E+01  1.09854E-01  2.23187E+00  2.25210E+00  2.22809E+00  2.24907E+00  3.92704E-01  1.11963E-02
-1.60206E+00  2.34828E+01  1.38950E-01  2.50466E+00  2.54472E+00  2.49962E+00  2.54251E+00  3.77708E-01  1.04936E-02
-1.60206E+00  2.34828E+01  1.75751E-01  2.79711E+00  2.80347E+00  2.79619E+00  2.80200E+00  3.41707E-01  1.03191E-02
-1.60206E+00  2.34828E+01  2.22300E-01  3.05000E+00  3.04718E+00  3.05079E+00  3.04860E+00  2.93573E-01  1.06442E-02
-1.60206E+00  2.34828E+01  2.81177E-01  3.30502E+00  3.30001E+00  3.30843E+00  3.30338E+00  2.42156E-01  1.11313E-02
-1.60206E+00  2.34828E+01  3.55648E-01  3.55258E+00  3.55671E+00  3.55779E+00  3.56187E+00  1.93732E-01  1.16378E-02
-1.60206E+00  2.34828E+01  4.49843E-01  3.81817E+00  3.81877E+00  3.82469E+00  3.82563E+00  1.51574E-01  1.21645E-02
-1.60206E+00  2.34828E+01  5.68987E-01  4.02732E+00  4.02962E+00  4.03571E+00  4.03800E+00  1.16695E-01  1.27128E-02
-1.60206E+00  2.34828E+01  7.19686E-01  4.28506E+00  4.28568E+00  4.29483E+00  4.29545E+00  8.87989E-02  1.32840E-02
-1.60206E+00  2.34828E+01  9.10298E-01  4.53067E+00  4.52621E+00  4.54172E+00  4.53725E+00  6.69915E-02  1.38793E-02
-1.60206E+00  2.34828E+01  1.15140E+00  4.75400E+00  4.73964E+00  4.76622E+00  4.75185E+00  5.02114E-02  1.45001E-02
-1.60206E+00  2.34828E+01  1.45635E+00  5.01679E+00  5.00741E+00  5.03011E+00  5.02073E+00  3.74440E-02  1.51476E-02
-1.60206E+00  2.34828E+01  1.84207E+00  5.26303E+00  5.25910E+00  5.27740E+00  5.27346E+00  2.78096E-02  1.58231E-02
-1.60206E+00  2.34828E+01  2.32995E+00  5.47818E+00  5.48604E+00  5.49354E+00  5.50140E+00  2.05849E-02  1.65281E-02
-1.60206E+00  2.34828E+01  2.94705E+00  5.74214E+00  5.73158E+00  5.75847E+00  5.74792E+00  1.51938E-02  1.72639E-02
-1.60206E+00  2.34828E+01  3.72759E+00  5.95934E+00  5.94925E+00  5.97664E+00  5.96655E+00  1.11871E-02  1.80320E-02
-1.60206E+00  2.34828E+01  4.71487E+00  6.21774E+00  6.20737E+00  6.23599E+00  6.22562E+00  8.21904E-03  1.88339E-02
-1.60206E+00  2.34828E+01  5.96362E+00  6.41293E+00  6.40793E+00  6.43213E+00  6.42714E+00  6.02674E-03  1.96712E-02
-1.60206E+00  2.34828E+01  7.54312E+00  6.63891E+00  6.62890E+00  6.65908E+00  6.64908E+00  4.41146E-03  2.05453E-02
-1.60206E+00  2.34828E+01  9.54095E+00  6.90547E+00  6.91040E+00  6.92664E+00  6.93156E+00  3.22394E-03  2.14582E-02
-1.60206E+00  2.34828E+01  1.20679E+01  7.13501E+00  7.13658E+00  7.15720E+00  7.15876E+00  2.35263E-03  2.24113E-02
-1.60206E+00  2.34828E+01  1.52642E+01  7.32779E+00  7.33235E+00  7.35101E+00  7.35558E+00  1.71447E-03  2.34067E-02
-1.60206E+00  2.34828E+01  1.93070E+01  7.60329E+00  7.59501E+00  7.62759E+00  7.61932E+00  1.24785E-03  2.44462E-02
-1.60206E+00  2.34828E+01  2.44205E+01  7.83785E+00  7.83168E+00  7.86327E+00  7.85710E+00  9.07160E-04  2.55317E-02
-1.60206E+00  2.34828E+01  3.08884E+01  8.06041E+00  8.03452E+00  8.08699E+00  8.06110E+00  6.58767E-04  2.66654E-02
-1.60206E+00  2.34828E+01  3.90694E+01  8.33813E+00  8.32411E+00  8.36590E+00  8.35189E+00  4.77898E-04  2.78493E-02
-1.60206E+00  2.34828E+01  4.94171E+01  8.55542E+00  8.54355E+00  8.58445E+00  8.57258E+00  3.46355E-04  2.90857E-02
-1.60206E+00  2.34828E+01  6.25055E+01  8.76264E+00  8.74872E+00  8.79297E+00  8.77905E+00  2.50793E-04  3.03770E-02
-1.60206E+00  2.34828E+01  7.90604E+01  9.01219E+00  9.02719E+00  9.04388E+00  9.05888E+00  1.81443E-04  3.17255E-02
-1.60206E+00  2.34828E+01  1.00000E+02  9.24912E+00  9.24350E+00  9.28222E+00  9.27661E+00  1.31164E-04  3.31339E-02
# T =  0  2.50000E-02
# D = 14  6.72336E+23
-1.60206E+00  2.38276E+01  1.00000E-03  7.43244E-04  1.00215E-03  8.80946E-04  1.13566E-03  1.22826E-08  1.61227E-04
-1.60206E+00  2.38276E+01  1.26486E-03  1.19224E-03  1.60152E-03  1.38134E-03  1.78455E-03  2.52427E-07  2.24838E-04
-1.60206E+00  2.38276E+01  1.59986E-03  1.86861E-03  2.49914E-03  2.12769E-03  2.74950E-03  2.82358E-06  3.12374E-04
-1.60206E+00  2.38276E+01  2.02359E-03  2.87489E-03  3.82625E-03  3.22876E-03  4.16771E-03  1.95349E-05  4.32271E-04
-1.60206E+00  2.38276E+01  2.55955E-03  4.35762E-03  5.76865E-03  4.83944E-03  6.23290E-03  9.25823E-05  5.95880E-04
-1.60206E+00  2.38276E+01  3.23746E-03  6.52628E-03  8.59011E-03  7.17938E-03  9.21836E-03  3.26415E-04  8.17508E-04
-1.60206E+00  2.38276E+01  4.09492E-03  9.68022E-03  1.26620E-02  1.05590E-02  1.35058E-02  9.15454E-04  1.11387E-03
-1.60206E+00  2.38276E+01  5.17947E-03  1.42462E-02  1.85089E-02  1.54175E-02  1.96309E-02  2.15566E-03  1.50482E-03
-1.60206E+00  2.38276E+01  6.55129E-03  2.08337E-02  2.68663E-02  2.23714E-02  2.83350E-02  4.44749E-03  2.00735E-03
-1.60206E+00  2.38276E+01  8.28643E-03  3.03119E-02  3.87695E-02  3.22887E-02  4.06501E-02  8.30794E-03  2.63233E-03
-1.60206E+00  2.38276E+01  1.04811E-02  4.39198E-02  5.56618E-02  4.63928E-02  5.80016E-02  1.44016E-02  3.37956E-03
-1.60206E+00  2.38276E+01  1.32571E-02  6.34240E-02  7.95645E-02  6.64381E-02  8.23961E-02  2.35869E-02  4.25426E-03
-1.60206E+00  2.38276E+01  1.67683E-02  9.13396E-02  1.13278E-01  9.49175E-02  1.16610E-01  3.69584E-02  5.25374E-03
-1.60206E+00  2.38276E+01  2.12095E-02  1.31246E-01  1.60693E-01  1.35222E-01  1.64344E-01  5.58466E-02  6.20888E-03
-1.60206E+00  2.38276E+01  2.68270E-02  1.88239E-01  2.27177E-01  1.92277E-01  2.30796E-01  8.17071E-02  6.96425E-03
-1.60206E+00  2.38276E+01  3.39322E-02  2.69584E-01  3.20132E-01  2.73280E-01  3.23309E-01  1.15807E-01  7.46314E-03
-1.60206E+00  2.38276E+01  4.29193E-02  3.85679E-01  4.49707E-01  3.88374E-01  4.51785E-01  1.58615E-01  7.44391E-03
-1.60206E+00  2.38276E+01  5.42868E-02  5.51608E-01  6.29962E-01  5.52513E-01  6.30175E-01  2.08884E-01  6.76008E-03
-1.60206E+00  2.38276E+01  6.86649E-02  7.90139E-01  8.80997E-01  7.88909E-01  8.79049E-01  2.62638E-01  5.81578E-03
-1.60206E+00  2.38276E+01  8.68511E-02  1.14505E+00  1.24355E+00  1.14193E+00  1.23979E+00  3.12697E-01  5.10968E-03
-1.60206E+00  2.38276E+01  1.09854E-01  1.65519E+00  1.70682E+00  1.65031E+00  1.70180E+00  3.49755E-01  4.70986E-03
-1.60206E+00  2.38276E+01  1.38950E-01  2.01584E+00  2.04045E+00  2.00972E+00  2.03525E+00  3.65578E-01  4.48808E-03
-1.60206E+00  2.38276E+01  1.75751E-01  2.33341E+00  2.33443E+00  2.32949E+00  2.32840E+00  3.56914E-01  4.49130E-03
-1.60206E+00  2.38276E+01  2.22300E-01  2.60484E+00  2.61366E+00  2.60184E+00  2.61074E+00  3.27140E-01  4.71522E-03
-1.60206E+00  2.38276E+01  2.81177E-01  2.86431E+00  2.85868E+00  2.86257E+00  2.85617E+00  2.84148E-01  5.01785E-03
-1.60206E+00  2.38276E+01  3.55648E-01  3.12121E+00  3.15724E+00  3.12087E+00  3.15687E+00  2.36476E-01  5.33808E-03
-1.60206E+00  2.38276E+01  4.49843E-01  3.37517E+00  3.40513E+00  3.37345E+00  3.40599E+00  1.90542E-01  5.67704E-03
-1.60206E+00  2.38276E+01  5.68987E-01  3.62842E+00  3.62895E+00  3.63041E+00  3.63097E+00  1.49935E-01  6.03612E-03
-1.60206E+00  2.38276E+01  7.19686E-01  3.87981E+00  3.89035E+00  3.88101E+00  3.89347E+00  1.15972E-01  6.41674E-03
-1.60206E+00  2.38276E+01  9.10298E-01  4.12932E+00  4.13442E+00  4.13344E+00  4.13854E+00  8.85878E-02  6.82037E-03
-1.60206E+00  2.38276E+01  1.15140E+00  4.38859E+00  4.39474E+00  4.39365E+00  4.39980E+00  6.70479E-02  7.24858E-03
-1.60206E+00  2.38276E+01  1.45635E+00  4.60634E+00  4.59743E+00  4.61227E+00  4.60336E+00  5.03922E-02  7.70298E-03
-1.60206E+00  2.38276E+01  1.84207E+00  4.85267E+00  4.85269E+00  4.85943E+00  4.85945E+00  3.76686E-02  8.18530E-03
-1.60206E+00  2.38276E+01  2.32995E+00  5.07590E+00  5.06832E+00  5.08346E+00  5.07588E+00  2.80352E-02  8.69733E-03
-1.60206E+00  2.38276E+01  2.94705E+00  5.34110E+00  5.34297E+00  5.34943E+00  5.35130E+00  2.07907E-02  9.24099E-03
-1.60206E+00  2.38276E+01  3.72759E+00  5.59691E+00  5.59610E+00  5.60601E+00  5.60519E+00  1.53714E-02  9.81829E-03
-1.60206E+00  2.38276E+01  4.71487E+00  5.81632E+00  5.82365E+00  5.82617E+00  5.83350E+00  1.13349E-02  1.04314E-02
-1.60206E+00  2.38276E+01  5.96362E+00  6.02031E+00  6.01612E+00  6.03093E+00  6.02674E+00  8.33911E-03  1.10825E-02
-1.60206E+00  2.38276E+01  7.54312E+00  6.27276E+00  6.27105E+00  6.28417E+00  6.28246E+00  6.12248E-03  1.17741E-02
-1.60206E+00  2.38276E+01  9.54095E+00  6.49827E+00  6.49759E+00  6.51049E+00  6.50981E+00  4.48672E-03  1.25086E-02
-1.60206E+00  2.38276E+01  1.20679E+01  6.76913E+00  6.75379E+00  6.78219E+00  6.76685E+00  3.28243E-03  1.32889E-02
-1.60206E+00  2.38276E+01  1.52642E+01  6.99373E+00  6.98779E+00  7.00767E+00  7.00172E+00  2.39768E-03  1.41177E-02
-1.60206E+00  2.38276E+01  1.93070E+01  7.19001E+00  7.20549E+00  7.20487E+00  7.22034E+00  1.74890E-03  1.49981E-02
-1.60206E+00  2.38276E+01  2.44205E+01  7.46408E+00  7.47205E+00  7.47990E+00  7.48787E+00  1.27399E-03  1.59333E-02
-1.60206E+00  2.38276E+01  3.08884E+01  7.68900E+00  7.69056E+00  7.70584E+00  7.70740E+00  9.26903E-04  1.69267E-02
-1.60206E+00  2.38276E+01  3.90694E+01  7.90260E+00  7.89484E+00  7.92052E+00  7.91275E+00  6.73605E-04  1.79821E-02
-1.60206E+00  2.38276E+01  4.94171E+01  8.16615E+00  8.18118E+00  8.18519E+00  8.20022E+00  4.89003E-04  1.91031E-02
-1.60206E+00  2.38276E+01  6.25055E+01  8.41801E+00  8.41644E+00  8.43826E+00  8.43669E+00  3.54635E-04  2.02941E-02
-1.60206E+00  2.38276E+01  7.90604E+01  8.61467E+00  8.61609E+00  8.63619E+00  8.63761E+00  2.56947E-04  2.15592E-02
-1.60206E+00  2.38276E+01  1.00000E+02  8.88757E+00  8.89336E+00  8.91044E+00  8.91623E+00  1.86003E-04  2.29032E-02
# T =  0  2.50000E-02
# D = 15  1.48735E+24
-1.60206E+00  2.41724E+01  1.00000E-03  4.84714E-04  6.14593E-04  5.33031E-04  6.61438E-04  1.24544E-11  5.73973E-05
-1.60206E+00  2.41724E+01  1.26486E-03  7.46327E-04  9.43822E-04  8.13008E-04  1.00838E-03  1.05470E-09  8.00897E-05
-1.60206E+00  2.41724E+01  1.59986E-03  1.13234E-03  1.42795E-03  1.22406E-03  1.51664E-03  3.61357E-08  1.11325E-04
-1.60206E+00  2.41724E+01  2.02359E-03  1.69733E-03  2.13404E-03  1.82301E-03  2.25540E-03  6.05407E-07  1.54110E-04
-1.60206E+00  2.41724E+01  2.55955E-03  2.51923E-03  3.15764E-03  2.69070E-03  3.32299E-03  5.76221E-06  2.12416E-04
-1.60206E+00  2.41724E+01  3.23746E-03  3.70920E-03  4.63402E-03  3.94191E-03  4.85810E-03  3.50991E-05  2.91368E-04
-1.60206E+00  2.41724E+01  4.09492E-03  5.42563E-03  6.75467E-03  5.73901E-03  7.05596E-03  1.50532E-04  3.96974E-04
-1.60206E+00  2.41724E+01  5.17947E-03  7.89411E-03  9.79094E-03  8.31139E-03  1.01913E-02  4.91094E-04  5.35806E-04
-1.60206E+00  2.41724E+01  6.55129E-03  1.14360E-02  1.41254E-02  1.19832E-02  1.46491E-02  1.29763E-03  7.14290E-04
-1.60206E+00  2.41724E+01  8.28643E-03  1.65094E-02  2.02979E-02  1.72141E-02  2.09701E-02  2.92030E-03  9.39075E-04
-1.60206E+00  2.41724E+01  1.04811E-02  2.37655E-02  2.90674E-02  2.46541E-02  2.99115E-02  5.82226E-03  1.21527E-03
-1.60206E+00  2.41724E+01  1.32571E-02  3.41302E-02  4.14981E-02  3.52189E-02  4.25263E-02  1.05971E-02  1.54040E-03
-1.60206E+00  2.41724E+01  1.67683E-02  4.89197E-02  5.90799E-02  5.02120E-02  6.02907E-02  1.80053E-02  1.91124E-03
-1.60206E+00  2.41724E+01  2.12095E-02  7.00019E-02  8.38931E-02  7.14468E-02  8.52295E-02  2.90189E-02  2.28424E-03
-1.60206E+00  2.41724E+01  2.68270E-02  1.00024E-01  1.18823E-01  1.01520E-01  1.20177E-01  4.48441E-02  2.62000E-03
-1.60206E+00  2.41724E+01  3.39322E-02  1.42737E-01  1.67869E-01  1.44121E-01  1.69071E-01  6.68656E-02  2.86910E-03
-1.60206E+00  2.41724E+01  4.29193E-02  2.03439E-01  2.36547E-01  2.04451E-01  2.37332E-01  9.64217E-02  2.94062E-03
-1.60206E+00  2.41724E+01  5.42868E-02  2.89629E-01  3.32424E-01  2.89905E-01  3.32426E-01  1.34300E-01  2.73465E-03
-1.60206E+00  2.41724E+01  6.86649E-02  4.11933E-01  4.65889E-01  4.11249E-01  4.64887E-01  1.79897E-01  2.38512E-03
-1.60206E+00  2.41724E+01  8.68511E-02  5.85565E-01  6.51225E-01  5.83935E-01  6.49248E-01  2.30176E-01  2.11488E-03
-1.60206E+00  2.41724E+01  1.09854E-01  8.33087E-01  9.08702E-01  8.30600E-01  9.05864E-01  2.78970E-01  1.97180E-03
-1.60206E+00  2.41724E+01  1.38950E-01  1.19641E+00  1.27674E+00  1.19315E+00  1.27318E+00  3.17636E-01  1.90659E-03
-1.60206E+00  2.41724E+01  1.75751E-01  1.72059E+00  1.76267E+00  1.71665E+00  1.75860E+00  3.37767E-01  1.94384E-03
-1.60206E+00  2.41724E+01  2.22300E-01  2.06936E+00  2.08655E+00  2.06580E+00  2.08296E+00  3.35049E-01  2.08510E-03
-1.60206E+00  2.41724E+01  2.81177E-01  2.39296E+00  2.39867E+00  2.39003E+00  2.39531E+00  3.11428E-01  2.26835E-03
-1.60206E+00  2.41724E+01  3.55648E-01  2.65503E+00  2.69247E+00  2.65231E+00  2.69023E+00  2.73710E-01  2.46662E-03
-1.60206E+00  2.41724E+01  4.49843E-01  2.94948E+00  2.95553E+00  2.94749E+00  2.95409E+00  2.29994E-01  2.68121E-03
-1.60206E+00  2.41724E+01  5.68987E-01  3.20416E+00  3.21181E+00  3.20356E+00  3.21112E+00  1.86762E-01  2.91363E-03
-1.60206E+00  2.41724E+01  7.19686E-01  3.46975E+00  3.46576E+00  3.46994E+00  3.46589E+00  1.47879E-01  3.16546E-03
-1.60206E+00  2.41724E+01  9.10298E-01  3.71979E+00  3.72649E+00  3.72075E+00  3.72745E+00  1.14962E-01  3.43844E-03
-1.60206E+00  2.41724E+01  1.15140E+00  3.98709E+00  3.98722E+00  3.98875E+00  3.98890E+00  8.81834E-02  3.73443E-03
-1.60206E+00  2.41724E+01  1.45635E+00  4.20533E+00  4.19568E+00  4.20770E+00  4.19806E+00  6.69754E-02  4.05545E-03
-1.60206E+00  2.41724E+01  1.84207E+00  4.43920E+00  4.44847E+00  4.44223E+00  4.45151E+00  5.04876E-02  4.40367E-03
-1.60206E+00  2.41724E+01  2.32995E+00  4.72318E+00  4.70885E+00  4.72685E+00  4.71253E+00  3.78372E-02  4.78147E-03
-1.60206E+00  2.41724E+01  2.94705E+00  4.93023E+00  4.92050E+00  4.93453E+00  4.92481E+00  2.82243E-02  5.19138E-03
-1.60206E+00  2.41724E+01  3.72759E+00  5.17034E+00  5.18768E+00  5.17526E+00  5.19260E+00  2.09727E-02  5.63620E-03
-1.60206E+00  2.41724E+01  4.71487E+00  5.39089E+00  5.40623E+00  5.39644E+00  5.41178E+00  1.55337E-02  6.11892E-03
-1.60206E+00  2.41724E+01  5.96362E+00  5.64350E+00  5.65046E+00  5.64969E+00  5.65665E+00  1.14731E-02  6.64280E-03
-1.60206E+00  2.41724E+01  7.54312E+00  5.88056E+00  5.88044E+00  5.88741E+00  5.88729E+00  8.45312E-03  7.21138E-03
-1.60206E+00  2.41724E+01  9.54095E+00  6.12298E+00  6.14291E+00  6.13052E+00  6.15045E+00  6.21447E-03  7.82850E-03
-1.60206E+00  2.41724E+01  1.20679E+01  6.34740E+00  6.37023E+00  6.35567E+00  6.37850E+00  4.55969E-03  8.49832E-03
-1.60206E+00  2.41724E+01  1.52642E+01  6.61041E+00  6.61959E+00  6.61945E+00  6.62863E+00  3.33958E-03  9.22534E-03
-1.60206E+00  2.41724E+01  1.93070E+01  6.80253E+00  6.82064E+00  6.81240E+00  6.83051E+00  2.44195E-03  1.00145E-02
-1.60206E+00  2.41724E+01  2.44205E+01  7.04889E+00  7.06567E+00  7.05964E+00  7.07643E+00  1.78291E-03  1.08711E-02
-1.60206E+00  2.41724E+01  3.08884E+01  7.30310E+00  7.32438E+00  7.31481E+00  7.33609E+00  1.29993E-03  1.18008E-02
-1.60206E+00  2.41724E+01  3.90694E+01  7.52462E+00  7.52100E+00  7.53736E+00  7.53374E+00  9.46561E-04  1.28101E-02
-1.60206E+00  2.41724E+01  4.94171E+01  7.75552E+00  7.75265E+00  7.76937E+00  7.76650E+00  6.88427E-04  1.39056E-02
-1.60206E+00  2.41724E+01  6.25055E+01  8.01997E+00  8.03845E+00  8.03502E+00  8.05350E+00  5.00127E-04  1.50948E-02
-1.60206E+00  2.41724E+01  7.90604E+01  8.22854E+00  8.25648E+00  8.24489E+00  8.27283E+00  3.62951E-04  1.63856E-02
-1.60206E+00  2.41724E+01  1.00000E+02  8.47337E+00  8.47991E+00  8.49112E+00  8.49767E+00  2.63141E-04  1.77868E-02
# T =  0  2.50000E-02
# D = 16  3.29034E+24
-1.60206E+00  2.45172E+01  1.00000E-03  2.90470E-04  3.50152E-04  3.01683E-04  3.60910E-04  4.67312E-16  1.44253E-05
-1.60206E+00  2.45172E+01  1.26486E-03  4.35984E-04  5.24660E-04  4.52173E-04  5.40197E-04  3.25407E-13  2.08607E-05
-1.60206E+00  2.45172E+01  1.59986E-03  6.47992E-04  7.78440E-04  6.71317E-04  8.00832E-04  5.89346E-11  3.00791E-05
-1.60206E+00  2.45172E+01  2.02359E-03  9.55137E-04  1.14541E-03  9.88498E-04  1.17744E-03  3.68290E-09  4.30772E-05
-1.60206E+00  2.45172E+01  2.55955E-03  1.39856E-03  1.67422E-03  1.44569E-03  1.71946E-03  9.92311E-08  6.10541E-05
-1.60206E+00  2.45172E+01  3.23746E-03  2.03658E-03  2.43354E-03  2.10223E-03  2.49653E-03  1.37488E-06  8.55298E-05
-1.60206E+00  2.45172E+01  4.09492E-03  2.95225E-03  3.52106E-03  3.04242E-03  3.60749E-03  1.12626E-05  1.18462E-04
-1.60206E+00  2.45172E+01  5.17947E-03  4.26399E-03  5.07529E-03  4.38587E-03  5.19195E-03  6.09550E-05  1.62027E-04
-1.60206E+00  2.45172E+01  6.55129E-03  6.14018E-03  7.29224E-03  6.30226E-03  7.44702E-03  2.38325E-04  2.18819E-04
-1.60206E+00  2.45172E+01  8.28643E-03  8.82049E-03  1.04498E-02  9.03204E-03  1.06512E-02  7.23761E-04  2.91467E-04
-1.60206E+00  2.45172E+01  1.04811E-02  1.26455E-02  1.49396E-02  1.29164E-02  1.51966E-02  1.81037E-03  3.82946E-04
-1.60206E+00  2.45172E+01  1.32571E-02  1.80993E-02  2.13144E-02  1.84376E-02  2.16336E-02  3.90808E-03  4.94555E-04
-1.60206E+00  2.45172E+01  1.67683E-02  2.58699E-02  3.03526E-02  2.62716E-02  3.07285E-02  7.54961E-03  6.18294E-04
-1.60206E+00  2.45172E+01  2.12095E-02  3.69333E-02  4.31464E-02  3.73943E-02  4.35726E-02  1.34132E-02  7.58901E-04
-1.60206E+00  2.45172E+01  2.68270E-02  5.26731E-02  6.12262E-02  5.31702E-02  6.16771E-02  2.23613E-02  9.03349E-04
-1.60206E+00  2.45172E+01  3.39322E-02  7.50471E-02  8.67248E-02  7.55144E-02  8.71318E-02  3.54740E-02  1.01540E-03
-1.60206E+00  2.45172E+01  4.29193E-02  1.06823E-01  1.22611E-01  1.07180E-01  1.22891E-01  5.40331E-02  1.08740E-03
-1.60206E+00  2.45172E+01  5.42868E-02  1.51901E-01  1.72993E-01  1.52027E-01  1.73021E-01  7.93737E-02  1.08423E-03
-1.60206E+00  2.45172E+01  6.86649E-02  2.15769E-01  2.43519E-01  2.15522E-01  2.43152E-01  1.12494E-01  9.89844E-04
-1.60206E+00  2.45172E+01  8.68511E-02  3.06131E-01  3.41941E-01  3.05454E-01  3.41123E-01  1.53320E-01  8.90140E-04
-1.60206E+00  2.45172E+01  1.09854E-01  4.33809E-01  4.78841E-01  4.32702E-01  4.77575E-01  1.99690E-01  8.36454E-04
-1.60206E+00  2.45172E+01  1.38950E-01  6.14085E-01  6.68697E-01  6.12548E-01  6.66989E-01  2.46495E-01  8.16522E-04
-1.60206E+00  2.45172E+01  1.75751E-01  8.69190E-01  9.31762E-01  8.67257E-01  9.29658E-01  2.85901E-01  8.45261E-04
-1.60206E+00  2.45172E+01  2.22300E-01  1.23805E+00  1.30339E+00  1.23579E+00  1.30097E+00  3.09564E-01  9.25588E-04
-1.60206E+00  2.45172E+01  2.81177E-01  1.76597E+00  1.79016E+00  1.75995E+00  1.78730E+00  3.12295E-01  1.02916E-03
-1.60206E+00  2.45172E+01  3.55648E-01  2.15139E+00  2.15097E+00  2.14911E+00  2.14864E+00  2.94656E-01  1.14373E-03
-1.60206E+00  2.45172E+01  4.49843E-01  2.43673E+00  2.47222E+00  2.43099E+00  2.47030E+00  2.62279E-01  1.27051E-03
-1.60206E+00  2.45172E+01  5.68987E-01  2.73504E+00  2.73827E+00  2.73357E+00  2.73679E+00  2.22700E-01  1.41086E-03
-1.60206E+00  2.45172E+01  7.19686E-01  3.01946E+00  3.00952E+00  3.01848E+00  3.00855E+00  1.82370E-01  1.56631E-03
-1.60206E+00  2.45172E+01  9.10298E-01  3.27539E+00  3.27049E+00  3.27494E+00  3.27004E+00  1.45385E-01  1.73851E-03
-1.60206E+00  2.45172E+01  1.15140E+00  3.53243E+00  3.54450E+00  3.53252E+00  3.54458E+00  1.13648E-01  1.92933E-03
-1.60206E+00  2.45172E+01  1.45635E+00  3.79927E+00  3.79507E+00  3.79987E+00  3.79566E+00  8.75717E-02  2.14082E-03
-1.60206E+00  2.45172E+01  1.84207E+00  4.03415E+00  4.04690E+00  4.03525E+00  4.04797E+00  6.67634E-02  2.37525E-03
-1.60206E+00  2.45172E+01  2.32995E+00  4.30213E+00  4.30831E+00  4.30372E+00  4.30990E+00  5.04903E-02  2.63513E-03
-1.60206E+00  2.45172E+01  2.94705E+00  4.52943E+00  4.52472E+00  4.53150E+00  4.52679E+00  3.79445E-02  2.92326E-03
-1.60206E+00  2.45172E+01  3.72759E+00  4.77510E+00  4.77835E+00  4.77765E+00  4.78091E+00  2.83731E-02  3.24274E-03
-1.60206E+00  2.45172E+01  4.71487E+00  4.97612E+00  4.98302E+00  4.97916E+00  4.98607E+00  2.11286E-02  3.59698E-03
-1.60206E+00  2.45172E+01  5.96362E+00  5.24268E+00  5.23997E+00  5.24622E+00  5.24352E+00  1.56792E-02  3.98981E-03
-1.60206E+00  2.45172E+01  7.54312E+00  5.50724E+00  5.51683E+00  5.51131E+00  5.52090E+00  1.16004E-02  4.42542E-03
-1.60206E+00  2.45172E+01  9.54095E+00  5.71711E+00  5.74673E+00  5.72173E+00  5.75135E+00  8.56027E-03  4.90849E-03
-1.60206E+00  2.45172E+01  1.20679E+01  5.92328E+00  5.93369E+00  5.92850E+00  5.93891E+00  6.30215E-03  5.44421E-03
-1.60206E+00  2.45172E+01  1.52642E+01  6.19201E+00  6.19447E+00  6.19787E+00  6.20033E+00  4.63002E-03  6.03833E-03
-1.60206E+00  2.45172E+01  1.93070E+01  6.42481E+00  6.42064E+00  6.43137E+00  6.42720E+00  3.39512E-03  6.69722E-03
-1.60206E+00  2.45172E+01  2.44205E+01  6.67056E+00  6.68807E+00  6.67788E+00  6.69538E+00  2.48529E-03  7.42794E-03
-1.60206E+00  2.45172E+01  3.08884E+01  6.90990E+00  6.92018E+00  6.91805E+00  6.92833E+00  1.81639E-03  8.23835E-03
-1.60206E+00  2.45172E+01  3.90694E+01  7.09600E+00  7.10649E+00  7.10507E+00  7.11556E+00  1.32558E-03  9.13713E-03
-1.60206E+00  2.45172E+01  4.94171E+01  7.37248E+00  7.38950E+00  7.38256E+00  7.39958E+00  9.66088E-04  1.01339E-02
-1.60206E+00  2.45172E+01  6.25055E+01  7.62764E+00  7.62170E+00  7.63883E+00  7.63290E+00  7.03202E-04  1.12394E-02
-1.60206E+00  2.45172E+01  7.90604E+01  7.81168E+00  7.80919E+00  7.82411E+00  7.82162E+00  5.11250E-04  1.24655E-02
-1.60206E+00  2.45172E+01  1.00000E+02  8.06264E+00  8.08166E+00  8.07644E+00  8.09546E+00  3.71289E-04  1.38253E-02
# T =  0  2.50000E-02
# D = 17  7.27895E+24
-1.60206E+00  2.48621E+01  1.00000E-03  1.64501E-04  1.90445E-04  1.68079E-04  1.93895E-04  0.00000E+00  4.64548E-06
-1.60206E+00  2.48621E+01  1.26486E-03  2.42865E-04  2.80855E-04  2.48077E-04  2.85885E-04  2.63165E-18  6.75257E-06
-1.60206E+00  2.48621E+01  1.59986E-03  3.56157E-04  4.11432E-04  3.63749E-04  4.18764E-04  4.48835E-15  9.80571E-06
-1.60206E+00  2.48621E+01  2.02359E-03  5.19224E-04  5.99198E-04  5.30234E-04  6.09837E-04  1.98732E-12  1.41803E-05
-1.60206E+00  2.48621E+01  2.55955E-03  7.53507E-04  8.68700E-04  7.69344E-04  8.84011E-04  2.51775E-10  2.03665E-05
-1.60206E+00  2.48621E+01  3.23746E-03  1.08918E-03  1.25446E-03  1.11175E-03  1.27628E-03  1.18611E-08  2.90230E-05
-1.60206E+00  2.48621E+01  4.09492E-03  1.56957E-03  1.80591E-03  1.60144E-03  1.83672E-03  2.55605E-07  4.10486E-05
-1.60206E+00  2.48621E+01  5.17947E-03  2.25597E-03  2.59293E-03  2.30057E-03  2.63604E-03  2.96823E-06  5.76362E-05
-1.60206E+00  2.48621E+01  6.55129E-03  3.23578E-03  3.71485E-03  3.29767E-03  3.77466E-03  2.11505E-05  8.03544E-05
-1.60206E+00  2.48621E+01  8.28643E-03  4.63344E-03  5.31272E-03  4.71832E-03  5.39470E-03  1.02580E-04  1.10965E-04
-1.60206E+00  2.48621E+01  1.04811E-02  6.62564E-03  7.58598E-03  6.74000E-03  7.69630E-03  3.68175E-04  1.51107E-04
-1.60206E+00  2.48621E+01  1.32571E-02  9.46360E-03  1.08174E-02  9.61456E-03  1.09628E-02  1.04662E-03  2.02556E-04
-1.60206E+00  2.48621E+01  1.67683E-02  1.35042E-02  1.54063E-02  1.36963E-02  1.55907E-02  2.48910E-03  2.64224E-04
-1.60206E+00  2.48621E+01  2.12095E-02  1.92541E-02  2.19160E-02  1.94907E-02  2.21422E-02  5.17121E-03  3.36984E-04
-1.60206E+00  2.48621E+01  2.68270E-02  2.74322E-02  3.11411E-02  2.77088E-02  3.14037E-02  9.70202E-03  4.15373E-04
-1.60206E+00  2.48621E+01  3.39322E-02  3.90569E-02  4.41967E-02  3.93542E-02  4.44752E-02  1.68507E-02  4.87676E-04
-1.60206E+00  2.48621E+01  4.29193E-02  5.55701E-02  6.26479E-02  5.58560E-02  6.29090E-02  2.75804E-02  5.44698E-04
-1.60206E+00  2.48621E+01  5.42868E-02  7.90092E-02  8.86784E-02  7.92277E-02  8.88649E-02  4.30558E-02  5.66662E-04
-1.60206E+00  2.48621E+01  6.86649E-02  1.12247E-01  1.25329E-01  1.12315E-01  1.25356E-01  6.45566E-02  5.30741E-04
-1.60206E+00  2.48621E+01  8.68511E-02  1.59319E-01  1.76809E-01  1.59164E-01  1.76603E-01  9.31903E-02  4.49596E-04
-1.60206E+00  2.48621E+01  1.09854E-01  2.25883E-01  2.48906E-01  2.25473E-01  2.48434E-01  1.29287E-01  3.67293E-04
-1.60206E+00  2.48621E+01  1.38950E-01  3.19827E-01  3.49536E-01  3.19166E-01  3.48804E-01  1.71458E-01  3.19857E-04
-1.60206E+00  2.48621E+01  1.75751E-01  4.52141E-01  4.89475E-01  4.51219E-01  4.88473E-01  2.15635E-01  2.88155E-04
-1.60206E+00  2.48621E+01  2.22300E-01  6.38165E-01  6.83350E-01  6.36968E-01  6.82068E-01  2.54924E-01  2.60144E-04
-1.60206E+00  2.48621E+01  2.81177E-01  8.99740E-01  9.51351E-01  8.98264E-01  9.49793E-01  2.81279E-01  2.35129E-04
-1.60206E+00  2.48621E+01  3.55648E-01  1.27280E+00  1.32613E+00  1.27106E+00  1.32432E+00  2.88858E-01  2.12725E-04
-1.60206E+00  2.48621E+01  4.49843E-01  1.80707E+00  1.85916E+00  1.80513E+00  1.85717E+00  2.76928E-01  1.92601E-04
-1.60206E+00  2.48621E+01  5.68987E-01  2.18763E+00  2.21696E+00  2.18572E+00  2.21503E+00  2.49890E-01  1.74482E-04
-1.60206E+00  2.48621E+01  7.19686E-01  2.51374E+00  2.50759E+00  2.51195E+00  2.50580E+00  2.14591E-01  1.58140E-04
-1.60206E+00  2.48621E+01  9.10298E-01  2.80352E+00  2.80090E+00  2.80190E+00  2.79927E+00  1.77348E-01  1.43379E-04
-1.60206E+00  2.48621E+01  1.15140E+00  3.05953E+00  3.06837E+00  3.05810E+00  3.06694E+00  1.42432E-01  1.30033E-04
-1.60206E+00  2.48621E+01  1.45635E+00  3.32557E+00  3.37068E+00  3.32435E+00  3.36945E+00  1.12011E-01  1.17955E-04
-1.60206E+00  2.48621E+01  1.84207E+00  3.59305E+00  3.59358E+00  3.59200E+00  3.59254E+00  8.67380E-02  1.07018E-04
-1.60206E+00  2.48621E+01  2.32995E+00  3.85390E+00  3.85602E+00  3.85304E+00  3.85516E+00  6.64013E-02  9.71080E-05
-1.60206E+00  2.48621E+01  2.94705E+00  4.12321E+00  4.11179E+00  4.12250E+00  4.11109E+00  5.03924E-02  8.81252E-05
-1.60206E+00  2.48621E+01  3.72759E+00  4.35802E+00  4.36406E+00  4.35745E+00  4.36349E+00  3.79851E-02  7.99802E-05
-1.60206E+00  2.48621E+01  4.71487E+00  4.58798E+00  4.58044E+00  4.58753E+00  4.57998E+00  2.84780E-02  7.25928E-05
-1.60206E+00  2.48621E+01  5.96362E+00  4.85838E+00  4.84654E+00  4.85802E+00  4.84618E+00  2.12557E-02  6.58912E-05
-1.60206E+00  2.48621E+01  7.54312E+00  5.08806E+00  5.09713E+00  5.08778E+00  5.09684E+00  1.58059E-02  5.98108E-05
-1.60206E+00  2.48621E+01  9.54095E+00  5.31798E+00  5.31828E+00  5.31776E+00  5.31806E+00  1.17157E-02  5.42933E-05
-1.60206E+00  2.48621E+01  1.20679E+01  5.57650E+00  5.56429E+00  5.57633E+00  5.56412E+00  8.65971E-03  4.92861E-05
-1.60206E+00  2.48621E+01  1.52642E+01  5.79912E+00  5.79686E+00  5.79899E+00  5.79673E+00  6.38497E-03  4.47416E-05
-1.60206E+00  2.48621E+01  1.93070E+01  6.05556E+00  6.05300E+00  6.05546E+00  6.05290E+00  4.69732E-03  4.06168E-05
-1.60206E+00  2.48621E+01  2.44205E+01  6.28682E+00  6.28818E+00  6.28675E+00  6.28811E+00  3.44880E-03  3.68727E-05
-1.60206E+00  2.48621E+01  3.08884E+01  6.48277E+00  6.47270E+00  6.48272E+00  6.47265E+00  2.52751E-03  3.34741E-05
-1.60206E+00  2.48621E+01  3.90694E+01  6.74041E+00  6.73627E+00  6.74037E+00  6.73623E+00  1.84922E-03  3.03890E-05
-1.60206E+00  2.48621E+01  4.94171E+01  6.98547E+00  6.96897E+00  6.98545E+00  6.96895E+00  1.35088E-03  2.75884E-05
-1.60206E+00  2.48621E+01  6.25055E+01  7.24712E+00  7.22402E+00  7.24710E+00  7.22400E+00  9.85430E-04  2.50460E-05
-1.60206E+00  2.48621E+01  7.90604E+01  7.43687E+00  7.44413E+00  7.43686E+00  7.44411E+00  7.17894E-04  2.27381E-05
-1.60206E+00  2.48621E+01  1.00000E+02  7.67324E+00  7.68793E+00  7.67323E+00  7.68792E+00  5.22349E-04  2.06428E-05
# T =  0  2.50000E-02
# D = 18  1.61026E+25
-1.60206E+00  2.52069E+01  1.00000E-03  8.95755E-05  1.00440E-04  9.08691E-05  1.01700E-04  0.00000E+00  1.63302E-06
-1.60206E+00  2.52069E+01  1.26486E-03  1.30781E-04  1.46541E-04  1.32552E-04  1.48264E-04  0.00000E+00  2.25828E-06
-1.60206E+00  2.52069E+01  1.59986E-03  1.90015E-04  2.12778E-04  1.92436E-04  2.15131E-04  0.00000E+00  3.11797E-06
-1.60206E+00  2.52069E+01  2.02359E-03  2.74997E-04  3.07759E-04  2.78307E-04  3.10972E-04  2.91648E-17  4.30625E-06
-1.60206E+00  2.52069E+01  2.55955E-03  3.96673E-04  4.43683E-04  4.01213E-04  4.48085E-04  3.70065E-14  5.96046E-06
-1.60206E+00  2.52069E+01  3.23746E-03  5.70577E-04  6.37852E-04  5.76830E-04  6.43910E-04  1.07632E-11  8.27693E-06
-1.60206E+00  2.52069E+01  4.09492E-03  8.19016E-04  9.15097E-04  8.27663E-04  9.23468E-04  9.78130E-10  1.15258E-05
-1.60206E+00  2.52069E+01  5.17947E-03  1.17337E-03  1.31030E-03  1.18539E-03  1.32193E-03  3.54347E-08  1.61042E-05
-1.60206E+00  2.52069E+01  6.55129E-03  1.67874E-03  1.87353E-03  1.69550E-03  1.88975E-03  6.20407E-07  2.25658E-05
-1.60206E+00  2.52069E+01  8.28643E-03  2.39879E-03  2.67544E-03  2.42225E-03  2.69813E-03  6.11391E-06  3.16746E-05
-1.60206E+00  2.52069E+01  1.04811E-02  3.42448E-03  3.81667E-03  3.45697E-03  3.84808E-03  3.82734E-05  4.41029E-05
-1.60206E+00  2.52069E+01  1.32571E-02  4.88483E-03  5.43974E-03  4.92897E-03  5.48237E-03  1.67679E-04  6.05164E-05
-1.60206E+00  2.52069E+01  1.67683E-02  6.96323E-03  7.74670E-03  7.02193E-03  7.80329E-03  5.56036E-04  8.17351E-05
-1.60206E+00  2.52069E+01  2.12095E-02  9.92023E-03  1.10238E-02  9.99486E-03  1.10955E-02  1.48725E-03  1.06925E-04
-1.60206E+00  2.52069E+01  2.68270E-02  1.41258E-02  1.56757E-02  1.42160E-02  1.57618E-02  3.37637E-03  1.35264E-04
-1.60206E+00  2.52069E+01  3.39322E-02  2.01053E-02  2.22748E-02  2.02076E-02  2.23717E-02  6.77045E-03  1.65019E-04
-1.60206E+00  2.52069E+01  4.29193E-02  2.86029E-02  3.16274E-02  2.87080E-02  3.17253E-02  1.23606E-02  1.91632E-04
-1.60206E+00  2.52069E+01  5.42868E-02  4.06727E-02  4.48680E-02  4.07630E-02  4.49486E-02  2.10080E-02  2.08883E-04
-1.60206E+00  2.52069E+01  6.86649E-02  5.78049E-02  6.35892E-02  5.78571E-02  6.36288E-02  3.37618E-02  2.13270E-04
-1.60206E+00  2.52069E+01  8.68511E-02  8.21031E-02  9.00173E-02  8.20837E-02  8.99815E-02  5.18147E-02  1.96856E-04
-1.60206E+00  2.52069E+01  1.09854E-01  1.16528E-01  1.27254E-01  1.16407E-01  1.27112E-01  7.63050E-02  1.65824E-04
-1.60206E+00  2.52069E+01  1.38950E-01  1.65234E-01  1.79598E-01  1.65004E-01  1.79343E-01  1.07840E-01  1.45085E-04
-1.60206E+00  2.52069E+01  1.75751E-01  2.34023E-01  2.52965E-01  2.33672E-01  2.52584E-01  1.45671E-01  1.29883E-04
-1.60206E+00  2.52069E+01  2.22300E-01  3.30953E-01  3.55433E-01  3.30465E-01  3.54909E-01  1.86707E-01  1.15956E-04
-1.60206E+00  2.52069E+01  2.81177E-01  4.67142E-01  4.97933E-01  4.66502E-01  4.97255E-01  2.25075E-01  1.03492E-04
-1.60206E+00  2.52069E+01  3.55648E-01  6.57899E-01  6.95166E-01  6.57100E-01  6.94326E-01  2.53244E-01  9.24711E-05
-1.60206E+00  2.52069E+01  4.49843E-01  9.24654E-01  9.67173E-01  9.23695E-01  9.66175E-01  2.64974E-01  8.26953E-05
-1.60206E+00  2.52069E+01  5.68987E-01  1.30092E+00  1.34467E+00  1.29981E+00  1.34353E+00  2.58378E-01  7.40029E-05
-1.60206E+00  2.52069E+01  7.19686E-01  1.83049E+00  1.87820E+00  1.82922E+00  1.87695E+00  2.36597E-01  6.62590E-05
-1.60206E+00  2.52069E+01  9.10298E-01  2.23994E+00  2.24415E+00  2.23870E+00  2.24293E+00  2.05675E-01  5.93500E-05
-1.60206E+00  2.52069E+01  1.15140E+00  2.55760E+00  2.58095E+00  2.55646E+00  2.57981E+00  1.71683E-01  5.31786E-05
-1.60206E+00  2.52069E+01  1.45635E+00  2.85097E+00  2.85409E+00  2.84994E+00  2.85305E+00  1.39001E-01  4.76611E-05
-1.60206E+00  2.52069E+01  1.84207E+00  3.15926E+00  3.14893E+00  3.15835E+00  3.14801E+00  1.10033E-01  4.27245E-05
-1.60206E+00  2.52069E+01  2.32995E+00  3.42353E+00  3.43075E+00  3.42274E+00  3.42996E+00  8.56679E-02  3.83053E-05
-1.60206E+00  2.52069E+01  2.94705E+00  3.69467E+00  3.69380E+00  3.69399E+00  3.69313E+00  6.58779E-02  3.43475E-05
-1.60206E+00  2.52069E+01  3.72759E+00  3.93311E+00  3.95054E+00  3.93255E+00  3.94997E+00  5.01859E-02  3.08017E-05
-1.60206E+00  2.52069E+01  4.71487E+00  4.17223E+00  4.18206E+00  4.17177E+00  4.18159E+00  3.79531E-02  2.76240E-05
-1.60206E+00  2.52069E+01  5.96362E+00  4.42352E+00  4.41746E+00  4.42314E+00  4.41708E+00  2.85348E-02  2.47757E-05
-1.60206E+00  2.52069E+01  7.54312E+00  4.69181E+00  4.68545E+00  4.69150E+00  4.68515E+00  2.13512E-02  2.22221E-05
-1.60206E+00  2.52069E+01  9.54095E+00  4.91908E+00  4.90714E+00  4.91884E+00  4.90689E+00  1.59120E-02  1.99325E-05
-1.60206E+00  2.52069E+01  1.20679E+01  5.14842E+00  5.16485E+00  5.14822E+00  5.16465E+00  1.18176E-02  1.78793E-05
-1.60206E+00  2.52069E+01  1.52642E+01  5.38409E+00  5.38271E+00  5.38394E+00  5.38255E+00  8.75053E-03  1.60380E-05
-1.60206E+00  2.52069E+01  1.93070E+01  5.63482E+00  5.64604E+00  5.63470E+00  5.64592E+00  6.46231E-03  1.43866E-05
-1.60206E+00  2.52069E+01  2.44205E+01  5.85793E+00  5.85845E+00  5.85783E+00  5.85835E+00  4.76116E-03  1.29055E-05
-1.60206E+00  2.52069E+01  3.08884E+01  6.09939E+00  6.12001E+00  6.09932E+00  6.11993E+00  3.50035E-03  1.15769E-05
-1.60206E+00  2.52069E+01  3.90694E+01  6.35701E+00  6.34836E+00  6.35695E+00  6.34830E+00  2.56843E-03  1.03852E-05
-1.60206E+00  2.52069E+01  4.94171E+01  6.59739E+00  6.62632E+00  6.59734E+00  6.62627E+00  1.88128E-03  9.31629E-06
-1.60206E+00  2.52069E+01  6.25055E+01  6.80457E+00  6.81275E+00  6.80453E+00  6.81272E+00  1.37573E-03  8.35742E-06
-1.60206E+00  2.52069E+01  7.90604E+01  7.02767E+00  7.04569E+00  7.02764E+00  7.04567E+00  1.00453E-03  7.49727E-06
-1.60206E+00  2.52069E+01  1.00000E+02  7.29013E+00  7.31485E+00  7.29011E+00  7.31483E+00  7.32466E-04  6.72568E-06
# T =  0  2.50000E-02
# D = 19  3.56225E+25
-1.60206E+00  2.55517E+01  1.00000E-03  4.74087E-05  5.18389E-05  4.77917E-05  5.22137E-05  0.00000E+00  4.87341E-07
-1.60206E+00  2.55517E+01  1.26486E-03  6.87161E-05  7.51054E-05  6.92417E-05  7.56190E-05  0.00000E+00  6.74765E-07
-1.60206E+00  2.55517E+01  1.59986E-03  9.92045E-05  1.08388E-04  9.99246E-05  1.09091E-04  0.00000E+00  9.33171E-07
-1.60206E+00  2.55517E+01  2.02359E-03  1.42812E-04  1.55981E-04  1.43800E-04  1.56944E-04  0.00000E+00  1.29140E-06
-1.60206E+00  2.55517E+01  2.55955E-03  2.05113E-04  2.23957E-04  2.06471E-04  2.25281E-04  0.00000E+00  1.79120E-06
-1.60206E+00  2.55517E+01  3.23746E-03  2.94100E-04  3.21025E-04  2.95978E-04  3.22854E-04  3.44200E-16  2.49390E-06
-1.60206E+00  2.55517E+01  4.09492E-03  4.20934E-04  4.59342E-04  4.23548E-04  4.61887E-04  2.64935E-13  3.49074E-06
-1.60206E+00  2.55517E+01  5.17947E-03  6.01731E-04  6.56452E-04  6.05403E-04  6.60026E-04  5.21348E-11  4.91763E-06
-1.60206E+00  2.55517E+01  6.55129E-03  8.59412E-04  9.37283E-04  8.64627E-04  9.42359E-04  3.47885E-09  6.98372E-06
-1.60206E+00  2.55517E+01  8.28643E-03  1.22629E-03  1.33698E-03  1.23379E-03  1.34427E-03  9.87201E-08  1.00018E-05
-1.60206E+00  2.55517E+01  1.04811E-02  1.74877E-03  1.90594E-03  1.75958E-03  1.91647E-03  1.42494E-06  1.43644E-05
-1.60206E+00  2.55517E+01  1.32571E-02  2.49233E-03  2.71521E-03  2.50779E-03  2.73028E-03  1.20554E-05  2.04860E-05
-1.60206E+00  2.55517E+01  1.67683E-02  3.55051E-03  3.86617E-03  3.57229E-03  3.88742E-03  6.69159E-05  2.88945E-05
-1.60206E+00  2.55517E+01  2.12095E-02  5.05596E-03  5.50232E-03  5.08605E-03  5.53166E-03  2.66802E-04  4.01082E-05
-1.60206E+00  2.55517E+01  2.68270E-02  7.19725E-03  7.82738E-03  7.23795E-03  7.86704E-03  8.22347E-04  5.47902E-05
-1.60206E+00  2.55517E+01  3.39322E-02  1.02421E-02  1.11298E-02  1.02947E-02  1.11809E-02  2.07940E-03  7.23117E-05
-1.60206E+00  2.55517E+01  4.29193E-02  1.45708E-02  1.58180E-02  1.46343E-02  1.58795E-02  4.52238E-03  9.10986E-05
-1.60206E+00  2.55517E+01  5.42868E-02  2.07225E-02  2.24696E-02  2.07922E-02  2.25366E-02  8.77477E-03  1.07976E-04
-1.60206E+00  2.55517E+01  6.86649E-02  2.94615E-02  3.18995E-02  2.95280E-02  3.19624E-02  1.56119E-02  1.19335E-04
-1.60206E+00  2.55517E+01  8.68511E-02  4.18691E-02  4.52555E-02  4.19155E-02  4.52970E-02  2.59779E-02  1.18707E-04
-1.60206E+00  2.55517E+01  1.09854E-01  5.94751E-02  6.41513E-02  5.94801E-02  6.41500E-02  4.09673E-02  1.03228E-04
-1.60206E+00  2.55517E+01  1.38950E-01  8.44362E-02  9.08462E-02  8.43852E-02  9.07871E-02  6.16942E-02  8.08641E-05
-1.60206E+00  2.55517E+01  1.75751E-01  1.19786E-01  1.28492E-01  1.19674E-01  1.28370E-01  8.89337E-02  6.32804E-05
-1.60206E+00  2.55517E+01  2.22300E-01  1.69777E-01  1.81462E-01  1.69603E-01  1.81276E-01  1.22431E-01  5.40523E-05
-1.60206E+00  2.55517E+01  2.81177E-01  2.40340E-01  2.55786E-01  2.40095E-01  2.55526E-01  1.59966E-01  4.75384E-05
-1.60206E+00  2.55517E+01  3.55648E-01  3.39693E-01  3.59701E-01  3.39367E-01  3.59358E-01  1.96700E-01  4.18674E-05
-1.60206E+00  2.55517E+01  4.49843E-01  4.79119E-01  5.04335E-01  4.78704E-01  5.03902E-01  2.25807E-01  3.69100E-05
-1.60206E+00  2.55517E+01  5.68987E-01  6.74014E-01  7.04576E-01  6.73506E-01  7.04049E-01  2.40917E-01  3.25651E-05
-1.60206E+00  2.55517E+01  7.19686E-01  9.45440E-01  9.80345E-01  9.44839E-01  9.79725E-01  2.39173E-01  2.87493E-05
-1.60206E+00  2.55517E+01  9.10298E-01  1.32466E+00  1.36059E+00  1.32397E+00  1.35988E+00  2.22478E-01  2.53927E-05
-1.60206E+00  2.55517E+01  1.15140E+00  1.87298E+00  1.91001E+00  1.87222E+00  1.90925E+00  1.95974E-01  2.24365E-05
-1.60206E+00  2.55517E+01  1.45635E+00  2.28160E+00  2.28209E+00  2.28085E+00  2.28134E+00  1.65370E-01  1.98303E-05
-1.60206E+00  2.55517E+01  1.84207E+00  2.62387E+00  2.61551E+00  2.62317E+00  2.61481E+00  1.35077E-01  1.75309E-05
-1.60206E+00  2.55517E+01  2.32995E+00  2.92760E+00  2.93100E+00  2.92695E+00  2.93035E+00  1.07698E-01  1.55010E-05
-1.60206E+00  2.55517E+01  2.94705E+00  3.19771E+00  3.20282E+00  3.19714E+00  3.20224E+00  8.43470E-02  1.37080E-05
-1.60206E+00  2.55517E+01  3.72759E+00  3.47169E+00  3.49172E+00  3.47119E+00  3.49122E+00  6.51821E-02  1.21239E-05
-1.60206E+00  2.55517E+01  4.71487E+00  3.73705E+00  3.73902E+00  3.73663E+00  3.73860E+00  4.98624E-02  1.07238E-05
-1.60206E+00  2.55517E+01  5.96362E+00  4.00629E+00  4.00670E+00  4.00593E+00  4.00634E+00  3.78426E-02  9.48602E-06
-1.60206E+00  2.55517E+01  7.54312E+00  4.26711E+00  4.26610E+00  4.26681E+00  4.26580E+00  2.85393E-02  8.39160E-06
-1.60206E+00  2.55517E+01  9.54095E+00  4.49442E+00  4.50009E+00  4.49418E+00  4.49984E+00  2.14121E-02  7.42377E-06
-1.60206E+00  2.55517E+01  1.20679E+01  4.75245E+00  4.74018E+00  4.75226E+00  4.73998E+00  1.59954E-02  6.56779E-06
-1.60206E+00  2.55517E+01  1.52642E+01  4.97321E+00  4.95422E+00  4.97305E+00  4.95406E+00  1.19047E-02  5.81067E-06
-1.60206E+00  2.55517E+01  1.93070E+01  5.21569E+00  5.21727E+00  5.21556E+00  5.21714E+00  8.83179E-03  5.14095E-06
-1.60206E+00  2.55517E+01  2.44205E+01  5.48963E+00  5.49723E+00  5.48953E+00  5.49712E+00  6.53350E-03  4.54849E-06
-1.60206E+00  2.55517E+01  3.08884E+01  5.72688E+00  5.71613E+00  5.72680E+00  5.71605E+00  4.82111E-03  4.02436E-06
-1.60206E+00  2.55517E+01  3.90694E+01  5.92893E+00  5.91580E+00  5.92887E+00  5.91573E+00  3.54945E-03  3.56067E-06
-1.60206E+00  2.55517E+01  4.94171E+01  6.17680E+00  6.17600E+00  6.17675E+00  6.17594E+00  2.60784E-03  3.15043E-06
-1.60206E+00  2.55517E+01  6.25055E+01  6.41623E+00  6.41201E+00  6.41619E+00  6.41197E+00  1.91243E-03  2.78748E-06
-1.60206E+00  2.55517E+01  7.90604E+01  6.67382E+00  6.66570E+00  6.67378E+00  6.66567E+00  1.40005E-03  2.46635E-06
-1.60206E+00  2.55517E+01  1.00000E+02  6.91903E+00  6.88617E+00  6.91900E+00  6.88614E+00  1.02333E-03  2.18223E-06
# T =  0  2.50000E-02
# D = 20  7.88046E+25
-1.60206E+00  2.58966E+01  1.00000E-03  2.45429E-05  2.63143E-05  2.46379E-05  2.64072E-05  0.00000E+00  1.26084E-07
-1.60206E+00  2.58966E+01  1.26486E-03  3.53922E-05  3.79365E-05  3.55329E-05  3.80743E-05  0.00000E+00  1.85227E-07
-1.60206E+00  2.58966E+01  1.59986E-03  5.08878E-05  5.45338E-05  5.10960E-05  5.47379E-05  0.00000E+00  2.71758E-07
-1.60206E+00  2.58966E+01  2.02359E-03  7.29932E-05  7.82079E-05  7.32995E-05  7.85083E-05  0.00000E+00  3.96702E-07
-1.60206E+00  2.58966E+01  2.55955E-03  1.04539E-04  1.11987E-04  1.04984E-04  1.12425E-04  0.00000E+00  5.74421E-07
-1.60206E+00  2.58966E+01  3.23746E-03  1.49512E-04  1.60140E-04  1.50153E-04  1.60770E-04  0.00000E+00  8.24223E-07
-1.60206E+00  2.58966E+01  4.09492E-03  2.13658E-04  2.28811E-04  2.14570E-04  2.29706E-04  3.18445E-18  1.17268E-06
-1.60206E+00  2.58966E+01  5.17947E-03  3.04985E-04  3.26567E-04  3.06268E-04  3.27826E-04  3.40764E-15  1.65393E-06
-1.60206E+00  2.58966E+01  6.55129E-03  4.35022E-04  4.65735E-04  4.36809E-04  4.67488E-04  1.66339E-12  2.31323E-06
-1.60206E+00  2.58966E+01  8.28643E-03  6.20212E-04  6.63891E-04  6.22670E-04  6.66302E-04  2.27637E-10  3.20604E-06
-1.60206E+00  2.58966E+01  1.04811E-02  8.83756E-04  9.45831E-04  8.87114E-04  9.49123E-04  1.13981E-08  4.42000E-06
-1.60206E+00  2.58966E+01  1.32571E-02  1.25878E-03  1.34694E-03  1.26337E-03  1.35142E-03  2.57745E-07  6.08829E-06
-1.60206E+00  2.58966E+01  1.67683E-02  1.79248E-03  1.91756E-03  1.79870E-03  1.92365E-03  3.10900E-06  8.35585E-06
-1.60206E+00  2.58966E+01  2.12095E-02  2.55168E-03  2.72900E-03  2.56024E-03  2.73737E-03  2.28256E-05  1.15742E-05
-1.60206E+00  2.58966E+01  2.68270E-02  3.63158E-03  3.88264E-03  3.64341E-03  3.89421E-03  1.13316E-04  1.60857E-05
-1.60206E+00  2.58966E+01  3.39322E-02  5.16748E-03  5.52256E-03  5.18338E-03  5.53810E-03  4.14045E-04  2.18969E-05
-1.60206E+00  2.58966E+01  4.29193E-02  7.35148E-03  7.85288E-03  7.37183E-03  7.87273E-03  1.19281E-03  2.87889E-05
-1.60206E+00  2.58966E+01  5.42868E-02  1.04565E-02  1.11631E-02  1.04805E-02  1.11864E-02  2.86366E-03  3.58185E-05
-1.60206E+00  2.58966E+01  6.86649E-02  1.48699E-02  1.58635E-02  1.48949E-02  1.58876E-02  5.98510E-03  4.15371E-05
-1.60206E+00  2.58966E+01  8.68511E-02  2.11410E-02  2.25342E-02  2.11630E-02  2.25549E-02  1.12595E-02  4.49778E-05
-1.60206E+00  2.58966E+01  1.09854E-01  3.00481E-02  3.19945E-02  3.00610E-02  3.20056E-02  1.95409E-02  4.45389E-05
-1.60206E+00  2.58966E+01  1.38950E-01  4.26935E-02  4.54009E-02  4.26881E-02  4.53933E-02  3.18279E-02  3.80292E-05
-1.60206E+00  2.58966E+01  1.75751E-01  6.06339E-02  6.43790E-02  6.06058E-02  6.43477E-02  4.91793E-02  3.07336E-05
-1.60206E+00  2.58966E+01  2.22300E-01  8.60655E-02  9.12101E-02  8.60129E-02  9.11535E-02  7.24533E-02  2.64917E-05
-1.60206E+00  2.58966E+01  2.81177E-01  1.22077E-01  1.29080E-01  1.21995E-01  1.28994E-01  1.01753E-01  2.33566E-05
-1.60206E+00  2.58966E+01  3.55648E-01  1.72997E-01  1.82423E-01  1.72880E-01  1.82301E-01  1.35585E-01  2.06199E-05
-1.60206E+00  2.58966E+01  4.49843E-01  2.44859E-01  2.57356E-01  2.44702E-01  2.57192E-01  1.70105E-01  1.82218E-05
-1.60206E+00  2.58966E+01  5.68987E-01  3.46015E-01  3.62254E-01  3.45810E-01  3.62041E-01  1.99319E-01  1.61149E-05
-1.60206E+00  2.58966E+01  7.19686E-01  4.87899E-01  5.08432E-01  4.87642E-01  5.08167E-01  2.16987E-01  1.42602E-05
-1.60206E+00  2.58966E+01  9.10298E-01  6.85966E-01  7.10928E-01  6.85654E-01  7.10607E-01  2.19518E-01  1.26248E-05
-1.60206E+00  2.58966E+01  1.15140E+00  9.61102E-01  9.89690E-01  9.60736E-01  9.89315E-01  2.07641E-01  1.11811E-05
-1.60206E+00  2.58966E+01  1.45635E+00  1.34274E+00  1.37228E+00  1.34232E+00  1.37185E+00  1.85529E-01  9.90532E-06
-1.60206E+00  2.58966E+01  1.84207E+00  1.89558E+00  1.94224E+00  1.89512E+00  1.94178E+00  1.58413E-01  8.77711E-06
-1.60206E+00  2.58966E+01  2.32995E+00  2.31186E+00  2.35850E+00  2.31140E+00  2.35805E+00  1.30648E-01  7.77879E-06
-1.60206E+00  2.58966E+01  2.94705E+00  2.65806E+00  2.66601E+00  2.65763E+00  2.66558E+00  1.04991E-01  6.89499E-06
-1.60206E+00  2.58966E+01  3.72759E+00  2.98105E+00  2.98073E+00  2.98066E+00  2.98033E+00  8.27615E-02  6.11229E-06
-1.60206E+00  2.58966E+01  4.71487E+00  3.27637E+00  3.27498E+00  3.27602E+00  3.27462E+00  6.43025E-02  5.41891E-06
-1.60206E+00  2.58966E+01  5.96362E+00  3.54992E+00  3.55313E+00  3.54961E+00  3.55282E+00  4.94133E-02  4.80452E-06
-1.60206E+00  2.58966E+01  7.54312E+00  3.81547E+00  3.82341E+00  3.81521E+00  3.82314E+00  3.76473E-02  4.26002E-06
-1.60206E+00  2.58966E+01  9.54095E+00  4.05582E+00  4.05524E+00  4.05559E+00  4.05502E+00  2.84871E-02  3.77740E-06
-1.60206E+00  2.58966E+01  1.20679E+01  4.32829E+00  4.33340E+00  4.32811E+00  4.33322E+00  2.14353E-02  3.34956E-06
-1.60206E+00  2.58966E+01  1.52642E+01  4.54603E+00  4.54864E+00  4.54587E+00  4.54849E+00  1.60539E-02  2.97026E-06
-1.60206E+00  2.58966E+01  1.93070E+01  4.82196E+00  4.83157E+00  4.82183E+00  4.83145E+00  1.19755E-02  2.63397E-06
-1.60206E+00  2.58966E+01  2.44205E+01  5.06695E+00  5.06867E+00  5.06685E+00  5.06857E+00  8.90243E-03  2.33580E-06
-1.60206E+00  2.58966E+01  3.08884E+01  5.30192E+00  5.29317E+00  5.30184E+00  5.29309E+00  6.59785E-03  2.07140E-06
-1.60206E+00  2.58966E+01  3.90694E+01  5.53398E+00  5.55527E+00  5.53391E+00  5.55520E+00  4.87668E-03  1.83696E-06
-1.60206E+00  2.58966E+01  4.94171E+01  5.78568E+00  5.78195E+00  5.78563E+00  5.78190E+00  3.59578E-03  1.62906E-06
-1.60206E+00  2.58966E+01  6.25055E+01  6.02420E+00  6.02068E+00  6.02415E+00  6.02064E+00  2.64552E-03  1.44470E-06
-1.60206E+00  2.58966E+01  7.90604E+01  6.26513E+00  6.25338E+00  6.26510E+00  6.25334E+00  1.94252E-03  1.28121E-06
-1.60206E+00  2.58966E+01  1.00000E+02  6.46084E+00  6.46556E+00  6.46082E+00  6.46553E+00  1.42373E-03  1.13623E-06
# T =  0  2.50000E-02
# D = 21  1.74333E+26
-1.60206E+00  2.62414E+01  1.00000E-03  1.25096E-05  1.32077E-05  1.25366E-05  1.32343E-05  0.00000E+00  3.61924E-08
-1.60206E+00  2.62414E+01  1.26486E-03  1.79704E-05  1.89701E-05  1.80106E-05  1.90097E-05  0.00000E+00  5.32763E-08
-1.60206E+00  2.62414E+01  1.59986E-03  2.57512E-05  2.71803E-05  2.58110E-05  2.72392E-05  0.00000E+00  7.83763E-08
-1.60206E+00  2.62414E+01  2.02359E-03  3.68412E-05  3.88816E-05  3.69297E-05  3.89687E-05  0.00000E+00  1.14862E-07
-1.60206E+00  2.62414E+01  2.55955E-03  5.26541E-05  5.55649E-05  5.27838E-05  5.56927E-05  0.00000E+00  1.67267E-07
-1.60206E+00  2.62414E+01  3.23746E-03  7.51857E-05  7.93353E-05  7.53739E-05  7.95208E-05  0.00000E+00  2.41696E-07
-1.60206E+00  2.62414E+01  4.09492E-03  1.07284E-04  1.13196E-04  1.07554E-04  1.13462E-04  0.00000E+00  3.46310E-07
-1.60206E+00  2.62414E+01  5.17947E-03  1.53033E-04  1.61452E-04  1.53416E-04  1.61831E-04  0.00000E+00  4.91830E-07
-1.60206E+00  2.62414E+01  6.55129E-03  2.18106E-04  2.30088E-04  2.18644E-04  2.30618E-04  2.11719E-17  6.92067E-07
-1.60206E+00  2.62414E+01  8.28643E-03  3.10719E-04  3.27763E-04  3.11466E-04  3.28498E-04  2.90288E-14  9.64937E-07
-1.60206E+00  2.62414E+01  1.04811E-02  4.42530E-04  4.66765E-04  4.43558E-04  4.67777E-04  9.24402E-12  1.33868E-06
-1.60206E+00  2.62414E+01  1.32571E-02  6.30164E-04  6.64609E-04  6.31586E-04  6.66009E-04  9.02517E-10  1.86292E-06
-1.60206E+00  2.62414E+01  1.67683E-02  8.97016E-04  9.45941E-04  8.98998E-04  9.47893E-04  3.46011E-08  2.60823E-06
-1.60206E+00  2.62414E+01  2.12095E-02  1.27675E-03  1.34622E-03  1.27957E-03  1.34898E-03  6.33522E-07  3.69997E-06
-1.60206E+00  2.62414E+01  2.68270E-02  1.81684E-03  1.91538E-03  1.82088E-03  1.91936E-03  6.46708E-06  5.29513E-06
-1.60206E+00  2.62414E+01  3.39322E-02  2.58513E-03  2.72482E-03  2.59092E-03  2.73052E-03  4.16184E-05  7.56231E-06
-1.60206E+00  2.62414E+01  4.29193E-02  3.67765E-03  3.87549E-03  3.68577E-03  3.88349E-03  1.86279E-04  1.06330E-05
-1.60206E+00  2.62414E+01  5.42868E-02  5.23140E-03  5.51127E-03  5.24237E-03  5.52207E-03  6.27809E-04  1.45020E-05
-1.60206E+00  2.62414E+01  6.86649E-02  7.44056E-03  7.83594E-03  7.45455E-03  7.84969E-03  1.69910E-03  1.89673E-05
-1.60206E+00  2.62414E+01  8.68511E-02  1.05809E-02  1.11385E-02  1.05974E-02  1.11546E-02  3.88780E-03  2.34286E-05
-1.60206E+00  2.62414E+01  1.09854E-01  1.50442E-02  1.58288E-02  1.50609E-02  1.58451E-02  7.82916E-03  2.64519E-05
-1.60206E+00  2.62414E+01  1.38950E-01  2.13858E-02  2.24869E-02  2.13980E-02  2.24986E-02  1.43012E-02  2.57995E-05
-1.60206E+00  2.62414E+01  1.75751E-01  3.03925E-02  3.19328E-02  3.03952E-02  3.19347E-02  2.42167E-02  2.14484E-05
-1.60206E+00  2.62414E+01  2.22300E-01  4.31787E-02  4.53244E-02  4.31684E-02  4.53130E-02  3.85674E-02  1.53033E-05
-1.60206E+00  2.62414E+01  2.81177E-01  6.13194E-02  6.42927E-02  6.12949E-02  6.42667E-02  5.82371E-02  1.02896E-05
-1.60206E+00  2.62414E+01  3.55648E-01  8.70363E-02  9.11294E-02  8.69965E-02  9.10877E-02  8.35702E-02  6.95885E-06
-1.60206E+00  2.62414E+01  4.49843E-01  1.23455E-01  1.29041E-01  1.23397E-01  1.28981E-01  1.13651E-01  4.72837E-06
-1.60206E+00  2.62414E+01  5.68987E-01  1.74955E-01  1.82495E-01  1.74877E-01  1.82414E-01  1.45530E-01  3.22453E-06
-1.60206E+00  2.62414E+01  7.19686E-01  2.47647E-01  2.57677E-01  2.47545E-01  2.57572E-01  1.74108E-01  2.20522E-06
-1.60206E+00  2.62414E+01  9.10298E-01  3.49988E-01  3.63072E-01  3.49859E-01  3.62938E-01  1.93506E-01  1.51147E-06
-1.60206E+00  2.62414E+01  1.15140E+00  4.93553E-01  5.10167E-01  4.93393E-01  5.10003E-01  1.99650E-01  1.03777E-06
-1.60206E+00  2.62414E+01  1.45635E+00  6.93911E-01  7.14202E-01  6.93718E-01  7.14006E-01  1.92227E-01  7.13498E-07
-1.60206E+00  2.62414E+01  1.84207E+00  9.71792E-01  9.95147E-01  9.71568E-01  9.94918E-01  1.74403E-01  4.91078E-07
-1.60206E+00  2.62414E+01  2.32995E+00  1.35525E+00  1.37955E+00  1.35500E+00  1.37929E+00  1.50830E-01  3.38279E-07
-1.60206E+00  2.62414E+01  2.94705E+00  1.92258E+00  1.93707E+00  1.92231E+00  1.93679E+00  1.25711E-01  2.33178E-07
-1.60206E+00  2.62414E+01  3.72759E+00  2.38243E+00  2.37721E+00  2.38216E+00  2.37694E+00  1.01900E-01  1.60815E-07
-1.60206E+00  2.62414E+01  4.71487E+00  2.73797E+00  2.73455E+00  2.73770E+00  2.73429E+00  8.08987E-02  1.10955E-07
-1.60206E+00  2.62414E+01  5.96362E+00  3.03829E+00  3.04332E+00  3.03805E+00  3.04308E+00  6.32282E-02  7.65785E-08
-1.60206E+00  2.62414E+01  7.54312E+00  3.31580E+00  3.31692E+00  3.31558E+00  3.31670E+00  4.88302E-02  5.28664E-08
-1.60206E+00  2.62414E+01  9.54095E+00  3.58968E+00  3.58298E+00  3.58949E+00  3.58279E+00  3.73608E-02  3.65040E-08
-1.60206E+00  2.62414E+01  1.20679E+01  3.84535E+00  3.85524E+00  3.84518E+00  3.85508E+00  2.83735E-02  2.52099E-08
-1.60206E+00  2.62414E+01  1.52642E+01  4.12827E+00  4.13484E+00  4.12813E+00  4.13470E+00  2.14176E-02  1.74123E-08
-1.60206E+00  2.62414E+01  1.93070E+01  4.37306E+00  4.37811E+00  4.37295E+00  4.37799E+00  1.60852E-02  1.20278E-08
-1.60206E+00  2.62414E+01  2.44205E+01  4.65762E+00  4.66002E+00  4.65753E+00  4.65992E+00  1.20284E-02  8.30902E-09
-1.60206E+00  2.62414E+01  3.08884E+01  4.87561E+00  4.87672E+00  4.87553E+00  4.87664E+00  8.96138E-03  5.74038E-09
-1.60206E+00  2.62414E+01  3.90694E+01  5.13448E+00  5.13211E+00  5.13441E+00  5.13205E+00  6.65461E-03  3.96600E-09
-1.60206E+00  2.62414E+01  4.94171E+01  5.36003E+00  5.34796E+00  5.35998E+00  5.34791E+00  4.92736E-03  2.74020E-09
-1.60206E+00  2.62414E+01  6.25055E+01  5.60539E+00  5.59977E+00  5.60535E+00  5.59973E+00  3.63900E-03  1.89332E-09
-1.60206E+00  2.62414E+01  7.90604E+01  5.83606E+00  5.84371E+00  5.83602E+00  5.84368E+00  2.68124E-03  1.30821E-09
-1.60206E+00  2.62414E+01  1.00000E+02  6.09425E+00  6.09229E+00  6.09423E+00  6.09226E+00  1.97139E-03  9.03941E-10
# T =  0  2.50000E-02
# D = 22  3.85662E+26
-1.60206E+00  2.65862E+01  1.00000E-03  6.30151E-06  6.57335E-06  6.31039E-06  6.58212E-06  0.00000E+00  1.15210E-08
-1.60206E+00  2.65862E+01  1.26486E-03  9.01723E-06  9.40550E-06  9.02947E-06  9.41758E-06  0.00000E+00  1.59873E-08
-1.60206E+00  2.65862E+01  1.59986E-03  1.28891E-05  1.34431E-05  1.29059E-05  1.34598E-05  0.00000E+00  2.21896E-08
-1.60206E+00  2.65862E+01  2.02359E-03  1.84093E-05  1.91995E-05  1.84326E-05  1.92225E-05  0.00000E+00  3.08923E-08
-1.60206E+00  2.65862E+01  2.55955E-03  2.62760E-05  2.74025E-05  2.63085E-05  2.74345E-05  0.00000E+00  4.32638E-08
-1.60206E+00  2.65862E+01  3.23746E-03  3.74756E-05  3.90804E-05  3.75214E-05  3.91255E-05  0.00000E+00  6.11003E-08
-1.60206E+00  2.65862E+01  4.09492E-03  5.34277E-05  5.57132E-05  5.34930E-05  5.57776E-05  0.00000E+00  8.71441E-08
-1.60206E+00  2.65862E+01  5.17947E-03  7.61606E-05  7.94151E-05  7.62552E-05  7.95084E-05  0.00000E+00  1.25733E-07
-1.60206E+00  2.65862E+01  6.55129E-03  1.08497E-04  1.13129E-04  1.08637E-04  1.13267E-04  0.00000E+00  1.83824E-07
-1.60206E+00  2.65862E+01  8.28643E-03  1.54480E-04  1.61069E-04  1.54690E-04  1.61276E-04  0.00000E+00  2.72432E-07
-1.60206E+00  2.65862E+01  1.04811E-02  2.19923E-04  2.29294E-04  2.20238E-04  2.29605E-04  2.50238E-16  4.04536E-07
-1.60206E+00  2.65862E+01  1.32571E-02  3.13041E-04  3.26365E-04  3.13509E-04  3.26827E-04  2.14218E-13  5.94704E-07
-1.60206E+00  2.65862E+01  1.67683E-02  4.45593E-04  4.64533E-04  4.46274E-04  4.65207E-04  4.58632E-11  8.61893E-07
-1.60206E+00  2.65862E+01  2.12095E-02  6.34052E-04  6.60962E-04  6.35017E-04  6.61916E-04  3.27122E-09  1.22066E-06
-1.60206E+00  2.65862E+01  2.68270E-02  9.02153E-04  9.40372E-04  9.03483E-04  9.41688E-04  9.78438E-08  1.69335E-06
-1.60206E+00  2.65862E+01  3.39322E-02  1.28362E-03  1.33788E-03  1.28542E-03  1.33965E-03  1.47215E-06  2.31057E-06
-1.60206E+00  2.65862E+01  4.29193E-02  1.82603E-03  1.90301E-03  1.82843E-03  1.90537E-03  1.28679E-05  3.12324E-06
-1.60206E+00  2.65862E+01  5.42868E-02  2.59764E-03  2.70679E-03  2.60082E-03  2.70992E-03  7.32679E-05  4.20925E-06
-1.60206E+00  2.65862E+01  6.86649E-02  3.69473E-03  3.84934E-03  3.69895E-03  3.85352E-03  2.97889E-04  5.68469E-06
-1.60206E+00  2.65862E+01  8.68511E-02  5.25493E-03  5.47374E-03  5.26023E-03  5.47896E-03  9.31566E-04  7.36048E-06
-1.60206E+00  2.65862E+01  1.09854E-01  7.47321E-03  7.78245E-03  7.47920E-03  7.78833E-03  2.37944E-03  8.87703E-06
-1.60206E+00  2.65862E+01  1.38950E-01  1.06265E-02  1.10629E-02  1.06324E-02  1.10687E-02  5.20631E-03  9.94212E-06
-1.60206E+00  2.65862E+01  1.75751E-01  1.51082E-02  1.57228E-02  1.51122E-02  1.57265E-02  1.01226E-02  9.61716E-06
-1.60206E+00  2.65862E+01  2.22300E-01  2.14761E-02  2.23395E-02  2.14758E-02  2.23388E-02  1.79676E-02  7.52905E-06
-1.60206E+00  2.65862E+01  2.81177E-01  3.05208E-02  3.17299E-02  3.05153E-02  3.17240E-02  2.96671E-02  5.38489E-06
-1.60206E+00  2.65862E+01  3.55648E-01  4.33615E-02  4.50482E-02  4.33504E-02  4.50366E-02  4.60972E-02  3.86814E-06
-1.60206E+00  2.65862E+01  4.49843E-01  6.15815E-02  6.39229E-02  6.15639E-02  6.39047E-02  6.77550E-02  2.78883E-06
-1.60206E+00  2.65862E+01  5.68987E-01  8.74136E-02  9.06435E-02  8.73882E-02  9.06173E-02  9.41631E-02  2.01642E-06
-1.60206E+00  2.65862E+01  7.19686E-01  1.24001E-01  1.28420E-01  1.23966E-01  1.28384E-01  1.23137E-01  1.46118E-06
-1.60206E+00  2.65862E+01  9.10298E-01  1.75751E-01  1.81734E-01  1.75705E-01  1.81686E-01  1.50463E-01  1.06067E-06
-1.60206E+00  2.65862E+01  1.15140E+00  2.48817E-01  2.56806E-01  2.48757E-01  2.56743E-01  1.70796E-01  7.70985E-07
-1.60206E+00  2.65862E+01  1.45635E+00  3.51723E-01  3.62187E-01  3.51646E-01  3.62109E-01  1.79839E-01  5.61017E-07
-1.60206E+00  2.65862E+01  1.84207E+00  4.96149E-01  5.09505E-01  4.96054E-01  5.09408E-01  1.76410E-01  4.08574E-07
-1.60206E+00  2.65862E+01  2.32995E+00  6.97810E-01  7.14219E-01  6.97696E-01  7.14103E-01  1.62686E-01  2.97751E-07
-1.60206E+00  2.65862E+01  2.94705E+00  9.77337E-01  9.96354E-01  9.77204E-01  9.96219E-01  1.42655E-01  2.17101E-07
-1.60206E+00  2.65862E+01  3.72759E+00  1.36192E+00  1.38189E+00  1.36177E+00  1.38174E+00  1.20271E-01  1.58361E-07
-1.60206E+00  2.65862E+01  4.71487E+00  1.93327E+00  1.94074E+00  1.93310E+00  1.94057E+00  9.84179E-02  1.15551E-07
-1.60206E+00  2.65862E+01  5.96362E+00  2.42096E+00  2.42469E+00  2.42079E+00  2.42452E+00  7.87477E-02  8.43359E-08
-1.60206E+00  2.65862E+01  7.54312E+00  2.78193E+00  2.78770E+00  2.78177E+00  2.78754E+00  6.19488E-02  6.15656E-08
-1.60206E+00  2.65862E+01  9.54095E+00  3.08853E+00  3.08561E+00  3.08838E+00  3.08546E+00  4.81043E-02  4.49503E-08
-1.60206E+00  2.65862E+01  1.20679E+01  3.40944E+00  3.40430E+00  3.40930E+00  3.40417E+00  3.69766E-02  3.28233E-08
-1.60206E+00  2.65862E+01  1.52642E+01  3.68241E+00  3.68512E+00  3.68229E+00  3.68500E+00  2.81937E-02  2.39704E-08
-1.60206E+00  2.65862E+01  1.93070E+01  3.96408E+00  3.96518E+00  3.96398E+00  3.96508E+00  2.13554E-02  1.75066E-08
-1.60206E+00  2.65862E+01  2.44205E+01  4.18597E+00  4.18806E+00  4.18589E+00  4.18797E+00  1.60869E-02  1.27866E-08
-1.60206E+00  2.65862E+01  3.08884E+01  4.45899E+00  4.46044E+00  4.45892E+00  4.46037E+00  1.20618E-02  9.33964E-09
-1.60206E+00  2.65862E+01  3.90694E+01  4.70721E+00  4.70410E+00  4.70715E+00  4.70404E+00  9.00746E-03  6.82216E-09
-1.60206E+00  2.65862E+01  4.94171E+01  4.94190E+00  4.95001E+00  4.94185E+00  4.94996E+00  6.70297E-03  4.98342E-09
-1.60206E+00  2.65862E+01  6.25055E+01  5.18860E+00  5.17970E+00  5.18856E+00  5.17966E+00  4.97260E-03  3.64035E-09
-1.60206E+00  2.65862E+01  7.90604E+01  5.46742E+00  5.46771E+00  5.46739E+00  5.46768E+00  3.67872E-03  2.65930E-09
-1.60206E+00  2.65862E+01  1.00000E+02  5.70347E+00  5.69697E+00  5.70345E+00  5.69695E+00  2.71475E-03  1.94266E-09
# T =  0  2.50000E-02
# D = 23  8.53168E+26
-1.60206E+00  2.69310E+01  1.00000E-03  3.12083E-06  3.22532E-06  3.12349E-06  3.22796E-06  0.00000E+00  3.39916E-09
-1.60206E+00  2.69310E+01  1.26486E-03  4.46380E-06  4.61296E-06  4.46750E-06  4.61662E-06  0.00000E+00  4.75459E-09
-1.60206E+00  2.69310E+01  1.59986E-03  6.37651E-06  6.58926E-06  6.38166E-06  6.59436E-06  0.00000E+00  6.64784E-09
-1.60206E+00  2.69310E+01  2.02359E-03  9.10097E-06  9.40424E-06  9.10813E-06  9.41133E-06  0.00000E+00  9.30265E-09
-1.60206E+00  2.69310E+01  2.55955E-03  1.29822E-05  1.34143E-05  1.29922E-05  1.34242E-05  0.00000E+00  1.30473E-08
-1.60206E+00  2.69310E+01  3.23746E-03  1.85123E-05  1.91279E-05  1.85263E-05  1.91418E-05  0.00000E+00  1.83853E-08
-1.60206E+00  2.69310E+01  4.09492E-03  2.63933E-05  2.72700E-05  2.64132E-05  2.72897E-05  0.00000E+00  2.61118E-08
-1.60206E+00  2.69310E+01  5.17947E-03  3.76084E-05  3.88565E-05  3.76371E-05  3.88849E-05  0.00000E+00  3.74980E-08
-1.60206E+00  2.69310E+01  6.55129E-03  5.35468E-05  5.53227E-05  5.35889E-05  5.53644E-05  0.00000E+00  5.46443E-08
-1.60206E+00  2.69310E+01  8.28643E-03  7.62180E-05  7.87442E-05  7.62810E-05  7.88067E-05  0.00000E+00  8.08612E-08
-1.60206E+00  2.69310E+01  1.04811E-02  1.08486E-04  1.12080E-04  1.08581E-04  1.12174E-04  0.00000E+00  1.20221E-07
-1.60206E+00  2.69310E+01  1.32571E-02  1.54390E-04  1.59501E-04  1.54532E-04  1.59641E-04  3.85238E-18  1.77418E-07
-1.60206E+00  2.69310E+01  1.67683E-02  2.19741E-04  2.27008E-04  2.19947E-04  2.27213E-04  2.56695E-15  2.57655E-07
-1.60206E+00  2.69310E+01  2.12095E-02  3.12711E-04  3.23042E-04  3.13006E-04  3.23335E-04  1.38350E-12  3.67799E-07
-1.60206E+00  2.69310E+01  2.68270E-02  4.44899E-04  4.59581E-04  4.45311E-04  4.59990E-04  2.04769E-10  5.16004E-07
-1.60206E+00  2.69310E+01  3.39322E-02  6.32944E-04  6.53805E-04  6.33511E-04  6.54367E-04  1.09078E-08  7.13040E-07
-1.60206E+00  2.69310E+01  4.29193E-02  9.00555E-04  9.30188E-04  9.01331E-04  9.30957E-04  2.59009E-07  9.84345E-07
-1.60206E+00  2.69310E+01  5.42868E-02  1.28104E-03  1.32311E-03  1.28212E-03  1.32418E-03  3.24680E-06  1.37592E-06
-1.60206E+00  2.69310E+01  6.86649E-02  1.82227E-03  1.88197E-03  1.82381E-03  1.88349E-03  2.45669E-05  1.95419E-06
-1.60206E+00  2.69310E+01  8.68511E-02  2.59201E-03  2.67668E-03  2.59410E-03  2.67875E-03  1.24841E-04  2.67992E-06
-1.60206E+00  2.69310E+01  1.09854E-01  3.68668E-03  3.80664E-03  3.68927E-03  3.80921E-03  4.64269E-04  3.43044E-06
-1.60206E+00  2.69310E+01  1.38950E-01  5.24314E-03  5.41297E-03  5.24602E-03  5.41582E-03  1.35453E-03  4.06259E-06
-1.60206E+00  2.69310E+01  1.75751E-01  7.45625E-03  7.69641E-03  7.45877E-03  7.69887E-03  3.27857E-03  4.17502E-06
-1.60206E+00  2.69310E+01  2.22300E-01  1.06023E-02  1.09414E-02  1.06035E-02  1.09426E-02  6.87842E-03  3.53476E-06
-1.60206E+00  2.69310E+01  2.81177E-01  1.50737E-02  1.55516E-02  1.50732E-02  1.55510E-02  1.29295E-02  2.76058E-06
-1.60206E+00  2.69310E+01  3.55648E-01  2.14272E-02  2.20992E-02  2.14249E-02  2.20967E-02  2.22984E-02  2.16190E-06
-1.60206E+00  2.69310E+01  4.49843E-01  3.04521E-02  3.13943E-02  3.04476E-02  3.13896E-02  3.58391E-02  1.69710E-06
-1.60206E+00  2.69310E+01  5.68987E-01  4.32660E-02  4.45821E-02  4.32588E-02  4.45746E-02  5.41408E-02  1.33471E-06
-1.60206E+00  2.69310E+01  7.19686E-01  6.14503E-02  6.32803E-02  6.14396E-02  6.32693E-02  7.70469E-02  1.05122E-06
-1.60206E+00  2.69310E+01  9.10298E-01  8.72370E-02  8.97664E-02  8.72220E-02  8.97510E-02  1.02999E-01  8.28887E-07
-1.60206E+00  2.69310E+01  1.15140E+00  1.23770E-01  1.27240E-01  1.23750E-01  1.27219E-01  1.28607E-01  6.54156E-07
-1.60206E+00  2.69310E+01  1.45635E+00  1.75462E-01  1.80174E-01  1.75435E-01  1.80146E-01  1.49157E-01  5.16619E-07
-1.60206E+00  2.69310E+01  1.84207E+00  2.48476E-01  2.54791E-01  2.48441E-01  2.54755E-01  1.60367E-01  4.08222E-07
-1.60206E+00  2.69310E+01  2.32995E+00  3.51364E-01  3.59674E-01  3.51320E-01  3.59629E-01  1.60396E-01  3.22709E-07
-1.60206E+00  2.69310E+01  2.94705E+00  4.95868E-01  5.06531E-01  4.95812E-01  5.06475E-01  1.50498E-01  2.55195E-07
-1.60206E+00  2.69310E+01  3.72759E+00  6.97829E-01  7.11022E-01  6.97762E-01  7.10954E-01  1.33943E-01  2.01861E-07
-1.60206E+00  2.69310E+01  4.71487E+00  9.77936E-01  9.93361E-01  9.77858E-01  9.93282E-01  1.14343E-01  1.59706E-07
-1.60206E+00  2.69310E+01  5.96362E+00  1.36278E+00  1.37917E+00  1.36269E+00  1.37908E+00  9.45426E-02  1.26376E-07
-1.60206E+00  2.69310E+01  7.54312E+00  1.93502E+00  1.91507E+00  1.93491E+00  1.91497E+00  7.63003E-02  1.00015E-07
-1.60206E+00  2.69310E+01  9.54095E+00  2.45303E+00  2.44499E+00  2.45293E+00  2.44489E+00  6.04551E-02  7.91608E-08
-1.60206E+00  2.69310E+01  1.20679E+01  2.81363E+00  2.81543E+00  2.81354E+00  2.81533E+00  4.72276E-02  6.26601E-08
-1.60206E+00  2.69310E+01  1.52642E+01  3.16606E+00  3.16836E+00  3.16597E+00  3.16827E+00  3.64881E-02  4.96022E-08
-1.60206E+00  2.69310E+01  1.93070E+01  3.45578E+00  3.45629E+00  3.45570E+00  3.45621E+00  2.79428E-02  3.92674E-08
-1.60206E+00  2.69310E+01  2.44205E+01  3.73213E+00  3.73844E+00  3.73206E+00  3.73837E+00  2.12452E-02  3.10872E-08
-1.60206E+00  2.69310E+01  3.08884E+01  4.01580E+00  4.01068E+00  4.01574E+00  4.01062E+00  1.60565E-02  2.46119E-08
-1.60206E+00  2.69310E+01  3.90694E+01  4.28036E+00  4.28753E+00  4.28030E+00  4.28748E+00  1.20737E-02  1.94858E-08
-1.60206E+00  2.69310E+01  4.94171E+01  4.51353E+00  4.51606E+00  4.51349E+00  4.51601E+00  9.03945E-03  1.54277E-08
-1.60206E+00  2.69310E+01  6.25055E+01  4.75507E+00  4.75906E+00  4.75503E+00  4.75902E+00  6.74209E-03  1.22150E-08
-1.60206E+00  2.69310E+01  7.90604E+01  5.05094E+00  5.04622E+00  5.05091E+00  5.04619E+00  5.01183E-03  9.67136E-09
-1.60206E+00  2.69310E+01  1.00000E+02  5.28009E+00  5.27860E+00  5.28007E+00  5.27858E+00  3.71456E-03  7.65750E-09
# T =  0  2.50000E-02
# D = 24  1.88739E+27
-1.60206E+00  2.72759E+01  1.00000E-03  1.54482E-06  1.58482E-06  1.54542E-06  1.58540E-06  0.00000E+00  8.03387E-10
-1.60206E+00  2.72759E+01  1.26486E-03  2.20658E-06  2.26361E-06  2.20746E-06  2.26449E-06  0.00000E+00  1.18658E-09
-1.60206E+00  2.72759E+01  1.59986E-03  3.14984E-06  3.23114E-06  3.15116E-06  3.23246E-06  0.00000E+00  1.75179E-09
-1.60206E+00  2.72759E+01  2.02359E-03  4.49394E-06  4.60980E-06  4.49591E-06  4.61175E-06  0.00000E+00  2.57598E-09
-1.60206E+00  2.72759E+01  2.55955E-03  6.40427E-06  6.56925E-06  6.40717E-06  6.57213E-06  0.00000E+00  3.76279E-09
-1.60206E+00  2.72759E+01  3.23746E-03  9.11862E-06  9.35343E-06  9.12285E-06  9.35762E-06  0.00000E+00  5.45511E-09
-1.60206E+00  2.72759E+01  4.09492E-03  1.29776E-05  1.33117E-05  1.29837E-05  1.33178E-05  0.00000E+00  7.85243E-09
-1.60206E+00  2.72759E+01  5.17947E-03  1.84668E-05  1.89421E-05  1.84756E-05  1.89508E-05  0.00000E+00  1.12238E-08
-1.60206E+00  2.72759E+01  6.55129E-03  2.62786E-05  2.69547E-05  2.62910E-05  2.69670E-05  0.00000E+00  1.59358E-08
-1.60206E+00  2.72759E+01  8.28643E-03  3.73989E-05  3.83609E-05  3.74164E-05  3.83782E-05  0.00000E+00  2.24665E-08
-1.60206E+00  2.72759E+01  1.04811E-02  5.32160E-05  5.45844E-05  5.32404E-05  5.46086E-05  0.00000E+00  3.15298E-08
-1.60206E+00  2.72759E+01  1.32571E-02  7.57223E-05  7.76685E-05  7.57564E-05  7.77024E-05  0.00000E+00  4.42557E-08
-1.60206E+00  2.72759E+01  1.67683E-02  1.07769E-04  1.10537E-04  1.07816E-04  1.10584E-04  0.00000E+00  6.19334E-08
-1.60206E+00  2.72759E+01  2.12095E-02  1.53359E-04  1.57296E-04  1.53426E-04  1.57362E-04  1.49400E-17  8.70520E-08
-1.60206E+00  2.72759E+01  2.68270E-02  2.18156E-04  2.23754E-04  2.18249E-04  2.23846E-04  2.26048E-14  1.22470E-07
-1.60206E+00  2.72759E+01  3.39322E-02  3.10342E-04  3.18298E-04  3.10474E-04  3.18430E-04  7.89317E-12  1.73658E-07
-1.60206E+00  2.72759E+01  4.29193E-02  4.41474E-04  4.52782E-04  4.41667E-04  4.52974E-04  8.28841E-10  2.51831E-07
-1.60206E+00  2.72759E+01  5.42868E-02  6.28105E-04  6.44174E-04  6.28397E-04  6.44465E-04  3.36569E-08  3.75922E-07
-1.60206E+00  2.72759E+01  6.86649E-02  8.93421E-04  9.16245E-04  8.93882E-04  9.16704E-04  6.44804E-07  5.79442E-07
-1.60206E+00  2.72759E+01  8.68511E-02  1.27080E-03  1.30321E-03  1.27153E-03  1.30394E-03  6.82083E-06  8.95028E-07
-1.60206E+00  2.72759E+01  1.09854E-01  1.80769E-03  1.85369E-03  1.80879E-03  1.85478E-03  4.51299E-05  1.33409E-06
-1.60206E+00  2.72759E+01  1.38950E-01  2.57103E-03  2.63627E-03  2.57256E-03  2.63780E-03  2.06331E-04  1.86579E-06
-1.60206E+00  2.72759E+01  1.75751E-01  3.65680E-03  3.74928E-03  3.65872E-03  3.75119E-03  7.06344E-04  2.40120E-06
-1.60206E+00  2.72759E+01  2.22300E-01  5.20043E-03  5.33141E-03  5.20261E-03  5.33356E-03  1.93205E-03  2.84400E-06
-1.60206E+00  2.72759E+01  2.81177E-01  7.39546E-03  7.58075E-03  7.39780E-03  7.58306E-03  4.44679E-03  3.27450E-06
-1.60206E+00  2.72759E+01  3.55648E-01  1.05160E-02  1.07777E-02  1.05184E-02  1.07801E-02  8.96323E-03  3.76744E-06
-1.60206E+00  2.72759E+01  4.49843E-01  1.49513E-02  1.53205E-02  1.49538E-02  1.53229E-02  1.62963E-02  4.33246E-06
-1.60206E+00  2.72759E+01  5.68987E-01  2.12541E-02  2.17736E-02  2.12565E-02  2.17760E-02  2.72745E-02  4.98028E-06
-1.60206E+00  2.72759E+01  7.19686E-01  3.02079E-02  3.09370E-02  3.02101E-02  3.09391E-02  4.25423E-02  5.72323E-06
-1.60206E+00  2.72759E+01  9.10298E-01  4.29226E-02  4.39425E-02  4.29243E-02  4.39440E-02  6.21750E-02  6.57543E-06
-1.60206E+00  2.72759E+01  1.15140E+00  6.09690E-02  6.23892E-02  6.09698E-02  6.23899E-02  8.51113E-02  7.55311E-06
-1.60206E+00  2.72759E+01  1.45635E+00  8.65661E-02  8.85331E-02  8.65657E-02  8.85325E-02  1.08684E-01  8.67486E-06
-1.60206E+00  2.72759E+01  1.84207E+00  1.22841E-01  1.25545E-01  1.22839E-01  1.25543E-01  1.28847E-01  9.96204E-06
-1.60206E+00  2.72759E+01  2.32995E+00  1.74186E-01  1.77870E-01  1.74182E-01  1.77866E-01  1.41517E-01  1.14391E-05
-1.60206E+00  2.72759E+01  2.94705E+00  2.46749E-01  2.51704E-01  2.46741E-01  2.51696E-01  1.44414E-01  1.31343E-05
-1.60206E+00  2.72759E+01  3.72759E+00  3.49069E-01  3.55621E-01  3.49058E-01  3.55609E-01  1.37987E-01  1.50798E-05
-1.60206E+00  2.72759E+01  4.71487E+00  4.92901E-01  5.01358E-01  4.92886E-01  5.01343E-01  1.24770E-01  1.73127E-05
-1.60206E+00  2.72759E+01  5.96362E+00  6.94159E-01  7.04702E-01  6.94139E-01  7.04682E-01  1.07960E-01  1.98755E-05
-1.60206E+00  2.72759E+01  7.54312E+00  9.73726E-01  9.86178E-01  9.73703E-01  9.86155E-01  9.02804E-02  2.28171E-05
-1.60206E+00  2.72759E+01  9.54095E+00  1.35782E+00  1.37124E+00  1.35779E+00  1.37121E+00  7.35519E-02  2.61934E-05
-1.60206E+00  2.72759E+01  1.20679E+01  1.88223E+00  1.89428E+00  1.88220E+00  1.89425E+00  5.87392E-02  3.00687E-05
-1.60206E+00  2.72759E+01  1.52642E+01  2.47648E+00  2.48412E+00  2.47645E+00  2.48410E+00  4.61923E-02  3.45169E-05
-1.60206E+00  2.72759E+01  1.93070E+01  2.84644E+00  2.87306E+00  2.84642E+00  2.87304E+00  3.58890E-02  3.96228E-05
-1.60206E+00  2.72759E+01  2.44205E+01  3.20721E+00  3.21430E+00  3.20720E+00  3.21429E+00  2.76159E-02  4.54835E-05
-1.60206E+00  2.72759E+01  3.08884E+01  3.49495E+00  3.49566E+00  3.49496E+00  3.49566E+00  2.10834E-02  5.22107E-05
-1.60206E+00  2.72759E+01  3.90694E+01  3.79740E+00  3.80075E+00  3.79741E+00  3.80076E+00  1.59914E-02  5.99325E-05
-1.60206E+00  2.72759E+01  4.94171E+01  4.06017E+00  4.05269E+00  4.06021E+00  4.05272E+00  1.20625E-02  6.87962E-05
-1.60206E+00  2.72759E+01  6.25055E+01  4.32973E+00  4.32797E+00  4.32977E+00  4.32802E+00  9.05604E-03  7.89704E-05
-1.60206E+00  2.72759E+01  7.90604E+01  4.61791E+00  4.62512E+00  4.61797E+00  4.62518E+00  6.77106E-03  9.06490E-05
-1.60206E+00  2.72759E+01  1.00000E+02  4.84972E+00  4.84915E+00  4.84980E+00  4.84923E+00  5.04442E-03  1.04055E-04
# T =  0  2.50000E-02
# D = 25  4.17532E+27
-1.60206E+00  2.76207E+01  1.00000E-03  7.52399E-07  7.67523E-07  7.52555E-07  7.67678E-07  0.00000E+00  2.14124E-10
-1.60206E+00  2.76207E+01  1.26486E-03  1.07352E-06  1.09507E-06  1.07375E-06  1.09530E-06  0.00000E+00  3.14788E-10
-1.60206E+00  2.76207E+01  1.59986E-03  1.53099E-06  1.56170E-06  1.53134E-06  1.56205E-06  0.00000E+00  4.63037E-10
-1.60206E+00  2.76207E+01  2.02359E-03  2.18266E-06  2.22640E-06  2.18317E-06  2.22691E-06  0.00000E+00  6.80028E-10
-1.60206E+00  2.76207E+01  2.55955E-03  3.11088E-06  3.17317E-06  3.11164E-06  3.17393E-06  0.00000E+00  9.95461E-10
-1.60206E+00  2.76207E+01  3.23746E-03  4.43300E-06  4.52170E-06  4.43412E-06  4.52281E-06  0.00000E+00  1.45085E-09
-1.60206E+00  2.76207E+01  4.09492E-03  6.31420E-06  6.44047E-06  6.31582E-06  6.44208E-06  0.00000E+00  2.10269E-09
-1.60206E+00  2.76207E+01  5.17947E-03  8.99003E-06  9.16972E-06  8.99237E-06  9.17205E-06  0.00000E+00  3.02686E-09
-1.60206E+00  2.76207E+01  6.55129E-03  1.27975E-05  1.30532E-05  1.28008E-05  1.30565E-05  0.00000E+00  4.32427E-09
-1.60206E+00  2.76207E+01  8.28643E-03  1.82170E-05  1.85809E-05  1.82218E-05  1.85856E-05  0.00000E+00  6.13974E-09
-1.60206E+00  2.76207E+01  1.04811E-02  2.59335E-05  2.64513E-05  2.59403E-05  2.64580E-05  0.00000E+00  8.72232E-09
-1.60206E+00  2.76207E+01  1.32571E-02  3.69240E-05  3.76607E-05  3.69337E-05  3.76703E-05  0.00000E+00  1.25218E-08
-1.60206E+00  2.76207E+01  1.67683E-02  5.25518E-05  5.35998E-05  5.25661E-05  5.36141E-05  0.00000E+00  1.83485E-08
-1.60206E+00  2.76207E+01  2.12095E-02  7.47590E-05  7.62493E-05  7.47809E-05  7.62711E-05  0.00000E+00  2.75851E-08
-1.60206E+00  2.76207E+01  2.68270E-02  1.06343E-04  1.08462E-04  1.06377E-04  1.08497E-04  0.00000E+00  4.25017E-08
-1.60206E+00  2.76207E+01  3.39322E-02  1.51287E-04  1.54300E-04  1.51341E-04  1.54354E-04  1.82091E-16  6.55909E-08
-1.60206E+00  2.76207E+01  4.29193E-02  2.15213E-04  2.19498E-04  2.15295E-04  2.19580E-04  1.72045E-13  9.86854E-08
-1.60206E+00  2.76207E+01  5.42868E-02  3.06214E-04  3.12305E-04  3.06333E-04  3.12424E-04  4.01279E-11  1.42466E-07
-1.60206E+00  2.76207E+01  6.86649E-02  4.35629E-04  4.44287E-04  4.35793E-04  4.44450E-04  3.06246E-09  1.96611E-07
-1.60206E+00  2.76207E+01  8.68511E-02  6.19653E-04  6.31955E-04  6.19872E-04  6.32172E-04  9.66195E-08  2.65331E-07
-1.60206E+00  2.76207E+01  1.09854E-01  8.81417E-04  8.98892E-04  8.81708E-04  8.99182E-04  1.51606E-06  3.57876E-07
-1.60206E+00  2.76207E+01  1.38950E-01  1.25389E-03  1.27871E-03  1.25429E-03  1.27910E-03  1.36942E-05  4.91590E-07
-1.60206E+00  2.76207E+01  1.75751E-01  1.78346E-03  1.81869E-03  1.78406E-03  1.81928E-03  7.99769E-05  7.32476E-07
-1.60206E+00  2.76207E+01  2.22300E-01  2.53675E-03  2.58673E-03  2.53774E-03  2.58772E-03  3.31420E-04  1.18143E-06
-1.60206E+00  2.76207E+01  2.81177E-01  3.60793E-03  3.67880E-03  3.60960E-03  3.68047E-03  1.05046E-03  1.94076E-06
-1.60206E+00  2.76207E+01  3.55648E-01  5.13128E-03  5.23168E-03  5.13410E-03  5.23448E-03  2.70529E-03  3.19288E-06
-1.60206E+00  2.76207E+01  4.49843E-01  7.29703E-03  7.43912E-03  7.30176E-03  7.44384E-03  5.93683E-03  5.25893E-06
-1.60206E+00  2.76207E+01  5.68987E-01  1.03763E-02  1.05771E-02  1.03842E-02  1.05851E-02  1.15098E-02  8.66990E-06
-1.60206E+00  2.76207E+01  7.19686E-01  1.47533E-02  1.50368E-02  1.47666E-02  1.50500E-02  2.02283E-02  1.43038E-05
-1.60206E+00  2.76207E+01  9.10298E-01  2.09736E-02  2.13728E-02  2.09958E-02  2.13949E-02  3.27727E-02  2.36127E-05
-1.60206E+00  2.76207E+01  1.15140E+00  2.98110E-02  3.03718E-02  2.98480E-02  3.04088E-02  4.93875E-02  3.89981E-05
-1.60206E+00  2.76207E+01  1.45635E+00  4.23622E-02  4.31475E-02  4.24238E-02  4.32091E-02  6.94004E-02  6.44321E-05
-1.60206E+00  2.76207E+01  1.84207E+00  6.01794E-02  6.12747E-02  6.02821E-02  6.13773E-02  9.07580E-02  1.06485E-04
-1.60206E+00  2.76207E+01  2.32995E+00  8.54572E-02  8.69770E-02  8.56281E-02  8.71478E-02  1.10061E-01  1.76026E-04
-1.60206E+00  2.76207E+01  2.94705E+00  1.21290E-01  1.23385E-01  1.21575E-01  1.23669E-01  1.23548E-01  2.91036E-04
-1.60206E+00  2.76207E+01  3.72759E+00  1.72033E-01  1.74894E-01  1.72505E-01  1.75366E-01  1.28705E-01  4.81259E-04
-1.60206E+00  2.76207E+01  4.71487E+00  2.43781E-01  2.47644E-01  2.44565E-01  2.48428E-01  1.25325E-01  7.95907E-04
-1.60206E+00  2.76207E+01  5.96362E+00  3.45028E-01  3.50159E-01  3.46329E-01  3.51460E-01  1.15238E-01  1.31639E-03
-1.60206E+00  2.76207E+01  7.54312E+00  4.87487E-01  4.94150E-01  4.89645E-01  4.96309E-01  1.01167E-01  2.17741E-03
-1.60206E+00  2.76207E+01  9.54095E+00  6.87083E-01  6.95456E-01  6.90662E-01  6.99034E-01  8.56473E-02  3.60180E-03
-1.60206E+00  2.76207E+01  1.20679E+01  9.64879E-01  9.74876E-01  9.70811E-01  9.80807E-01  7.05033E-02  5.95825E-03
-1.60206E+00  2.76207E+01  1.52642E+01  1.34709E+00  1.35803E+00  1.35691E+00  1.36786E+00  5.67959E-02  9.85676E-03
-1.60206E+00  2.76207E+01  1.93070E+01  1.86612E+00  1.87621E+00  1.88239E+00  1.89249E+00  4.49919E-02  1.63065E-02
-1.60206E+00  2.76207E+01  2.44205E+01  2.46653E+00  2.47415E+00  2.49347E+00  2.50109E+00  3.51732E-02  2.69773E-02
-1.60206E+00  2.76207E+01  3.08884E+01  2.90807E+00  2.91440E+00  2.95267E+00  2.95900E+00  2.72081E-02  4.46317E-02
-1.60206E+00  2.76207E+01  3.90694E+01  3.26569E+00  3.26128E+00  3.33950E+00  3.33509E+00  2.08663E-02  7.38405E-02
-1.60206E+00  2.76207E+01  4.94171E+01  3.56907E+00  3.57326E+00  3.69121E+00  3.69540E+00  1.58888E-02  1.22166E-01
-1.60206E+00  2.76207E+01  6.25055E+01  3.85289E+00  3.86239E+00  4.05499E+00  4.06448E+00  1.20261E-02  2.02121E-01
-1.60206E+00  2.76207E+01  7.90604E+01  4.13594E+00  4.13256E+00  4.47032E+00  4.46695E+00  9.05587E-03  3.34405E-01
-1.60206E+00  2.76207E+01  1.00000E+02  4.39960E+00  4.40295E+00  4.95285E+00  4.95621E+00  6.78894E-03  5.53272E-01
# T =  0  2.50000E-02
# D = 26  9.23671E+27
-1.60206E+00  2.79655E+01  1.00000E-03  3.68257E-07  3.73974E-07  3.68309E-07  3.74026E-07  0.00000E+00  6.86025E-11
-1.60206E+00  2.79655E+01  1.26486E-03  5.24976E-07  5.33120E-07  5.25049E-07  5.33192E-07  0.00000E+00  9.53274E-11
-1.60206E+00  2.79655E+01  1.59986E-03  7.48143E-07  7.59740E-07  7.48242E-07  7.59839E-07  0.00000E+00  1.32545E-10
-1.60206E+00  2.79655E+01  2.02359E-03  1.06591E-06  1.08242E-06  1.06604E-06  1.08256E-06  0.00000E+00  1.84925E-10
-1.60206E+00  2.79655E+01  2.55955E-03  1.51835E-06  1.54186E-06  1.51854E-06  1.54205E-06  0.00000E+00  2.59613E-10
-1.60206E+00  2.79655E+01  3.23746E-03  2.16256E-06  2.19602E-06  2.16283E-06  2.19629E-06  0.00000E+00  3.67787E-10
-1.60206E+00  2.79655E+01  4.09492E-03  3.07982E-06  3.12744E-06  3.08021E-06  3.12783E-06  0.00000E+00  5.27288E-10
-1.60206E+00  2.79655E+01  5.17947E-03  4.38548E-06  4.45327E-06  4.38606E-06  4.45384E-06  0.00000E+00  7.67254E-10
-1.60206E+00  2.79655E+01  6.55129E-03  6.23977E-06  6.33620E-06  6.24063E-06  6.33706E-06  0.00000E+00  1.13664E-09
-1.60206E+00  2.79655E+01  8.28643E-03  8.87355E-06  9.01069E-06  8.87488E-06  9.01201E-06  0.00000E+00  1.71718E-09
-1.60206E+00  2.79655E+01  1.04811E-02  1.26167E-05  1.28118E-05  1.26188E-05  1.28138E-05  0.00000E+00  2.63169E-09
-1.60206E+00  2.79655E+01  1.32571E-02  1.79395E-05  1.82168E-05  1.79428E-05  1.82201E-05  0.00000E+00  4.05879E-09
-1.60206E+00  2.79655E+01  1.67683E-02  2.55118E-05  2.59062E-05  2.55170E-05  2.59114E-05  0.00000E+00  6.27968E-09
-1.60206E+00  2.79655E+01  2.12095E-02  3.62891E-05  3.68500E-05  3.62973E-05  3.68582E-05  0.00000E+00  9.71508E-09
-1.60206E+00  2.79655E+01  2.68270E-02  5.16216E-05  5.24193E-05  5.16344E-05  5.24321E-05  0.00000E+00  1.50207E-08
-1.60206E+00  2.79655E+01  3.39322E-02  7.34290E-05  7.45634E-05  7.34486E-05  7.45830E-05  0.00000E+00  2.27929E-08
-1.60206E+00  2.79655E+01  4.29193E-02  1.04466E-04  1.06079E-04  1.04495E-04  1.06108E-04  0.00000E+00  3.35599E-08
-1.60206E+00  2.79655E+01  5.42868E-02  1.48655E-04  1.50950E-04  1.48696E-04  1.50991E-04  1.91796E-15  4.75659E-08
-1.60206E+00  2.79655E+01  6.86649E-02  2.11464E-04  2.14727E-04  2.11520E-04  2.14782E-04  1.14349E-12  6.47360E-08
-1.60206E+00  2.79655E+01  8.68511E-02  3.00772E-04  3.05410E-04  3.00845E-04  3.05483E-04  1.83263E-10  8.57551E-08
-1.60206E+00  2.79655E+01  1.09854E-01  4.27824E-04  4.34417E-04  4.27921E-04  4.34513E-04  1.03950E-08  1.14553E-07
-1.60206E+00  2.79655E+01  1.38950E-01  6.08583E-04  6.17952E-04  6.08721E-04  6.18089E-04  2.59347E-07  1.63245E-07
-1.60206E+00  2.79655E+01  1.75751E-01  8.65749E-04  8.79061E-04  8.65971E-04  8.79282E-04  3.37966E-06  2.58982E-07
-1.60206E+00  2.79655E+01  2.22300E-01  1.23139E-03  1.25029E-03  1.23178E-03  1.25068E-03  2.63553E-05  4.44643E-07
-1.60206E+00  2.79655E+01  2.81177E-01  1.75149E-03  1.77833E-03  1.75219E-03  1.77903E-03  1.37040E-04  7.77445E-07
-1.60206E+00  2.79655E+01  3.55648E-01  2.49126E-03  2.52935E-03  2.49252E-03  2.53060E-03  5.18226E-04  1.36252E-06
-1.60206E+00  2.79655E+01  4.49843E-01  3.54317E-03  3.59718E-03  3.54541E-03  3.59942E-03  1.52861E-03  2.39232E-06
-1.60206E+00  2.79655E+01  5.68987E-01  5.03924E-03  5.11579E-03  5.04324E-03  5.11978E-03  3.71952E-03  4.20673E-06
-1.60206E+00  2.79655E+01  7.19686E-01  7.16633E-03  7.27470E-03  7.17343E-03  7.28181E-03  7.79719E-03  7.40606E-06
-1.60206E+00  2.79655E+01  9.10298E-01  1.01905E-02  1.03438E-02  1.02032E-02  1.03564E-02  1.45400E-02  1.30510E-05
-1.60206E+00  2.79655E+01  1.15140E+00  1.44896E-02  1.47060E-02  1.45120E-02  1.47284E-02  2.46538E-02  2.30160E-05
-1.60206E+00  2.79655E+01  1.45635E+00  2.05997E-02  2.09047E-02  2.06394E-02  2.09444E-02  3.85123E-02  4.06141E-05
-1.60206E+00  2.79655E+01  1.84207E+00  2.92815E-02  2.97103E-02  2.93520E-02  2.97809E-02  5.57492E-02  7.17021E-05
-1.60206E+00  2.79655E+01  2.32995E+00  4.16134E-02  4.22146E-02  4.17385E-02  4.23397E-02  7.48209E-02  1.26635E-04
-1.60206E+00  2.79655E+01  2.94705E+00  5.91228E-02  5.99625E-02  5.93444E-02  6.01841E-02  9.29205E-02  2.23720E-04
-1.60206E+00  2.79655E+01  3.72759E+00  8.39699E-02  8.51369E-02  8.43623E-02  8.55293E-02  1.06676E-01  3.95330E-04
-1.60206E+00  2.79655E+01  4.71487E+00  1.19203E-01  1.20815E-01  1.19897E-01  1.21509E-01  1.13504E-01  6.98710E-04
-1.60206E+00  2.79655E+01  5.96362E+00  1.69115E-01  1.71323E-01  1.70345E-01  1.72553E-01  1.12703E-01  1.23509E-03
-1.60206E+00  2.79655E+01  7.54312E+00  2.39728E-01  2.42720E-01  2.41905E-01  2.44896E-01  1.05470E-01  2.18350E-03
-1.60206E+00  2.79655E+01  9.54095E+00  3.39444E-01  3.43436E-01  3.43296E-01  3.47288E-01  9.40316E-02  3.86055E-03
-1.60206E+00  2.79655E+01  1.20679E+01  4.79888E-01  4.85104E-01  4.86704E-01  4.91919E-01  8.06712E-02  6.82615E-03
-1.60206E+00  2.79655E+01  1.52642E+01  6.76930E-01  6.83536E-01  6.88988E-01  6.95594E-01  6.71618E-02  1.20706E-02
-1.60206E+00  2.79655E+01  1.93070E+01  9.51715E-01  9.59693E-01  9.73045E-01  9.81022E-01  5.46233E-02  2.13453E-02
-1.60206E+00  2.79655E+01  2.44205E+01  1.33081E+00  1.33970E+00  1.36854E+00  1.37743E+00  4.36211E-02  3.77477E-02
-1.60206E+00  2.79655E+01  3.08884E+01  1.84537E+00  1.85382E+00  1.91211E+00  1.92056E+00  3.43352E-02  6.67563E-02
-1.60206E+00  2.79655E+01  3.90694E+01  2.49223E+00  2.49411E+00  2.61027E+00  2.61215E+00  2.67147E-02  1.18060E-01
-1.60206E+00  2.79655E+01  4.94171E+01  2.94251E+00  2.94704E+00  3.15129E+00  3.15582E+00  2.05901E-02  2.08796E-01
-1.60206E+00  2.79655E+01  6.25055E+01  3.30236E+00  3.30212E+00  3.67162E+00  3.67137E+00  1.57460E-02  3.69274E-01
-1.60206E+00  2.79655E+01  7.90604E+01  3.60933E+00  3.61055E+00  4.26241E+00  4.26364E+00  1.19626E-02  6.53099E-01
-1.60206E+00  2.79655E+01  1.00000E+02  3.90836E+00  3.91132E+00  5.06343E+00  5.06638E+00  9.03751E-03  1.15508E+00
# T =  0  2.50000E-02
# D = 27  2.04336E+28
-1.60206E+00  2.83103E+01  1.00000E-03  1.77782E-07  1.79922E-07  1.77791E-07  1.79930E-07  0.00000E+00  1.30157E-11
-1.60206E+00  2.83103E+01  1.26486E-03  2.53293E-07  2.56339E-07  2.53305E-07  2.56352E-07  0.00000E+00  1.87694E-11
-1.60206E+00  2.83103E+01  1.59986E-03  3.60788E-07  3.65125E-07  3.60806E-07  3.65143E-07  0.00000E+00  2.71413E-11
-1.60206E+00  2.83103E+01  2.02359E-03  5.13808E-07  5.19982E-07  5.13834E-07  5.20009E-07  0.00000E+00  3.93585E-11
-1.60206E+00  2.83103E+01  2.55955E-03  7.31628E-07  7.40416E-07  7.31667E-07  7.40455E-07  0.00000E+00  5.72751E-11
-1.60206E+00  2.83103E+01  3.23746E-03  1.04169E-06  1.05420E-06  1.04175E-06  1.05425E-06  0.00000E+00  8.38399E-11
-1.60206E+00  2.83103E+01  4.09492E-03  1.48306E-06  1.50086E-06  1.48315E-06  1.50095E-06  0.00000E+00  1.23888E-10
-1.60206E+00  2.83103E+01  5.17947E-03  2.11137E-06  2.13670E-06  2.11150E-06  2.13683E-06  0.00000E+00  1.85452E-10
-1.60206E+00  2.83103E+01  6.55129E-03  3.00575E-06  3.04180E-06  3.00596E-06  3.04201E-06  0.00000E+00  2.82240E-10
-1.60206E+00  2.83103E+01  8.28643E-03  4.27754E-06  4.32883E-06  4.27787E-06  4.32916E-06  0.00000E+00  4.36281E-10
-1.60206E+00  2.83103E+01  1.04811E-02  6.08594E-06  6.15890E-06  6.08646E-06  6.15943E-06  0.00000E+00  6.75719E-10
-1.60206E+00  2.83103E+01  1.32571E-02  8.65822E-06  8.76201E-06  8.65904E-06  8.76283E-06  0.00000E+00  1.03656E-09
-1.60206E+00  2.83103E+01  1.67683E-02  1.23182E-05  1.24658E-05  1.23194E-05  1.24671E-05  0.00000E+00  1.56067E-09
-1.60206E+00  2.83103E+01  2.12095E-02  1.75271E-05  1.77372E-05  1.75290E-05  1.77390E-05  0.00000E+00  2.31182E-09
-1.60206E+00  2.83103E+01  2.68270E-02  2.49427E-05  2.52415E-05  2.49455E-05  2.52443E-05  0.00000E+00  3.36530E-09
-1.60206E+00  2.83103E+01  3.39322E-02  3.55022E-05  3.59273E-05  3.55062E-05  3.59313E-05  0.00000E+00  4.86937E-09
-1.60206E+00  2.83103E+01  4.29193E-02  5.05128E-05  5.11175E-05  5.05187E-05  5.11234E-05  0.00000E+00  7.16829E-09
-1.60206E+00  2.83103E+01  5.42868E-02  7.18414E-05  7.27013E-05  7.18506E-05  7.27105E-05  0.00000E+00  1.09305E-08
-1.60206E+00  2.83103E+01  6.86649E-02  1.02171E-04  1.03394E-04  1.02186E-04  1.03408E-04  1.29079E-17  1.72803E-08
-1.60206E+00  2.83103E+01  8.68511E-02  1.45328E-04  1.47066E-04  1.45351E-04  1.47090E-04  1.74698E-14  2.68526E-08
-1.60206E+00  2.83103E+01  1.09854E-01  2.06711E-04  2.09183E-04  2.06745E-04  2.09217E-04  6.70002E-12  3.95565E-08
-1.60206E+00  2.83103E+01  1.38950E-01  2.94058E-04  2.97572E-04  2.94105E-04  2.97620E-04  7.57512E-10  5.45811E-08
-1.60206E+00  2.83103E+01  1.75751E-01  4.18372E-04  4.23368E-04  4.18430E-04  4.23425E-04  3.26055E-08  6.78581E-08
-1.60206E+00  2.83103E+01  2.22300E-01  5.95075E-04  6.02174E-04  5.95135E-04  6.02234E-04  6.53918E-07  7.48768E-08
-1.60206E+00  2.83103E+01  2.81177E-01  8.46431E-04  8.56518E-04  8.46489E-04  8.56576E-04  7.16886E-06  7.90707E-08
-1.60206E+00  2.83103E+01  3.55648E-01  1.20403E-03  1.21836E-03  1.20409E-03  1.21842E-03  4.87541E-05  8.34579E-08
-1.60206E+00  2.83103E+01  4.49843E-01  1.71266E-03  1.73301E-03  1.71271E-03  1.73305E-03  2.27502E-04  8.80650E-08
-1.60206E+00  2.83103E+01  5.68987E-01  2.43593E-03  2.46481E-03  2.43597E-03  2.46485E-03  7.89869E-04  9.29070E-08
-1.60206E+00  2.83103E+01  7.19686E-01  3.46483E-03  3.50580E-03  3.46485E-03  3.50581E-03  2.17776E-03  9.79991E-08
-1.60206E+00  2.83103E+01  9.10298E-01  4.92769E-03  4.98576E-03  4.92768E-03  4.98574E-03  5.01992E-03  1.03357E-07
-1.60206E+00  2.83103E+01  1.15140E+00  7.00817E-03  7.09041E-03  7.00811E-03  7.09035E-03  1.00596E-02  1.08997E-07
-1.60206E+00  2.83103E+01  1.45635E+00  9.96586E-03  1.00822E-02  9.96575E-03  1.00821E-02  1.80203E-02  1.14935E-07
-1.60206E+00  2.83103E+01  1.84207E+00  1.41709E-02  1.43352E-02  1.41707E-02  1.43350E-02  2.93789E-02  1.21189E-07
-1.60206E+00  2.83103E+01  2.32995E+00  2.01477E-02  2.03795E-02  2.01473E-02  2.03792E-02  4.40154E-02  1.27777E-07
-1.60206E+00  2.83103E+01  2.94705E+00  2.86409E-02  2.89671E-02  2.86404E-02  2.89666E-02  6.08094E-02  1.34719E-07
-1.60206E+00  2.83103E+01  3.72759E+00  4.07065E-02  4.11644E-02  4.07058E-02  4.11637E-02  7.74792E-02  1.42032E-07
-1.60206E+00  2.83103E+01  4.71487E+00  5.78407E-02  5.84809E-02  5.78396E-02  5.84799E-02  9.10599E-02  1.49739E-07
-1.60206E+00  2.83103E+01  5.96362E+00  8.21605E-02  8.30518E-02  8.21590E-02  8.30503E-02  9.90206E-02  1.57862E-07
-1.60206E+00  2.83103E+01  7.54312E+00  1.16656E-01  1.17890E-01  1.16654E-01  1.17888E-01  1.00318E-01  1.66422E-07
-1.60206E+00  2.83103E+01  9.54095E+00  1.65542E-01  1.67236E-01  1.65539E-01  1.67233E-01  9.56094E-02  1.75445E-07
-1.60206E+00  2.83103E+01  1.20679E+01  2.34739E-01  2.37042E-01  2.34735E-01  2.37038E-01  8.66387E-02  1.84955E-07
-1.60206E+00  2.83103E+01  1.52642E+01  3.32525E-01  3.35611E-01  3.32520E-01  3.35606E-01  7.53942E-02  1.94978E-07
-1.60206E+00  2.83103E+01  1.93070E+01  4.70384E-01  4.74440E-01  4.70378E-01  4.74434E-01  6.35430E-02  2.05544E-07
-1.60206E+00  2.83103E+01  2.44205E+01  6.64063E-01  6.69243E-01  6.64056E-01  6.69235E-01  5.22237E-02  2.16682E-07
-1.60206E+00  2.83103E+01  3.08884E+01  9.34688E-01  9.41014E-01  9.34679E-01  9.41006E-01  4.20770E-02  2.28422E-07
-1.60206E+00  2.83103E+01  3.90694E+01  1.30931E+00  1.31649E+00  1.30930E+00  1.31648E+00  3.33705E-02  2.40798E-07
-1.60206E+00  2.83103E+01  4.94171E+01  1.81881E+00  1.82585E+00  1.81880E+00  1.82584E+00  2.61312E-02  2.53843E-07
-1.60206E+00  2.83103E+01  6.25055E+01  2.49513E+00  2.49864E+00  2.49511E+00  2.49863E+00  2.02512E-02  2.67595E-07
-1.60206E+00  2.83103E+01  7.90604E+01  2.98033E+00  2.97843E+00  2.98031E+00  2.97842E+00  1.55601E-02  2.82091E-07
-1.60206E+00  2.83103E+01  1.00000E+02  3.36726E+00  3.35782E+00  3.36725E+00  3.35781E+00  1.18698E-02  2.97372E-07
# T =  0  2.50000E-02
# D = 28  4.52035E+28
-1.60206E+00  2.86552E+01  1.00000E-03  8.62654E-08  8.70663E-08  8.62688E-08  8.70696E-08  0.00000E+00  4.59248E-12
-1.60206E+00  2.86552E+01  1.26486E-03  1.22852E-07  1.23992E-07  1.22857E-07  1.23997E-07  0.00000E+00  6.79687E-12
-1.60206E+00  2.86552E+01  1.59986E-03  1.74926E-07  1.76548E-07  1.74933E-07  1.76556E-07  0.00000E+00  1.00619E-11
-1.60206E+00  2.86552E+01  2.02359E-03  2.49038E-07  2.51348E-07  2.49050E-07  2.51359E-07  0.00000E+00  1.48531E-11
-1.60206E+00  2.86552E+01  2.55955E-03  3.54516E-07  3.57803E-07  3.54533E-07  3.57819E-07  0.00000E+00  2.18111E-11
-1.60206E+00  2.86552E+01  3.23746E-03  5.04634E-07  5.09310E-07  5.04659E-07  5.09335E-07  0.00000E+00  3.18260E-11
-1.60206E+00  2.86552E+01  4.09492E-03  7.18285E-07  7.24939E-07  7.18321E-07  7.24975E-07  0.00000E+00  4.61209E-11
-1.60206E+00  2.86552E+01  5.17947E-03  1.02237E-06  1.03183E-06  1.02242E-06  1.03189E-06  0.00000E+00  6.63540E-11
-1.60206E+00  2.86552E+01  6.55129E-03  1.45517E-06  1.46864E-06  1.45524E-06  1.46871E-06  0.00000E+00  9.47682E-11
-1.60206E+00  2.86552E+01  8.28643E-03  2.07016E-06  2.08932E-06  2.07026E-06  2.08943E-06  0.00000E+00  1.34447E-10
-1.60206E+00  2.86552E+01  1.04811E-02  2.94322E-06  2.97047E-06  2.94337E-06  2.97062E-06  0.00000E+00  1.89980E-10
-1.60206E+00  2.86552E+01  1.32571E-02  4.18335E-06  4.22210E-06  4.18356E-06  4.22231E-06  0.00000E+00  2.68842E-10
-1.60206E+00  2.86552E+01  1.67683E-02  5.94574E-06  6.00083E-06  5.94603E-06  6.00113E-06  0.00000E+00  3.81380E-10
-1.60206E+00  2.86552E+01  2.12095E-02  8.45136E-06  8.52969E-06  8.45178E-06  8.53012E-06  0.00000E+00  5.44583E-10
-1.60206E+00  2.86552E+01  2.68270E-02  1.20150E-05  1.21263E-05  1.20156E-05  1.21270E-05  0.00000E+00  7.80672E-10
-1.60206E+00  2.86552E+01  3.39322E-02  1.70849E-05  1.72433E-05  1.70858E-05  1.72442E-05  0.00000E+00  1.14133E-09
-1.60206E+00  2.86552E+01  4.29193E-02  2.43002E-05  2.45255E-05  2.43016E-05  2.45269E-05  0.00000E+00  1.73162E-09
-1.60206E+00  2.86552E+01  5.42868E-02  3.45688E-05  3.48893E-05  3.45711E-05  3.48916E-05  0.00000E+00  2.75308E-09
-1.60206E+00  2.86552E+01  6.86649E-02  4.91716E-05  4.96274E-05  4.91755E-05  4.96313E-05  0.00000E+00  4.57580E-09
-1.60206E+00  2.86552E+01  8.68511E-02  6.99459E-05  7.05942E-05  6.99525E-05  7.06007E-05  0.00000E+00  7.50353E-09
-1.60206E+00  2.86552E+01  1.09854E-01  9.95151E-05  1.00437E-04  9.95252E-05  1.00447E-04  1.28709E-16  1.15751E-08
-1.60206E+00  2.86552E+01  1.38950E-01  1.41612E-04  1.42924E-04  1.41627E-04  1.42938E-04  1.37226E-13  1.63789E-08
-1.60206E+00  2.86552E+01  1.75751E-01  2.01443E-04  2.03308E-04  2.01462E-04  2.03326E-04  3.49141E-11  2.08129E-08
-1.60206E+00  2.86552E+01  2.22300E-01  2.86512E-04  2.89163E-04  2.86532E-04  2.89183E-04  2.85369E-09  2.36511E-08
-1.60206E+00  2.86552E+01  2.81177E-01  4.07539E-04  4.11307E-04  4.07559E-04  4.11327E-04  9.50243E-08  2.58109E-08
-1.60206E+00  2.86552E+01  3.55648E-01  5.79691E-04  5.85047E-04  5.79711E-04  5.85067E-04  1.55535E-06  2.81502E-08
-1.60206E+00  2.86552E+01  4.49843E-01  8.24698E-04  8.32310E-04  8.24717E-04  8.32329E-04  1.45162E-05  3.06898E-08
-1.60206E+00  2.86552E+01  5.68987E-01  1.17300E-03  1.18381E-03  1.17302E-03  1.18383E-03  8.68980E-05  3.34484E-08
-1.60206E+00  2.86552E+01  7.19686E-01  1.66841E-03  1.68377E-03  1.66843E-03  1.68378E-03  3.66514E-04  3.64465E-08
-1.60206E+00  2.86552E+01  9.10298E-01  2.37326E-03  2.39506E-03  2.37326E-03  2.39506E-03  1.17453E-03  3.97059E-08
-1.60206E+00  2.86552E+01  1.15140E+00  3.37542E-03  3.40635E-03  3.37542E-03  3.40634E-03  3.03743E-03  4.32506E-08
-1.60206E+00  2.86552E+01  1.45635E+00  4.80081E-03  4.84466E-03  4.80079E-03  4.84465E-03  6.64293E-03  4.71063E-08
-1.60206E+00  2.86552E+01  1.84207E+00  6.82757E-03  6.88970E-03  6.82753E-03  6.88966E-03  1.27185E-02  5.13010E-08
-1.60206E+00  2.86552E+01  2.32995E+00  9.70962E-03  9.79755E-03  9.70954E-03  9.79747E-03  2.18257E-02  5.58654E-08
-1.60206E+00  2.86552E+01  2.94705E+00  1.38066E-02  1.39309E-02  1.38065E-02  1.39307E-02  3.40491E-02  6.08324E-08
-1.60206E+00  2.86552E+01  3.72759E+00  1.96306E-02  1.98060E-02  1.96305E-02  1.98059E-02  4.86241E-02  6.62381E-08
-1.60206E+00  2.86552E+01  4.71487E+00  2.79076E-02  2.81546E-02  2.79073E-02  2.81543E-02  6.37298E-02  7.21216E-08
-1.60206E+00  2.86552E+01  5.96362E+00  3.96673E-02  4.00143E-02  3.96669E-02  4.00139E-02  7.67984E-02  7.85256E-08
-1.60206E+00  2.86552E+01  7.54312E+00  5.63695E-02  5.68553E-02  5.63689E-02  5.68548E-02  8.54263E-02  8.54963E-08
-1.60206E+00  2.86552E+01  9.54095E+00  8.00815E-02  8.07588E-02  8.00806E-02  8.07580E-02  8.83545E-02  9.30842E-08
-1.60206E+00  2.86552E+01  1.20679E+01  1.13725E-01  1.14664E-01  1.13723E-01  1.14663E-01  8.58098E-02  1.01344E-07
-1.60206E+00  2.86552E+01  1.52642E+01  1.61420E-01  1.62713E-01  1.61419E-01  1.62712E-01  7.90910E-02  1.10336E-07
-1.60206E+00  2.86552E+01  1.93070E+01  2.28966E-01  2.30728E-01  2.28964E-01  2.30726E-01  6.98731E-02  1.20124E-07
-1.60206E+00  2.86552E+01  2.44205E+01  3.24479E-01  3.26851E-01  3.24476E-01  3.26849E-01  5.96728E-02  1.30780E-07
-1.60206E+00  2.86552E+01  3.08884E+01  4.59257E-01  4.62393E-01  4.59254E-01  4.62389E-01  4.96054E-02  1.42381E-07
-1.60206E+00  2.86552E+01  3.90694E+01  6.48854E-01  6.52889E-01  6.48849E-01  6.52884E-01  4.03595E-02  1.55010E-07
-1.60206E+00  2.86552E+01  4.94171E+01  9.14278E-01  9.19263E-01  9.14273E-01  9.19258E-01  3.22758E-02  1.68758E-07
-1.60206E+00  2.86552E+01  6.25055E+01  1.28285E+00  1.28861E+00  1.28285E+00  1.28860E+00  2.54538E-02  1.83726E-07
-1.60206E+00  2.86552E+01  7.90604E+01  1.78620E+00  1.79202E+00  1.78619E+00  1.79202E+00  1.98461E-02  2.00020E-07
-1.60206E+00  2.86552E+01  1.00000E+02  2.48246E+00  2.48631E+00  2.48245E+00  2.48631E+00  1.53284E-02  2.17759E-07
# T =  0  2.50000E-02
# D = 29  1.00000E+29
-1.60206E+00  2.90000E+01  1.00000E-03  4.13550E-08  4.16523E-08  4.13561E-08  4.16533E-08  0.00000E+00  1.39288E-12
-1.60206E+00  2.90000E+01  1.26486E-03  5.88767E-08  5.92997E-08  5.88781E-08  5.93011E-08  0.00000E+00  1.93640E-12
-1.60206E+00  2.90000E+01  1.59986E-03  8.38112E-08  8.44132E-08  8.38132E-08  8.44152E-08  0.00000E+00  2.69054E-12
-1.60206E+00  2.90000E+01  2.02359E-03  1.19294E-07  1.20151E-07  1.19297E-07  1.20153E-07  0.00000E+00  3.74325E-12
-1.60206E+00  2.90000E+01  2.55955E-03  1.69787E-07  1.71006E-07  1.69791E-07  1.71010E-07  0.00000E+00  5.22312E-12
-1.60206E+00  2.90000E+01  3.23746E-03  2.41640E-07  2.43374E-07  2.41645E-07  2.43379E-07  0.00000E+00  7.31781E-12
-1.60206E+00  2.90000E+01  4.09492E-03  3.43889E-07  3.46356E-07  3.43896E-07  3.46364E-07  0.00000E+00  1.02965E-11
-1.60206E+00  2.90000E+01  5.17947E-03  4.89381E-07  4.92892E-07  4.89392E-07  4.92903E-07  0.00000E+00  1.45521E-11
-1.60206E+00  2.90000E+01  6.55129E-03  6.96190E-07  7.01185E-07  6.96205E-07  7.01200E-07  0.00000E+00  2.06578E-11
-1.60206E+00  2.90000E+01  8.28643E-03  9.90148E-07  9.97252E-07  9.90169E-07  9.97273E-07  0.00000E+00  2.95107E-11
-1.60206E+00  2.90000E+01  1.04811E-02  1.40809E-06  1.41820E-06  1.40812E-06  1.41823E-06  0.00000E+00  4.27141E-11
-1.60206E+00  2.90000E+01  1.32571E-02  2.00246E-06  2.01683E-06  2.00251E-06  2.01688E-06  0.00000E+00  6.30704E-11
-1.60206E+00  2.90000E+01  1.67683E-02  2.84790E-06  2.86834E-06  2.84797E-06  2.86841E-06  0.00000E+00  9.58836E-11
-1.60206E+00  2.90000E+01  2.12095E-02  4.05068E-06  4.07976E-06  4.05080E-06  4.07987E-06  0.00000E+00  1.50268E-10
-1.60206E+00  2.90000E+01  2.68270E-02  5.76215E-06  5.80350E-06  5.76234E-06  5.80370E-06  0.00000E+00  2.43514E-10
-1.60206E+00  2.90000E+01  3.39322E-02  8.19782E-06  8.25666E-06  8.19815E-06  8.25698E-06  0.00000E+00  3.94004E-10
-1.60206E+00  2.90000E+01  4.29193E-02  1.16647E-05  1.17484E-05  1.16652E-05  1.17489E-05  0.00000E+00  6.19889E-10
-1.60206E+00  2.90000E+01  5.42868E-02  1.66002E-05  1.67193E-05  1.66010E-05  1.67201E-05  0.00000E+00  9.37745E-10
-1.60206E+00  2.90000E+01  6.86649E-02  2.36263E-05  2.37957E-05  2.36275E-05  2.37969E-05  0.00000E+00  1.36596E-09
-1.60206E+00  2.90000E+01  8.68511E-02  3.36095E-05  3.38505E-05  3.36112E-05  3.38522E-05  0.00000E+00  1.96589E-09
-1.60206E+00  2.90000E+01  1.09854E-01  4.77942E-05  4.81369E-05  4.77967E-05  4.81394E-05  0.00000E+00  2.90257E-09
-1.60206E+00  2.90000E+01  1.38950E-01  6.79618E-05  6.84490E-05  6.79658E-05  6.84531E-05  0.00000E+00  4.56415E-09
-1.60206E+00  2.90000E+01  1.75751E-01  9.66524E-05  9.73452E-05  9.66596E-05  9.73524E-05  1.41957E-15  7.97081E-09
-1.60206E+00  2.90000E+01  2.22300E-01  1.37475E-04  1.38460E-04  1.37489E-04  1.38474E-04  9.38992E-13  1.50327E-08
-1.60206E+00  2.90000E+01  2.81177E-01  1.95534E-04  1.96934E-04  1.95561E-04  1.96962E-04  1.63139E-10  2.88739E-08
-1.60206E+00  2.90000E+01  3.55648E-01  2.78158E-04  2.80149E-04  2.78211E-04  2.80203E-04  9.86086E-09  5.56733E-08
-1.60206E+00  2.90000E+01  4.49843E-01  3.95740E-04  3.98572E-04  3.95845E-04  3.98677E-04  2.58600E-07  1.07681E-07
-1.60206E+00  2.90000E+01  5.68987E-01  5.62865E-04  5.66890E-04  5.63069E-04  5.67094E-04  3.50321E-06  2.08794E-07
-1.60206E+00  2.90000E+01  7.19686E-01  8.00592E-04  8.06311E-04  8.00991E-04  8.06710E-04  2.81403E-05  4.05672E-07
-1.60206E+00  2.90000E+01  9.10298E-01  1.13874E-03  1.14687E-03  1.13952E-03  1.14765E-03  1.49536E-04  7.89469E-07
-1.60206E+00  2.90000E+01  1.15140E+00  1.61987E-03  1.63141E-03  1.62140E-03  1.63294E-03  5.73703E-04  1.53836E-06
-1.60206E+00  2.90000E+01  1.45635E+00  2.30393E-03  2.32031E-03  2.30691E-03  2.32330E-03  1.70442E-03  3.00074E-06
-1.60206E+00  2.90000E+01  1.84207E+00  3.27692E-03  3.30018E-03  3.28275E-03  3.30601E-03  4.14429E-03  5.85808E-06
-1.60206E+00  2.90000E+01  2.32995E+00  4.66069E-03  4.69367E-03  4.67210E-03  4.70508E-03  8.60139E-03  1.14437E-05
-1.60206E+00  2.90000E+01  2.94705E+00  6.62845E-03  6.67518E-03  6.65076E-03  6.69750E-03  1.57015E-02  2.23668E-05
-1.60206E+00  2.90000E+01  3.72759E+00  9.42662E-03  9.49279E-03  9.47029E-03  9.53646E-03  2.57031E-02  4.37340E-05
-1.60206E+00  2.90000E+01  4.71487E+00  1.34051E-02  1.34987E-02  1.34906E-02  1.35841E-02  3.81479E-02  8.55414E-05
-1.60206E+00  2.90000E+01  5.96362E+00  1.90604E-02  1.91925E-02  1.92276E-02  1.93597E-02  5.16214E-02  1.67358E-04
-1.60206E+00  2.90000E+01  7.54312E+00  2.70987E-02  2.72849E-02  2.74260E-02  2.76122E-02  6.39314E-02  3.27495E-04
-1.60206E+00  2.90000E+01  9.54095E+00  3.85208E-02  3.87826E-02  3.91615E-02  3.94233E-02  7.28428E-02  6.40964E-04
-1.60206E+00  2.90000E+01  1.20679E+01  5.47460E-02  5.51130E-02  5.60003E-02  5.63673E-02  7.69759E-02  1.25464E-03
-1.60206E+00  2.90000E+01  1.52642E+01  7.77852E-02  7.82975E-02  8.02408E-02  8.07531E-02  7.62250E-02  2.45611E-03
-1.60206E+00  2.90000E+01  1.93070E+01  1.10481E-01  1.11193E-01  1.15289E-01  1.16001E-01  7.15041E-02  4.80852E-03
-1.60206E+00  2.90000E+01  2.44205E+01  1.56851E-01  1.57832E-01  1.66264E-01  1.67246E-01  6.41796E-02  9.41461E-03
-1.60206E+00  2.90000E+01  3.08884E+01  2.22546E-01  2.23889E-01  2.40979E-01  2.42322E-01  5.55881E-02  1.84338E-02
-1.60206E+00  2.90000E+01  3.90694E+01  3.15501E-01  3.17315E-01  3.51594E-01  3.53408E-01  4.67838E-02  3.60949E-02
-1.60206E+00  2.90000E+01  4.94171E+01  4.46779E-01  4.49189E-01  5.17456E-01  5.19866E-01  3.84724E-02  7.06790E-02
-1.60206E+00  2.90000E+01  6.25055E+01  6.31672E-01  6.34796E-01  7.70072E-01  7.73197E-01  3.10499E-02  1.38403E-01
-1.60206E+00  2.90000E+01  7.90604E+01  8.90976E-01  8.94878E-01  1.16200E+00  1.16590E+00  2.46796E-02  2.71024E-01
-1.60206E+00  2.90000E+01  1.00000E+02  1.25207E+00  1.25665E+00  1.78281E+00  1.78739E+00  1.93717E-02  5.30736E-01
