# nt =  1
# nd = 30
# ne = 50
# T =  0  2.50000E-02
# D =  0  1.00000E+19
-1.60206E+00  1.90000E+01  1.00000E-03  0.00000E+00  0.00000E+00  2.78300E-01  2.78300E-01  8.85931E-02  2.78300E-01
-1.60206E+00  1.90000E+01  1.26486E-03  0.00000E+00  0.00000E+00  2.72864E-01  2.72864E-01  1.08949E-01  2.72864E-01
-1.60206E+00  1.90000E+01  1.59986E-03  0.00000E+00  0.00000E+00  2.68841E-01  2.68841E-01  1.32253E-01  2.68841E-01
-1.60206E+00  1.90000E+01  2.02359E-03 9.42941E-104 9.42971E-104  2.65462E-01  2.65462E-01  1.58199E-01  2.65462E-01
-1.60206E+00  1.90000E+01  2.55955E-03  4.48939E-76  4.48960E-76  2.59285E-01  2.59285E-01  1.85874E-01  2.59285E-01
-1.60206E+00  1.90000E+01  3.23746E-03  1.57395E-53  1.57405E-53  2.48739E-01  2.48739E-01  2.13418E-01  2.48739E-01
-1.60206E+00  1.90000E+01  4.09492E-03  3.23976E-35  3.24007E-35  2.35867E-01  2.35867E-01  2.37756E-01  2.35867E-01
-1.60206E+00  1.90000E+01  5.17947E-03  6.69463E-21  6.69562E-21  2.21044E-01  2.21044E-01  2.54734E-01  2.21044E-01
-1.60206E+00  1.90000E+01  6.55129E-03  2.11397E-10  2.11451E-10  2.05061E-01  2.05061E-01  2.60100E-01  2.05061E-01
-1.60206E+00  1.90000E+01  8.28643E-03  7.58298E-04  7.58787E-04  1.82357E-01  1.82357E-01  2.51326E-01  1.81810E-01
-1.60206E+00  1.90000E+01  1.04811E-02  2.37486E-01  2.37608E-01  3.42560E-01  3.42657E-01  2.29247E-01  1.54160E-01
-1.60206E+00  1.90000E+01  1.32571E-02  4.97293E-01  4.97352E-01  5.45024E-01  5.45075E-01  1.98018E-01  1.31423E-01
-1.60206E+00  1.90000E+01  1.67683E-02  6.58588E-01  6.58638E-01  6.86494E-01  6.86539E-01  1.63224E-01  1.15326E-01
-1.60206E+00  1.90000E+01  2.12095E-02  7.97989E-01  7.98032E-01  8.17632E-01  8.17673E-01  1.29656E-01  1.01617E-01
-1.60206E+00  1.90000E+01  2.68270E-02  9.28040E-01  9.28083E-01  9.43933E-01  9.43975E-01  1.00201E-01  8.87047E-02
-1.60206E+00  1.90000E+01  3.39322E-02  1.05383E+00  1.05388E+00  1.06814E+00  1.06819E+00  7.59394E-02  7.70456E-02
-1.60206E+00  1.90000E+01  4.29193E-02  1.17545E+00  1.17549E+00  1.18942E+00  1.18946E+00  5.67784E-02  6.67899E-02
-1.60206E+00  1.90000E+01  5.42868E-02  1.29246E+00  1.29250E+00  1.30651E+00  1.30655E+00  4.20588E-02  5.75489E-02
-1.60206E+00  1.90000E+01  6.86649E-02  1.41652E+00  1.41656E+00  1.43018E+00  1.43023E+00  3.09556E-02  4.96258E-02
-1.60206E+00  1.90000E+01  8.68511E-02  1.54162E+00  1.54166E+00  1.55959E+00  1.55963E+00  2.26810E-02  4.72480E-02
-1.60206E+00  1.90000E+01  1.09854E-01  1.66973E+00  1.66979E+00  1.69252E+00  1.69257E+00  1.65643E-02  4.62546E-02
-1.60206E+00  1.90000E+01  1.38950E-01  1.77183E+00  1.77187E+00  1.79698E+00  1.79703E+00  1.20678E-02  4.37800E-02
-1.60206E+00  1.90000E+01  1.75751E-01  1.90677E+00  1.90682E+00  1.93024E+00  1.93029E+00  8.77533E-03  3.88283E-02
-1.60206E+00  1.90000E+01  2.22300E-01  2.01452E+00  2.01456E+00  2.03677E+00  2.03680E+00  6.37148E-03  3.44370E-02
-1.60206E+00  1.90000E+01  2.81177E-01  2.14711E+00  2.14717E+00  2.16802E+00  2.16808E+00  4.62025E-03  3.05427E-02
-1.60206E+00  1.90000E+01  3.55648E-01  2.23809E+00  2.23813E+00  2.25753E+00  2.25757E+00  3.34667E-03  2.70891E-02
-1.60206E+00  1.90000E+01  4.49843E-01  2.34547E+00  2.34552E+00  2.36359E+00  2.36364E+00  2.42179E-03  2.40262E-02
-1.60206E+00  1.90000E+01  5.68987E-01  2.50422E+00  2.50427E+00  2.52058E+00  2.52062E+00  1.75097E-03  2.13097E-02
-1.60206E+00  1.90000E+01  7.19686E-01  2.62446E+00  2.62451E+00  2.63945E+00  2.63949E+00  1.26494E-03  1.89005E-02
-1.60206E+00  1.90000E+01  9.10298E-01  2.70910E+00  2.70915E+00  2.72285E+00  2.72290E+00  9.13136E-04  1.67637E-02
-1.60206E+00  1.90000E+01  1.15140E+00  2.86289E+00  2.86293E+00  2.87533E+00  2.87537E+00  6.58712E-04  1.48685E-02
-1.60206E+00  1.90000E+01  1.45635E+00  2.95166E+00  2.95170E+00  2.96294E+00  2.96298E+00  4.74864E-04  1.31876E-02
-1.60206E+00  1.90000E+01  1.84207E+00  3.06322E+00  3.06326E+00  3.07344E+00  3.07349E+00  3.42114E-04  1.16968E-02
-1.60206E+00  1.90000E+01  2.32995E+00  3.15037E+00  3.15041E+00  3.15961E+00  3.15965E+00  2.46329E-04  1.03745E-02
-1.60206E+00  1.90000E+01  2.94705E+00  3.35446E+00  3.35451E+00  3.36267E+00  3.36272E+00  1.77262E-04  9.20172E-03
-1.60206E+00  1.90000E+01  3.72759E+00  3.45935E+00  3.45940E+00  3.46674E+00  3.46679E+00  1.27492E-04  8.16151E-03
-1.60206E+00  1.90000E+01  4.71487E+00  3.54971E+00  3.54974E+00  3.55635E+00  3.55639E+00  9.16490E-05  7.23890E-03
-1.60206E+00  1.90000E+01  5.96362E+00  3.66196E+00  3.66200E+00  3.66792E+00  3.66796E+00  6.58507E-05  6.42059E-03
-1.60206E+00  1.90000E+01  7.54312E+00  3.79372E+00  3.79378E+00  3.79904E+00  3.79910E+00  4.72922E-05  5.69478E-03
-1.60206E+00  1.90000E+01  9.54095E+00  3.90251E+00  3.90255E+00  3.90726E+00  3.90730E+00  3.39487E-05  5.05103E-03
-1.60206E+00  1.90000E+01  1.20679E+01  3.99631E+00  3.99635E+00  4.00057E+00  4.00060E+00  2.43597E-05  4.48005E-03
-1.60206E+00  1.90000E+01  1.52642E+01  4.12801E+00  4.12806E+00  4.13181E+00  4.13186E+00  1.74719E-05  3.97361E-03
-1.60206E+00  1.90000E+01  1.93070E+01  4.54086E+00  4.54212E+00  4.54425E+00  4.54550E+00  1.25267E-05  3.52442E-03
-1.60206E+00  1.90000E+01  2.44205E+01  4.44236E+00  4.44240E+00  4.44537E+00  4.44541E+00  8.97777E-06  3.12601E-03
-1.60206E+00  1.90000E+01  3.08884E+01  4.53841E+00  4.53846E+00  4.54109E+00  4.54114E+00  6.43192E-06  2.77264E-03
-1.60206E+00  1.90000E+01  3.90694E+01  4.59904E+00  4.59908E+00  4.60143E+00  4.60147E+00  4.60638E-06  2.45922E-03
-1.60206E+00  1.90000E+01  4.94171E+01  4.67353E+00  4.67359E+00  4.67566E+00  4.67572E+00  3.29785E-06  2.18122E-03
-1.60206E+00  1.90000E+01  6.25055E+01  4.79883E+00  4.79888E+00  4.80072E+00  4.80077E+00  2.36026E-06  1.93465E-03
-1.60206E+00  1.90000E+01  7.90604E+01  5.01459E+00  5.01463E+00  5.01627E+00  5.01631E+00  1.68870E-06  1.71596E-03
-1.60206E+00  1.90000E+01  1.00000E+02  5.24629E+00  5.24633E+00  5.24778E+00  5.24782E+00  1.20785E-06  1.52198E-03
# T =  0  2.50000E-02
# D =  1  2.21222E+19
-1.60206E+00  1.93448E+01  1.00000E-03  0.00000E+00  0.00000E+00  2.72105E-01  2.72105E-01  1.12874E-01  2.72105E-01
-1.60206E+00  1.93448E+01  1.26486E-03  0.00000E+00  0.00000E+00  2.68199E-01  2.68199E-01  1.41073E-01  2.68199E-01
-1.60206E+00  1.93448E+01  1.59986E-03  0.00000E+00  0.00000E+00  2.65218E-01  2.65218E-01  1.73624E-01  2.65218E-01
-1.60206E+00  1.93448E+01  2.02359E-03 8.70239E-104 8.70298E-104  2.62552E-01  2.62552E-01  2.10114E-01  2.62552E-01
-1.60206E+00  1.93448E+01  2.55955E-03  4.30315E-76  4.30358E-76  2.57100E-01  2.57100E-01  2.49266E-01  2.57100E-01
-1.60206E+00  1.93448E+01  3.23746E-03  1.96161E-53  1.96189E-53  2.47240E-01  2.47240E-01  2.88451E-01  2.47240E-01
-1.60206E+00  1.93448E+01  4.09492E-03  3.83012E-35  3.83095E-35  2.34776E-01  2.34776E-01  3.23301E-01  2.34776E-01
-1.60206E+00  1.93448E+01  5.17947E-03  7.99921E-21  8.00185E-21  2.20313E-01  2.20313E-01  3.47923E-01  2.20313E-01
-1.60206E+00  1.93448E+01  6.55129E-03  2.52111E-10  2.52253E-10  2.04467E-01  2.04467E-01  3.56315E-01  2.04467E-01
-1.60206E+00  1.93448E+01  8.28643E-03  8.99070E-04  9.00373E-04  1.82129E-01  1.82130E-01  3.44960E-01  1.81479E-01
-1.60206E+00  1.93448E+01  1.04811E-02  2.72726E-01  2.73073E-01  3.72034E-01  3.72315E-01  3.15082E-01  1.53986E-01
-1.60206E+00  1.93448E+01  1.32571E-02  5.67401E-01  5.67535E-01  6.06995E-01  6.07111E-01  2.72499E-01  1.31326E-01
-1.60206E+00  1.93448E+01  1.67683E-02  7.28951E-01  7.29067E-01  7.51252E-01  7.51357E-01  2.24942E-01  1.15225E-01
-1.60206E+00  1.93448E+01  2.12095E-02  8.68006E-01  8.68100E-01  8.83939E-01  8.84028E-01  1.78993E-01  1.01541E-01
-1.60206E+00  1.93448E+01  2.68270E-02  9.99127E-01  9.99225E-01  1.01248E+00  1.01257E+00  1.38609E-01  8.86456E-02
-1.60206E+00  1.93448E+01  3.39322E-02  1.12372E+00  1.12383E+00  1.13647E+00  1.13657E+00  1.05279E-01  7.69905E-02
-1.60206E+00  1.93448E+01  4.29193E-02  1.24386E+00  1.24395E+00  1.25693E+00  1.25701E+00  7.88950E-02  6.67446E-02
-1.60206E+00  1.93448E+01  5.42868E-02  1.36923E+00  1.36933E+00  1.38221E+00  1.38231E+00  5.85755E-02  5.75278E-02
-1.60206E+00  1.93448E+01  6.86649E-02  1.48230E+00  1.48240E+00  1.49580E+00  1.49589E+00  4.32086E-02  4.96284E-02
-1.60206E+00  1.93448E+01  8.68511E-02  1.60108E+00  1.60117E+00  1.61908E+00  1.61918E+00  3.17271E-02  4.72453E-02
-1.60206E+00  1.93448E+01  1.09854E-01  1.72754E+00  1.72764E+00  1.74987E+00  1.74997E+00  2.32184E-02  4.62523E-02
-1.60206E+00  1.93448E+01  1.38950E-01  1.84165E+00  1.84174E+00  1.86639E+00  1.86648E+00  1.69486E-02  4.37746E-02
-1.60206E+00  1.93448E+01  1.75751E-01  1.95729E+00  1.95739E+00  1.98098E+00  1.98109E+00  1.23473E-02  3.88113E-02
-1.60206E+00  1.93448E+01  2.22300E-01  2.07582E+00  2.07591E+00  2.09825E+00  2.09835E+00  8.98062E-03  3.44112E-02
-1.60206E+00  1.93448E+01  2.81177E-01  2.20649E+00  2.20658E+00  2.22711E+00  2.22720E+00  6.52295E-03  3.05104E-02
-1.60206E+00  1.93448E+01  3.55648E-01  2.31072E+00  2.31082E+00  2.33010E+00  2.33020E+00  4.73222E-03  2.70521E-02
-1.60206E+00  1.93448E+01  4.49843E-01  2.44134E+00  2.44142E+00  2.45919E+00  2.45926E+00  3.42945E-03  2.39859E-02
-1.60206E+00  1.93448E+01  5.68987E-01  2.53731E+00  2.53743E+00  2.55380E+00  2.55392E+00  2.48295E-03  2.12675E-02
-1.60206E+00  1.93448E+01  7.19686E-01  2.64817E+00  2.64826E+00  2.66332E+00  2.66341E+00  1.79608E-03  1.88572E-02
-1.60206E+00  1.93448E+01  9.10298E-01  2.81437E+00  2.81445E+00  2.82793E+00  2.82801E+00  1.29817E-03  1.67202E-02
-1.60206E+00  1.93448E+01  1.15140E+00  2.91895E+00  2.91908E+00  2.93134E+00  2.93146E+00  9.37563E-04  1.48254E-02
-1.60206E+00  1.93448E+01  1.45635E+00  3.02265E+00  3.02274E+00  3.03392E+00  3.03400E+00  6.76641E-04  1.31453E-02
-1.60206E+00  1.93448E+01  1.84207E+00  3.15475E+00  3.15482E+00  3.16487E+00  3.16494E+00  4.88002E-04  1.16557E-02
-1.60206E+00  1.93448E+01  2.32995E+00  3.25856E+00  3.25869E+00  3.26771E+00  3.26784E+00  3.51726E-04  1.03349E-02
-1.60206E+00  1.93448E+01  2.94705E+00  3.35582E+00  3.35590E+00  3.36407E+00  3.36416E+00  2.53351E-04  9.16375E-03
-1.60206E+00  1.93448E+01  3.72759E+00  3.47864E+00  3.47871E+00  3.48604E+00  3.48611E+00  1.82385E-04  8.12535E-03
-1.60206E+00  1.93448E+01  4.71487E+00  3.64247E+00  3.64260E+00  3.64906E+00  3.64919E+00  1.31224E-04  7.20461E-03
-1.60206E+00  1.93448E+01  5.96362E+00  3.74355E+00  3.74365E+00  3.74946E+00  3.74956E+00  9.43650E-05  6.38822E-03
-1.60206E+00  1.93448E+01  7.54312E+00  3.84357E+00  3.84365E+00  3.84886E+00  3.84894E+00  6.78248E-05  5.66434E-03
-1.60206E+00  1.93448E+01  9.54095E+00  3.93823E+00  3.93829E+00  3.94297E+00  3.94303E+00  4.87255E-05  5.02249E-03
-1.60206E+00  1.93448E+01  1.20679E+01  4.09754E+00  4.09768E+00  4.10176E+00  4.10190E+00  3.49884E-05  4.45337E-03
-1.60206E+00  1.93448E+01  1.52642E+01  4.20235E+00  4.20245E+00  4.20611E+00  4.20621E+00  2.51131E-05  3.94874E-03
-1.60206E+00  1.93448E+01  1.93070E+01  4.30385E+00  4.30393E+00  4.30721E+00  4.30729E+00  1.80174E-05  3.50129E-03
-1.60206E+00  1.93448E+01  2.44205E+01  4.43235E+00  4.43241E+00  4.43534E+00  4.43541E+00  1.29213E-05  3.10454E-03
-1.60206E+00  1.93448E+01  3.08884E+01  4.52330E+00  4.52341E+00  4.52596E+00  4.52607E+00  9.26297E-06  2.75276E-03
-1.60206E+00  1.93448E+01  3.90694E+01  4.71120E+00  4.71135E+00  4.71357E+00  4.71371E+00  6.63791E-06  2.44083E-03
-1.60206E+00  1.93448E+01  4.94171E+01  4.82011E+00  4.82019E+00  4.82222E+00  4.82230E+00  4.75505E-06  2.16425E-03
-1.60206E+00  1.93448E+01  6.25055E+01  4.86688E+00  4.86696E+00  4.86875E+00  4.86884E+00  3.40509E-06  1.91901E-03
-1.60206E+00  1.93448E+01  7.90604E+01  4.98525E+00  4.98531E+00  4.98692E+00  4.98698E+00  2.43756E-06  1.70156E-03
-1.60206E+00  1.93448E+01  1.00000E+02  5.18735E+00  5.18745E+00  5.18883E+00  5.18893E+00  1.74438E-06  1.50875E-03
# T =  0  2.50000E-02
# D =  2  4.89390E+19
-1.60206E+00  1.96897E+01  1.00000E-03  0.00000E+00  0.00000E+00  2.61910E-01  2.61910E-01  1.21357E-01  2.61910E-01
-1.60206E+00  1.96897E+01  1.26486E-03  0.00000E+00  0.00000E+00  2.60503E-01  2.60503E-01  1.55033E-01  2.60503E-01
-1.60206E+00  1.96897E+01  1.59986E-03 1.38856E-139 1.38871E-139  2.59195E-01  2.59195E-01  1.94576E-01  2.59195E-01
-1.60206E+00  1.96897E+01  2.02359E-03 1.65612E-103 1.65636E-103  2.57648E-01  2.57648E-01  2.39706E-01  2.57648E-01
-1.60206E+00  1.96897E+01  2.55955E-03  6.71346E-76  6.71493E-76  2.53386E-01  2.53386E-01  2.89184E-01  2.53386E-01
-1.60206E+00  1.96897E+01  3.23746E-03  2.90402E-53  2.90495E-53  2.44722E-01  2.44722E-01  3.40199E-01  2.44722E-01
-1.60206E+00  1.96897E+01  4.09492E-03  5.57940E-35  5.58206E-35  2.32951E-01  2.32951E-01  3.87787E-01  2.32951E-01
-1.60206E+00  1.96897E+01  5.17947E-03  1.17138E-20  1.17224E-20  2.19106E-01  2.19106E-01  4.24797E-01  2.19106E-01
-1.60206E+00  1.96897E+01  6.55129E-03  3.69089E-10  3.69551E-10  2.03453E-01  2.03453E-01  4.43253E-01  2.03453E-01
-1.60206E+00  1.96897E+01  8.28643E-03  1.29081E-03  1.29508E-03  1.81862E-01  1.81865E-01  4.37380E-01  1.80926E-01
-1.60206E+00  1.96897E+01  1.04811E-02  2.78298E-01  2.79122E-01  3.76871E-01  3.77543E-01  4.06883E-01  1.53722E-01
-1.60206E+00  1.96897E+01  1.32571E-02  6.52385E-01  6.52666E-01  6.83345E-01  6.83590E-01  3.57742E-01  1.31180E-01
-1.60206E+00  1.96897E+01  1.67683E-02  8.15288E-01  8.15519E-01  8.31626E-01  8.31837E-01  2.99454E-01  1.15066E-01
-1.60206E+00  1.96897E+01  2.12095E-02  9.55802E-01  9.56056E-01  9.67718E-01  9.67959E-01  2.40986E-01  1.01435E-01
-1.60206E+00  1.96897E+01  2.68270E-02  1.08443E+00  1.08464E+00  1.09528E+00  1.09548E+00  1.88283E-01  8.85859E-02
-1.60206E+00  1.96897E+01  3.39322E-02  1.21102E+00  1.21123E+00  1.22209E+00  1.22230E+00  1.44013E-01  7.69504E-02
-1.60206E+00  1.96897E+01  4.29193E-02  1.33284E+00  1.33308E+00  1.34471E+00  1.34495E+00  1.08523E-01  6.67154E-02
-1.60206E+00  1.96897E+01  5.42868E-02  1.45119E+00  1.45137E+00  1.46376E+00  1.46394E+00  8.09381E-02  5.74987E-02
-1.60206E+00  1.96897E+01  6.86649E-02  1.57285E+00  1.57311E+00  1.58576E+00  1.58601E+00  5.99297E-02  4.96121E-02
-1.60206E+00  1.96897E+01  8.68511E-02  1.69281E+00  1.69298E+00  1.71026E+00  1.71042E+00  4.41467E-02  4.72141E-02
-1.60206E+00  1.96897E+01  1.09854E-01  1.80450E+00  1.80476E+00  1.82703E+00  1.82729E+00  3.23983E-02  4.62278E-02
-1.60206E+00  1.96897E+01  1.38950E-01  1.92691E+00  1.92709E+00  1.95155E+00  1.95173E+00  2.37089E-02  4.37666E-02
-1.60206E+00  1.96897E+01  1.75751E-01  2.05014E+00  2.05040E+00  2.07355E+00  2.07381E+00  1.73113E-02  3.88278E-02
-1.60206E+00  1.96897E+01  2.22300E-01  2.16490E+00  2.16510E+00  2.18716E+00  2.18736E+00  1.26171E-02  3.44467E-02
-1.60206E+00  1.96897E+01  2.81177E-01  2.26695E+00  2.26715E+00  2.28796E+00  2.28816E+00  9.18176E-03  3.05604E-02
-1.60206E+00  1.96897E+01  3.55648E-01  2.39994E+00  2.40018E+00  2.41934E+00  2.41958E+00  6.67289E-03  2.71129E-02
-1.60206E+00  1.96897E+01  4.49843E-01  2.52777E+00  2.52793E+00  2.54560E+00  2.54576E+00  4.84385E-03  2.40546E-02
-1.60206E+00  1.96897E+01  5.68987E-01  2.62807E+00  2.62834E+00  2.64460E+00  2.64487E+00  3.51240E-03  2.13414E-02
-1.60206E+00  1.96897E+01  7.19686E-01  2.76115E+00  2.76136E+00  2.77622E+00  2.77643E+00  2.54445E-03  1.89343E-02
-1.60206E+00  1.96897E+01  9.10298E-01  2.85169E+00  2.85184E+00  2.86551E+00  2.86566E+00  1.84158E-03  1.67989E-02
-1.60206E+00  1.96897E+01  1.15140E+00  2.97467E+00  2.97495E+00  2.98719E+00  2.98747E+00  1.33175E-03  1.49043E-02
-1.60206E+00  1.96897E+01  1.45635E+00  3.13095E+00  3.13116E+00  3.14220E+00  3.14241E+00  9.62303E-04  1.32234E-02
-1.60206E+00  1.96897E+01  1.84207E+00  3.22706E+00  3.22723E+00  3.23727E+00  3.23744E+00  6.94829E-04  1.17321E-02
-1.60206E+00  1.96897E+01  2.32995E+00  3.32621E+00  3.32642E+00  3.33544E+00  3.33565E+00  5.01347E-04  1.04091E-02
-1.60206E+00  1.96897E+01  2.94705E+00  3.46615E+00  3.46644E+00  3.47443E+00  3.47472E+00  3.61502E-04  9.23520E-03
-1.60206E+00  1.96897E+01  3.72759E+00  3.56831E+00  3.56848E+00  3.57577E+00  3.57594E+00  2.60501E-04  8.19374E-03
-1.60206E+00  1.96897E+01  4.71487E+00  3.66011E+00  3.66026E+00  3.66681E+00  3.66696E+00  1.87606E-04  7.26973E-03
-1.60206E+00  1.96897E+01  5.96362E+00  3.83910E+00  3.83936E+00  3.84506E+00  3.84532E+00  1.35032E-04  6.44992E-03
-1.60206E+00  1.96897E+01  7.54312E+00  3.95600E+00  3.95630E+00  3.96134E+00  3.96164E+00  9.71381E-05  5.72257E-03
-1.60206E+00  1.96897E+01  9.54095E+00  4.05924E+00  4.05940E+00  4.06402E+00  4.06418E+00  6.98420E-05  5.07724E-03
-1.60206E+00  1.96897E+01  1.20679E+01  4.15601E+00  4.15618E+00  4.16029E+00  4.16046E+00  5.01913E-05  4.50469E-03
-1.60206E+00  1.96897E+01  1.52642E+01  4.27276E+00  4.27291E+00  4.27657E+00  4.27672E+00  3.60523E-05  3.99670E-03
-1.60206E+00  1.96897E+01  1.93070E+01  4.40857E+00  4.40894E+00  4.41197E+00  4.41233E+00  2.58845E-05  3.54600E-03
-1.60206E+00  1.96897E+01  2.44205E+01  4.55632E+00  4.55651E+00  4.55935E+00  4.55955E+00  1.85762E-05  3.14613E-03
-1.60206E+00  1.96897E+01  3.08884E+01  4.63591E+00  4.63616E+00  4.63861E+00  4.63886E+00  1.33258E-05  2.79134E-03
-1.60206E+00  1.96897E+01  3.90694E+01  4.72880E+00  4.72897E+00  4.73121E+00  4.73138E+00  9.55553E-06  2.47657E-03
-1.60206E+00  1.96897E+01  4.94171E+01  4.96215E+00  4.96230E+00  4.96428E+00  4.96443E+00  6.84933E-06  2.19729E-03
-1.60206E+00  1.96897E+01  6.25055E+01  5.01149E+00  5.01186E+00  5.01339E+00  5.01377E+00  4.90772E-06  1.94951E-03
-1.60206E+00  1.96897E+01  7.90604E+01  5.09097E+00  5.09125E+00  5.09266E+00  5.09295E+00  3.51525E-06  1.72967E-03
-1.60206E+00  1.96897E+01  1.00000E+02  5.51054E+00  5.51092E+00  5.51205E+00  5.51243E+00  2.51700E-06  1.53462E-03
# T =  0  2.50000E-02
# D =  3  1.08264E+20
-1.60206E+00  2.00345E+01  1.00000E-03  0.00000E+00  0.00000E+00  2.45259E-01  2.45259E-01  1.10546E-01  2.45259E-01
-1.60206E+00  2.00345E+01  1.26486E-03  0.00000E+00  0.00000E+00  2.47797E-01  2.47797E-01  1.45211E-01  2.47797E-01
-1.60206E+00  2.00345E+01  1.59986E-03 3.98534E-137 3.98624E-137  2.49168E-01  2.49168E-01  1.86986E-01  2.49168E-01
-1.60206E+00  2.00345E+01  2.02359E-03 3.43134E-103 3.43247E-103  2.49435E-01  2.49435E-01  2.35967E-01  2.49435E-01
-1.60206E+00  2.00345E+01  2.55955E-03  1.50694E-75  1.50768E-75  2.47087E-01  2.47087E-01  2.91424E-01  2.47087E-01
-1.60206E+00  2.00345E+01  3.23746E-03  6.51738E-53  6.52207E-53  2.40432E-01  2.40432E-01  3.51168E-01  2.40432E-01
-1.60206E+00  2.00345E+01  4.09492E-03  1.23009E-34  1.23138E-34  2.29890E-01  2.29890E-01  4.10786E-01  2.29890E-01
-1.60206E+00  2.00345E+01  5.17947E-03  2.63370E-20  2.63797E-20  2.17077E-01  2.17077E-01  4.63143E-01  2.17077E-01
-1.60206E+00  2.00345E+01  6.55129E-03  8.27369E-10  8.29685E-10  2.01721E-01  2.01721E-01  4.98989E-01  2.01721E-01
-1.60206E+00  2.00345E+01  8.28643E-03  2.63558E-03  2.65597E-03  1.81889E-01  1.81904E-01  5.09548E-01  1.79971E-01
-1.60206E+00  2.00345E+01  1.04811E-02  2.74740E-01  2.76422E-01  3.74004E-01  3.75377E-01  4.90594E-01  1.53358E-01
-1.60206E+00  2.00345E+01  1.32571E-02  7.56607E-01  7.57348E-01  7.78867E-01  7.79524E-01  4.45284E-01  1.30993E-01
-1.60206E+00  2.00345E+01  1.67683E-02  9.20770E-01  9.21242E-01  9.31106E-01  9.31542E-01  3.83022E-01  1.14816E-01
-1.60206E+00  2.00345E+01  2.12095E-02  1.06255E+00  1.06312E+00  1.07050E+00  1.07105E+00  3.15050E-01  1.01253E-01
-1.60206E+00  2.00345E+01  2.68270E-02  1.19116E+00  1.19163E+00  1.19943E+00  1.19989E+00  2.50319E-01  8.84838E-02
-1.60206E+00  2.00345E+01  3.39322E-02  1.31854E+00  1.31906E+00  1.32797E+00  1.32848E+00  1.93896E-01  7.68852E-02
-1.60206E+00  2.00345E+01  4.29193E-02  1.43828E+00  1.43878E+00  1.44917E+00  1.44966E+00  1.47506E-01  6.66765E-02
-1.60206E+00  2.00345E+01  5.42868E-02  1.56144E+00  1.56194E+00  1.57324E+00  1.57374E+00  1.10807E-01  5.74839E-02
-1.60206E+00  2.00345E+01  6.86649E-02  1.67780E+00  1.67825E+00  1.69036E+00  1.69081E+00  8.25078E-02  4.96430E-02
-1.60206E+00  2.00345E+01  8.68511E-02  1.79752E+00  1.79805E+00  1.81488E+00  1.81541E+00  6.10529E-02  4.71919E-02
-1.60206E+00  2.00345E+01  1.09854E-01  1.91644E+00  1.91678E+00  1.93853E+00  1.93887E+00  4.49725E-02  4.61918E-02
-1.60206E+00  2.00345E+01  1.38950E-01  2.03515E+00  2.03577E+00  2.05966E+00  2.06028E+00  3.30150E-02  4.37401E-02
-1.60206E+00  2.00345E+01  1.75751E-01  2.14780E+00  2.14821E+00  2.17142E+00  2.17183E+00  2.41730E-02  3.88347E-02
-1.60206E+00  2.00345E+01  2.22300E-01  2.27200E+00  2.27253E+00  2.29417E+00  2.29469E+00  1.76615E-02  3.44798E-02
-1.60206E+00  2.00345E+01  2.81177E-01  2.39144E+00  2.39196E+00  2.41230E+00  2.41282E+00  1.28811E-02  3.06139E-02
-1.60206E+00  2.00345E+01  3.55648E-01  2.50531E+00  2.50567E+00  2.52477E+00  2.52513E+00  9.38043E-03  2.71819E-02
-1.60206E+00  2.00345E+01  4.49843E-01  2.60449E+00  2.60509E+00  2.62264E+00  2.62324E+00  6.82198E-03  2.41349E-02
-1.60206E+00  2.00345E+01  5.68987E-01  2.75547E+00  2.75598E+00  2.77195E+00  2.77246E+00  4.95539E-03  2.14297E-02
-1.60206E+00  2.00345E+01  7.19686E-01  2.86440E+00  2.86479E+00  2.87956E+00  2.87994E+00  3.59559E-03  1.90279E-02
-1.60206E+00  2.00345E+01  9.10298E-01  2.96882E+00  2.96928E+00  2.98267E+00  2.98313E+00  2.60631E-03  1.68954E-02
-1.60206E+00  2.00345E+01  1.15140E+00  3.09503E+00  3.09571E+00  3.10763E+00  3.10830E+00  1.88746E-03  1.50019E-02
-1.60206E+00  2.00345E+01  1.45635E+00  3.19356E+00  3.19395E+00  3.20503E+00  3.20543E+00  1.36568E-03  1.33207E-02
-1.60206E+00  2.00345E+01  1.84207E+00  3.34460E+00  3.34491E+00  3.35487E+00  3.35518E+00  9.87342E-04  1.18279E-02
-1.60206E+00  2.00345E+01  2.32995E+00  3.45798E+00  3.45863E+00  3.46726E+00  3.46791E+00  7.13265E-04  1.05025E-02
-1.60206E+00  2.00345E+01  2.94705E+00  3.56503E+00  3.56565E+00  3.57341E+00  3.57404E+00  5.14895E-04  9.32557E-03
-1.60206E+00  2.00345E+01  3.72759E+00  3.69237E+00  3.69274E+00  3.69989E+00  3.70027E+00  3.71438E-04  8.28056E-03
-1.60206E+00  2.00345E+01  4.71487E+00  3.79787E+00  3.79823E+00  3.80463E+00  3.80499E+00  2.67776E-04  7.35266E-03
-1.60206E+00  2.00345E+01  5.96362E+00  3.89165E+00  3.89208E+00  3.89772E+00  3.89815E+00  1.92924E-04  6.52875E-03
-1.60206E+00  2.00345E+01  7.54312E+00  4.00047E+00  4.00132E+00  4.00592E+00  4.00676E+00  1.38914E-04  5.79716E-03
-1.60206E+00  2.00345E+01  9.54095E+00  4.18917E+00  4.18952E+00  4.19401E+00  4.19436E+00  9.99680E-05  5.14756E-03
-1.60206E+00  2.00345E+01  1.20679E+01  4.29304E+00  4.29346E+00  4.29737E+00  4.29779E+00  7.19023E-05  4.57075E-03
-1.60206E+00  2.00345E+01  1.52642E+01  4.38683E+00  4.38717E+00  4.39071E+00  4.39104E+00  5.16894E-05  4.05858E-03
-1.60206E+00  2.00345E+01  1.93070E+01  4.47907E+00  4.47943E+00  4.48254E+00  4.48289E+00  3.71405E-05  3.60380E-03
-1.60206E+00  2.00345E+01  2.44205E+01  4.65614E+00  4.65707E+00  4.65922E+00  4.66015E+00  2.66742E-05  3.19998E-03
-1.60206E+00  2.00345E+01  3.08884E+01  4.75525E+00  4.75578E+00  4.75800E+00  4.75853E+00  1.91486E-05  2.84141E-03
-1.60206E+00  2.00345E+01  3.90694E+01  4.83301E+00  4.83328E+00  4.83547E+00  4.83573E+00  1.37404E-05  2.52302E-03
-1.60206E+00  2.00345E+01  4.94171E+01  4.94817E+00  4.94866E+00  4.95036E+00  4.95085E+00  9.85551E-06  2.24030E-03
-1.60206E+00  2.00345E+01  6.25055E+01  5.07392E+00  5.07420E+00  5.07587E+00  5.07614E+00  7.06623E-06  1.98927E-03
-1.60206E+00  2.00345E+01  7.90604E+01  5.25795E+00  5.25822E+00  5.25968E+00  5.25995E+00  5.06442E-06  1.76636E-03
-1.60206E+00  2.00345E+01  1.00000E+02  5.35612E+00  5.35711E+00  5.35766E+00  5.35865E+00  3.62838E-06  1.56844E-03
# T =  0  2.50000E-02
# D =  4  2.39503E+20
-1.60206E+00  2.03793E+01  1.00000E-03  0.00000E+00  0.00000E+00  2.18270E-01  2.18270E-01  8.66410E-02  2.18270E-01
-1.60206E+00  2.03793E+01  1.26486E-03  0.00000E+00  0.00000E+00  2.26851E-01  2.26851E-01  1.17614E-01  2.26851E-01
-1.60206E+00  2.03793E+01  1.59986E-03 2.53590E-136 2.53716E-136  2.32493E-01  2.32493E-01  1.56239E-01  2.32493E-01
-1.60206E+00  2.03793E+01  2.02359E-03 1.66843E-102 1.66967E-102  2.35834E-01  2.35834E-01  2.03099E-01  2.35834E-01
-1.60206E+00  2.03793E+01  2.55955E-03  8.69064E-75  8.69999E-75  2.36466E-01  2.36466E-01  2.58192E-01  2.36466E-01
-1.60206E+00  2.03793E+01  3.23746E-03  3.44616E-52  3.45161E-52  2.32962E-01  2.32962E-01  3.20427E-01  2.32962E-01
-1.60206E+00  2.03793E+01  4.09492E-03  6.44951E-34  6.46465E-34  2.24759E-01  2.24759E-01  3.86879E-01  2.24759E-01
-1.60206E+00  2.03793E+01  5.17947E-03  1.36838E-19  1.37334E-19  2.13587E-01  2.13587E-01  4.51940E-01  2.13587E-01
-1.60206E+00  2.03793E+01  6.55129E-03  4.29306E-09  4.32025E-09  1.98853E-01  1.98853E-01  5.06975E-01  1.98853E-01
-1.60206E+00  2.03793E+01  8.28643E-03  7.87816E-03  8.01503E-03  1.84088E-01  1.84190E-01  5.41499E-01  1.78313E-01
-1.60206E+00  2.03793E+01  1.04811E-02  2.71625E-01  2.74898E-01  3.71628E-01  3.74309E-01  5.46625E-01  1.52889E-01
-1.60206E+00  2.03793E+01  1.32571E-02  7.65934E-01  7.68122E-01  7.89012E-01  7.90975E-01  5.19559E-01  1.30751E-01
-1.60206E+00  2.03793E+01  1.67683E-02  1.04974E+00  1.05079E+00  1.05457E+00  1.05554E+00  4.65755E-01  1.14447E-01
-1.60206E+00  2.03793E+01  2.12095E-02  1.19120E+00  1.19262E+00  1.19559E+00  1.19696E+00  3.96443E-01  1.00982E-01
-1.60206E+00  2.03793E+01  2.68270E-02  1.32307E+00  1.32410E+00  1.32903E+00  1.33003E+00  3.23518E-01  8.83491E-02
-1.60206E+00  2.03793E+01  3.39322E-02  1.44655E+00  1.44788E+00  1.45459E+00  1.45591E+00  2.55673E-01  7.68125E-02
-1.60206E+00  2.03793E+01  4.29193E-02  1.57160E+00  1.57276E+00  1.58155E+00  1.58269E+00  1.97399E-01  6.66376E-02
-1.60206E+00  2.03793E+01  5.42868E-02  1.68739E+00  1.68822E+00  1.69870E+00  1.69952E+00  1.49914E-01  5.74653E-02
-1.60206E+00  2.03793E+01  6.86649E-02  1.81077E+00  1.81216E+00  1.82304E+00  1.82443E+00  1.12543E-01  4.96970E-02
-1.60206E+00  2.03793E+01  8.68511E-02  1.93101E+00  1.93195E+00  1.94805E+00  1.94898E+00  8.38019E-02  4.71784E-02
-1.60206E+00  2.03793E+01  1.09854E-01  2.04327E+00  2.04439E+00  2.06535E+00  2.06647E+00  6.20372E-02  4.62065E-02
-1.60206E+00  2.03793E+01  1.38950E-01  2.16551E+00  2.16681E+00  2.18998E+00  2.19129E+00  4.57278E-02  4.37669E-02
-1.60206E+00  2.03793E+01  1.75751E-01  2.28875E+00  2.28964E+00  2.31209E+00  2.31299E+00  3.35958E-02  3.88260E-02
-1.60206E+00  2.03793E+01  2.22300E-01  2.39359E+00  2.39457E+00  2.41582E+00  2.41681E+00  2.46188E-02  3.44419E-02
-1.60206E+00  2.03793E+01  2.81177E-01  2.51471E+00  2.51624E+00  2.53559E+00  2.53712E+00  1.80024E-02  3.05538E-02
-1.60206E+00  2.03793E+01  3.55648E-01  2.64779E+00  2.64871E+00  2.66707E+00  2.66799E+00  1.31407E-02  2.71052E-02
-1.60206E+00  2.03793E+01  4.49843E-01  2.74994E+00  2.75061E+00  2.76785E+00  2.76852E+00  9.57708E-03  2.40463E-02
-1.60206E+00  2.03793E+01  5.68987E-01  2.86639E+00  2.86799E+00  2.88288E+00  2.88448E+00  6.97032E-03  2.13329E-02
-1.60206E+00  2.03793E+01  7.19686E-01  2.97830E+00  2.97952E+00  2.99345E+00  2.99467E+00  5.06681E-03  1.89259E-02
-1.60206E+00  2.03793E+01  9.10298E-01  3.12850E+00  3.12941E+00  3.14216E+00  3.14307E+00  3.67897E-03  1.67906E-02
-1.60206E+00  2.03793E+01  1.15140E+00  3.21829E+00  3.21895E+00  3.23078E+00  3.23144E+00  2.66848E-03  1.48964E-02
-1.60206E+00  2.03793E+01  1.45635E+00  3.34059E+00  3.34209E+00  3.35189E+00  3.35339E+00  1.93367E-03  1.32159E-02
-1.60206E+00  2.03793E+01  1.84207E+00  3.45505E+00  3.45669E+00  3.46528E+00  3.46692E+00  1.39993E-03  1.17251E-02
-1.60206E+00  2.03793E+01  2.32995E+00  3.55403E+00  3.55473E+00  3.56329E+00  3.56399E+00  1.01266E-03  1.04025E-02
-1.60206E+00  2.03793E+01  2.94705E+00  3.72411E+00  3.72513E+00  3.73236E+00  3.73337E+00  7.31937E-04  9.22905E-03
-1.60206E+00  2.03793E+01  3.72759E+00  3.81455E+00  3.81499E+00  3.82198E+00  3.82242E+00  5.28634E-04  8.18802E-03
-1.60206E+00  2.03793E+01  4.71487E+00  3.91422E+00  3.91594E+00  3.92090E+00  3.92263E+00  3.81529E-04  7.26443E-03
-1.60206E+00  2.03793E+01  5.96362E+00  4.06471E+00  4.06654E+00  4.07068E+00  4.07251E+00  2.75173E-04  6.44503E-03
-1.60206E+00  2.03793E+01  7.54312E+00  4.16673E+00  4.16726E+00  4.17208E+00  4.17261E+00  1.98338E-04  5.71806E-03
-1.60206E+00  2.03793E+01  9.54095E+00  4.26520E+00  4.26622E+00  4.26999E+00  4.27101E+00  1.42869E-04  5.07310E-03
-1.60206E+00  2.03793E+01  1.20679E+01  4.36374E+00  4.36464E+00  4.36802E+00  4.36892E+00  1.02854E-04  4.50088E-03
-1.60206E+00  2.03793E+01  1.52642E+01  4.53247E+00  4.53274E+00  4.53627E+00  4.53654E+00  7.40053E-05  3.99322E-03
-1.60206E+00  2.03793E+01  1.93070E+01  4.64135E+00  4.64327E+00  4.64474E+00  4.64666E+00  5.32199E-05  3.54281E-03
-1.60206E+00  2.03793E+01  2.44205E+01  4.75171E+00  4.75386E+00  4.75474E+00  4.75689E+00  3.82531E-05  3.14321E-03
-1.60206E+00  2.03793E+01  3.08884E+01  4.86962E+00  4.87037E+00  4.87232E+00  4.87307E+00  2.74820E-05  2.78868E-03
-1.60206E+00  2.03793E+01  3.90694E+01  5.01514E+00  5.01565E+00  5.01754E+00  5.01805E+00  1.97346E-05  2.47414E-03
-1.60206E+00  2.03793E+01  4.94171E+01  5.11944E+00  5.12074E+00  5.12158E+00  5.12288E+00  1.41650E-05  2.19507E-03
-1.60206E+00  2.03793E+01  6.25055E+01  5.18639E+00  5.18726E+00  5.18830E+00  5.18917E+00  1.01630E-05  1.94749E-03
-1.60206E+00  2.03793E+01  7.90604E+01  5.29944E+00  5.29964E+00  5.30114E+00  5.30133E+00  7.28867E-06  1.72783E-03
-1.60206E+00  2.03793E+01  1.00000E+02  5.42172E+00  5.42288E+00  5.42322E+00  5.42438E+00  5.22522E-06  1.53294E-03
# T =  0  2.50000E-02
# D =  5  5.29832E+20
-1.60206E+00  2.07241E+01  1.00000E-03  0.00000E+00  0.00000E+00  1.78769E-01  1.78769E-01  5.96355E-02  1.78769E-01
-1.60206E+00  2.07241E+01  1.26486E-03 4.25246E-178 4.25569E-178  1.94895E-01  1.94895E-01  8.39202E-02  1.94895E-01
-1.60206E+00  2.07241E+01  1.59986E-03 6.18717E-135 6.19393E-135  2.06514E-01  2.06514E-01  1.15460E-01  2.06514E-01
-1.60206E+00  2.07241E+01  2.02359E-03 4.43075E-101 4.43803E-101  2.14128E-01  2.14128E-01  1.55291E-01  2.14128E-01
-1.60206E+00  2.07241E+01  2.55955E-03  2.03890E-73  2.04377E-73  2.18462E-01  2.18462E-01  2.04101E-01  2.18462E-01
-1.60206E+00  2.07241E+01  3.23746E-03  8.42317E-51  8.45286E-51  2.19455E-01  2.19455E-01  2.61893E-01  2.19455E-01
-1.60206E+00  2.07241E+01  4.09492E-03  1.57368E-32  1.58191E-32  2.15697E-01  2.15697E-01  3.27427E-01  2.15697E-01
-1.60206E+00  2.07241E+01  5.17947E-03  3.33857E-18  3.36573E-18  2.07273E-01  2.07273E-01  3.97406E-01  2.07273E-01
-1.60206E+00  2.07241E+01  6.55129E-03  1.04286E-07  1.05821E-07  1.94140E-01  1.94140E-01  4.65603E-01  1.94140E-01
-1.60206E+00  2.07241E+01  8.28643E-03  2.19129E-02  2.26317E-02  1.91668E-01  1.92207E-01  5.22604E-01  1.75433E-01
-1.60206E+00  2.07241E+01  1.04811E-02  2.69223E-01  2.75332E-01  3.70023E-01  3.75064E-01  5.57294E-01  1.52195E-01
-1.60206E+00  2.07241E+01  1.32571E-02  7.42020E-01  7.47057E-01  7.69817E-01  7.74334E-01  5.60733E-01  1.30395E-01
-1.60206E+00  2.07241E+01  1.67683E-02  1.08773E+00  1.09171E+00  1.09273E+00  1.09649E+00  5.30805E-01  1.13899E-01
-1.60206E+00  2.07241E+01  2.12095E-02  1.34100E+00  1.34313E+00  1.34278E+00  1.34484E+00  4.73962E-01  1.00552E-01
-1.60206E+00  2.07241E+01  2.68270E-02  1.47434E+00  1.47779E+00  1.47873E+00  1.48212E+00  4.02163E-01  8.81115E-02
-1.60206E+00  2.07241E+01  3.39322E-02  1.60214E+00  1.60481E+00  1.60914E+00  1.61178E+00  3.27513E-01  7.66606E-02
-1.60206E+00  2.07241E+01  4.29193E-02  1.72353E+00  1.72533E+00  1.73287E+00  1.73466E+00  2.58566E-01  6.65265E-02
-1.60206E+00  2.07241E+01  5.42868E-02  1.84148E+00  1.84434E+00  1.85235E+00  1.85520E+00  1.99594E-01  5.74016E-02
-1.60206E+00  2.07241E+01  6.86649E-02  1.96496E+00  1.96833E+00  1.97709E+00  1.98046E+00  1.51639E-01  4.97673E-02
-1.60206E+00  2.07241E+01  8.68511E-02  2.08538E+00  2.08761E+00  2.10227E+00  2.10449E+00  1.13922E-01  4.71186E-02
-1.60206E+00  2.07241E+01  1.09854E-01  2.20042E+00  2.20217E+00  2.22237E+00  2.22411E+00  8.49090E-02  4.61813E-02
-1.60206E+00  2.07241E+01  1.38950E-01  2.31587E+00  2.31872E+00  2.34027E+00  2.34312E+00  6.29224E-02  4.37669E-02
-1.60206E+00  2.07241E+01  1.75751E-01  2.43697E+00  2.44078E+00  2.46040E+00  2.46422E+00  4.64300E-02  3.88326E-02
-1.60206E+00  2.07241E+01  2.22300E-01  2.55886E+00  2.56085E+00  2.58102E+00  2.58301E+00  3.41480E-02  3.44428E-02
-1.60206E+00  2.07241E+01  2.81177E-01  2.67843E+00  2.68055E+00  2.69917E+00  2.70129E+00  2.50491E-02  3.05507E-02
-1.60206E+00  2.07241E+01  3.55648E-01  2.77961E+00  2.78077E+00  2.79902E+00  2.80019E+00  1.83350E-02  2.70994E-02
-1.60206E+00  2.07241E+01  4.49843E-01  2.90262E+00  2.90659E+00  2.92054E+00  2.92451E+00  1.33959E-02  2.40387E-02
-1.60206E+00  2.07241E+01  5.68987E-01  3.03666E+00  3.04034E+00  3.05307E+00  3.05674E+00  9.77161E-03  2.13242E-02
-1.60206E+00  2.07241E+01  7.19686E-01  3.14824E+00  3.14972E+00  3.16331E+00  3.16478E+00  7.11775E-03  1.89165E-02
-1.60206E+00  2.07241E+01  9.10298E-01  3.25526E+00  3.25765E+00  3.26903E+00  3.27141E+00  5.17799E-03  1.67809E-02
-1.60206E+00  2.07241E+01  1.15140E+00  3.36992E+00  3.37143E+00  3.38240E+00  3.38392E+00  3.76243E-03  1.48866E-02
-1.60206E+00  2.07241E+01  1.45635E+00  3.50233E+00  3.50438E+00  3.51358E+00  3.51564E+00  2.73089E-03  1.32063E-02
-1.60206E+00  2.07241E+01  1.84207E+00  3.60619E+00  3.61129E+00  3.61641E+00  3.62151E+00  1.98017E-03  1.17157E-02
-1.60206E+00  2.07241E+01  2.32995E+00  3.74357E+00  3.74685E+00  3.75276E+00  3.75603E+00  1.43447E-03  1.03934E-02
-1.60206E+00  2.07241E+01  2.94705E+00  3.84146E+00  3.84227E+00  3.84975E+00  3.85056E+00  1.03824E-03  9.22038E-03
-1.60206E+00  2.07241E+01  3.72759E+00  3.95133E+00  3.95381E+00  3.95878E+00  3.96126E+00  7.50828E-04  8.17979E-03
-1.60206E+00  2.07241E+01  4.71487E+00  4.10654E+00  4.10887E+00  4.11318E+00  4.11552E+00  5.42557E-04  7.25665E-03
-1.60206E+00  2.07241E+01  5.96362E+00  4.19860E+00  4.19934E+00  4.20457E+00  4.20531E+00  3.91768E-04  6.43771E-03
-1.60206E+00  2.07241E+01  7.54312E+00  4.29369E+00  4.29592E+00  4.29904E+00  4.30126E+00  2.82688E-04  5.71120E-03
-1.60206E+00  2.07241E+01  9.54095E+00  4.43986E+00  4.44564E+00  4.44463E+00  4.45041E+00  2.03844E-04  5.06668E-03
-1.60206E+00  2.07241E+01  1.20679E+01  4.55191E+00  4.55642E+00  4.55618E+00  4.56068E+00  1.46897E-04  4.49491E-03
-1.60206E+00  2.07241E+01  1.52642E+01  4.65704E+00  4.65829E+00  4.66086E+00  4.66211E+00  1.05796E-04  3.98766E-03
-1.60206E+00  2.07241E+01  1.93070E+01  4.81623E+00  4.81681E+00  4.81962E+00  4.82020E+00  7.61506E-05  3.53766E-03
-1.60206E+00  2.07241E+01  2.44205E+01  4.93047E+00  4.93327E+00  4.93349E+00  4.93629E+00  5.47825E-05  3.13844E-03
-1.60206E+00  2.07241E+01  3.08884E+01  5.04052E+00  5.04348E+00  5.04321E+00  5.04617E+00  3.93898E-05  2.78427E-03
-1.60206E+00  2.07241E+01  3.90694E+01  5.13080E+00  5.13221E+00  5.13320E+00  5.13461E+00  2.83081E-05  2.47007E-03
-1.60206E+00  2.07241E+01  4.94171E+01  5.24417E+00  5.24434E+00  5.24631E+00  5.24648E+00  2.03343E-05  2.19133E-03
-1.60206E+00  2.07241E+01  6.25055E+01  5.37364E+00  5.37510E+00  5.37554E+00  5.37700E+00  1.45999E-05  1.94405E-03
-1.60206E+00  2.07241E+01  7.90604E+01  5.48670E+00  5.49273E+00  5.48839E+00  5.49442E+00  1.04780E-05  1.72467E-03
-1.60206E+00  2.07241E+01  1.00000E+02  5.58456E+00  5.59118E+00  5.58607E+00  5.59268E+00  7.51671E-06  1.53004E-03
# T =  0  2.50000E-02
# D =  6  1.17210E+21
-1.60206E+00  2.10690E+01  1.00000E-03  0.00000E+00  0.00000E+00  1.24219E-01  1.24219E-01  3.67213E-02  1.24219E-01
-1.60206E+00  2.10690E+01  1.26486E-03 2.95966E-174 2.96433E-174  1.45503E-01  1.45503E-01  5.37049E-02  1.45503E-01
-1.60206E+00  2.10690E+01  1.59986E-03 1.98381E-132 1.98865E-132  1.64437E-01  1.64437E-01  7.66975E-02  1.64437E-01
-1.60206E+00  2.10690E+01  2.02359E-03  1.50047E-98  1.50593E-98  1.79828E-01  1.79828E-01  1.07021E-01  1.79828E-01
-1.60206E+00  2.10690E+01  2.55955E-03  7.79897E-71  7.84047E-71  1.90781E-01  1.90781E-01  1.45877E-01  1.90781E-01
-1.60206E+00  2.10690E+01  3.23746E-03  3.11523E-48  3.13967E-48  1.97483E-01  1.97483E-01  1.94110E-01  1.97483E-01
-1.60206E+00  2.10690E+01  4.09492E-03  5.75581E-30  5.82330E-30  1.99759E-01  1.99759E-01  2.51841E-01  1.99759E-01
-1.60206E+00  2.10690E+01  5.17947E-03  1.21435E-15  1.23685E-15  1.96001E-01  1.96001E-01  3.17891E-01  1.96001E-01
-1.60206E+00  2.10690E+01  6.55129E-03  3.51057E-05  3.64274E-05  1.86090E-01  1.86091E-01  3.88945E-01  1.86066E-01
-1.60206E+00  2.10690E+01  8.28643E-03  4.34551E-02  4.58676E-02  2.03132E-01  2.04981E-01  4.58659E-01  1.70436E-01
-1.60206E+00  2.10690E+01  1.04811E-02  2.66014E-01  2.77079E-01  3.67476E-01  3.76711E-01  5.17403E-01  1.50481E-01
-1.60206E+00  2.10690E+01  1.32571E-02  6.90611E-01  7.02659E-01  7.27374E-01  7.38167E-01  5.53806E-01  1.29711E-01
-1.60206E+00  2.10690E+01  1.67683E-02  1.06594E+00  1.07463E+00  1.07483E+00  1.08306E+00  5.58722E-01  1.13056E-01
-1.60206E+00  2.10690E+01  2.12095E-02  1.35885E+00  1.36674E+00  1.36226E+00  1.36994E+00  5.29954E-01  9.97967E-02
-1.60206E+00  2.10690E+01  2.68270E-02  1.62543E+00  1.63375E+00  1.62944E+00  1.63763E+00  4.73982E-01  8.76635E-02
-1.60206E+00  2.10690E+01  3.39322E-02  1.77363E+00  1.77801E+00  1.78031E+00  1.78464E+00  4.02803E-01  7.64066E-02
-1.60206E+00  2.10690E+01  4.29193E-02  1.89440E+00  1.89793E+00  1.90355E+00  1.90705E+00  3.28553E-01  6.63608E-02
-1.60206E+00  2.10690E+01  5.42868E-02  2.01543E+00  2.02075E+00  2.02620E+00  2.03151E+00  2.59812E-01  5.73206E-02
-1.60206E+00  2.10690E+01  6.86649E-02  2.13575E+00  2.14368E+00  2.14761E+00  2.15553E+00  2.00890E-01  4.94552E-02
-1.60206E+00  2.10690E+01  8.68511E-02  2.25580E+00  2.26555E+00  2.26818E+00  2.27793E+00  1.52875E-01  4.26242E-02
-1.60206E+00  2.10690E+01  1.09854E-01  2.37686E+00  2.38576E+00  2.38935E+00  2.39824E+00  1.15034E-01  3.67202E-02
-1.60206E+00  2.10690E+01  1.38950E-01  2.49823E+00  2.50332E+00  2.51227E+00  2.51735E+00  8.58686E-02  3.33881E-02
-1.60206E+00  2.10690E+01  1.75751E-01  2.61871E+00  2.62195E+00  2.63692E+00  2.64016E+00  6.37248E-02  3.36327E-02
-1.60206E+00  2.10690E+01  2.22300E-01  2.73408E+00  2.73900E+00  2.75577E+00  2.76069E+00  4.70854E-02  3.39602E-02
-1.60206E+00  2.10690E+01  2.81177E-01  2.84765E+00  2.85333E+00  2.87221E+00  2.87789E+00  3.46733E-02  3.42909E-02
-1.60206E+00  2.10690E+01  3.55648E-01  2.96492E+00  2.96894E+00  2.99180E+00  2.99582E+00  2.54641E-02  3.46246E-02
-1.60206E+00  2.10690E+01  4.49843E-01  3.08215E+00  3.08359E+00  3.11095E+00  3.11239E+00  1.86590E-02  3.49614E-02
-1.60206E+00  2.10690E+01  5.68987E-01  3.18914E+00  3.19454E+00  3.21962E+00  3.22502E+00  1.36463E-02  3.53015E-02
-1.60206E+00  2.10690E+01  7.19686E-01  3.31392E+00  3.32502E+00  3.34570E+00  3.35681E+00  9.96367E-03  3.56447E-02
-1.60206E+00  2.10690E+01  9.10298E-01  3.44061E+00  3.45313E+00  3.47353E+00  3.48605E+00  7.26401E-03  3.59913E-02
-1.60206E+00  2.10690E+01  1.15140E+00  3.55994E+00  3.56874E+00  3.59387E+00  3.60267E+00  5.28871E-03  3.63412E-02
-1.60206E+00  2.10690E+01  1.45635E+00  3.66907E+00  3.67157E+00  3.70389E+00  3.70639E+00  3.84582E-03  3.66945E-02
-1.60206E+00  2.10690E+01  1.84207E+00  3.80184E+00  3.80297E+00  3.83737E+00  3.83849E+00  2.79342E-03  3.70512E-02
-1.60206E+00  2.10690E+01  2.32995E+00  3.91815E+00  3.92292E+00  3.95435E+00  3.95912E+00  2.02688E-03  3.74114E-02
-1.60206E+00  2.10690E+01  2.94705E+00  4.02117E+00  4.02814E+00  4.05801E+00  4.06497E+00  1.46924E-03  3.77750E-02
-1.60206E+00  2.10690E+01  3.72759E+00  4.14321E+00  4.14968E+00  4.18060E+00  4.18708E+00  1.06404E-03  3.81421E-02
-1.60206E+00  2.10690E+01  4.71487E+00  4.23951E+00  4.24302E+00  4.27745E+00  4.28096E+00  7.69921E-04  3.85128E-02
-1.60206E+00  2.10690E+01  5.96362E+00  4.37995E+00  4.38076E+00  4.41837E+00  4.41918E+00  5.56650E-04  3.88871E-02
-1.60206E+00  2.10690E+01  7.54312E+00  4.50108E+00  4.50114E+00  4.53996E+00  4.54003E+00  4.02147E-04  3.92650E-02
-1.60206E+00  2.10690E+01  9.54095E+00  4.59524E+00  4.60146E+00  4.63459E+00  4.64081E+00  2.90316E-04  3.96466E-02
-1.60206E+00  2.10690E+01  1.20679E+01  4.71469E+00  4.72866E+00  4.75450E+00  4.76846E+00  2.09440E-04  4.00319E-02
-1.60206E+00  2.10690E+01  1.52642E+01  4.84689E+00  4.86364E+00  4.88712E+00  4.90388E+00  1.50995E-04  4.04210E-02
-1.60206E+00  2.10690E+01  1.93070E+01  4.95537E+00  4.96914E+00  4.99604E+00  5.00981E+00  1.08792E-04  4.08138E-02
-1.60206E+00  2.10690E+01  2.44205E+01  5.06346E+00  5.07063E+00  5.10456E+00  5.11173E+00  7.83378E-05  4.12104E-02
-1.60206E+00  2.10690E+01  3.08884E+01  5.26086E+00  5.26239E+00  5.30237E+00  5.30390E+00  5.63770E-05  4.16109E-02
-1.60206E+00  2.10690E+01  3.90694E+01  5.35370E+00  5.35385E+00  5.39564E+00  5.39579E+00  4.05508E-05  4.20153E-02
-1.60206E+00  2.10690E+01  4.94171E+01  5.44318E+00  5.44307E+00  5.48555E+00  5.48543E+00  2.91524E-05  4.24236E-02
-1.60206E+00  2.10690E+01  6.25055E+01  5.55061E+00  5.55301E+00  5.59340E+00  5.59580E+00  2.09476E-05  4.28359E-02
-1.60206E+00  2.10690E+01  7.90604E+01  5.69250E+00  5.69906E+00  5.73571E+00  5.74228E+00  1.50449E-05  4.32522E-02
-1.60206E+00  2.10690E+01  1.00000E+02  5.77998E+00  5.78946E+00  5.82363E+00  5.83310E+00  1.08007E-05  4.36725E-02
# T =  0  2.50000E-02
# D =  7  2.59294E+21
-1.60206E+00  2.14138E+01  1.00000E-03 2.97114E-221 2.97791E-221  6.90767E-02  6.90767E-02  2.03739E-02  6.90767E-02
-1.60206E+00  2.14138E+01  1.26486E-03 1.38067E-169 1.38547E-169  8.87091E-02  8.87091E-02  3.11860E-02  8.87091E-02
-1.60206E+00  2.14138E+01  1.59986E-03 6.25676E-128 6.29011E-128  1.08552E-01  1.08552E-01  4.63886E-02  1.08552E-01
-1.60206E+00  2.14138E+01  2.02359E-03  5.63097E-94  5.67580E-94  1.27838E-01  1.27838E-01  6.72793E-02  1.27838E-01
-1.60206E+00  2.14138E+01  2.55955E-03  2.90319E-66  2.93781E-66  1.45041E-01  1.45041E-01  9.52658E-02  1.45041E-01
-1.60206E+00  2.14138E+01  3.23746E-03  1.17205E-43  1.19268E-43  1.58409E-01  1.58409E-01  1.31697E-01  1.58409E-01
-1.60206E+00  2.14138E+01  4.09492E-03  2.14492E-25  2.20196E-25  1.67622E-01  1.67622E-01  1.77604E-01  1.67622E-01
-1.60206E+00  2.14138E+01  5.17947E-03  4.48350E-11  4.67990E-11  1.72074E-01  1.72074E-01  2.33316E-01  1.72074E-01
-1.60206E+00  2.14138E+01  6.55129E-03  3.96326E-03  4.30300E-03  1.73419E-01  1.73663E-01  2.97874E-01  1.70640E-01
-1.60206E+00  2.14138E+01  8.28643E-03  6.64784E-02  7.25425E-02  2.13033E-01  2.17831E-01  3.68202E-01  1.61836E-01
-1.60206E+00  2.14138E+01  1.04811E-02  2.58653E-01  2.77956E-01  3.60403E-01  3.76796E-01  4.38203E-01  1.46576E-01
-1.60206E+00  2.14138E+01  1.32571E-02  6.16266E-01  6.42874E-01  6.65733E-01  6.89655E-01  4.98431E-01  1.28549E-01
-1.60206E+00  2.14138E+01  1.67683E-02  1.02320E+00  1.04265E+00  1.03906E+00  1.05747E+00  5.37503E-01  1.11939E-01
-1.60206E+00  2.14138E+01  2.12095E-02  1.32962E+00  1.34694E+00  1.33701E+00  1.35385E+00  5.45951E-01  9.86948E-02
-1.60206E+00  2.14138E+01  2.68270E-02  1.60227E+00  1.61805E+00  1.60894E+00  1.62446E+00  5.20982E-01  8.70143E-02
-1.60206E+00  2.14138E+01  3.39322E-02  1.86063E+00  1.87127E+00  1.86860E+00  1.87908E+00  4.68442E-01  7.60837E-02
-1.60206E+00  2.14138E+01  4.29193E-02  2.10534E+00  2.12038E+00  2.11500E+00  2.12993E+00  3.99931E-01  6.61618E-02
-1.60206E+00  2.14138E+01  5.42868E-02  2.26746E+00  2.26611E+00  2.27854E+00  2.27716E+00  3.27495E-01  5.72400E-02
-1.60206E+00  2.14138E+01  6.86649E-02  2.39408E+00  2.38788E+00  2.40612E+00  2.39990E+00  2.59846E-01  4.94110E-02
-1.60206E+00  2.14138E+01  8.68511E-02  2.50178E+00  2.51288E+00  2.51434E+00  2.52539E+00  2.01495E-01  4.26076E-02
-1.60206E+00  2.14138E+01  1.09854E-01  2.61602E+00  2.63633E+00  2.62864E+00  2.64893E+00  1.53717E-01  3.67311E-02
-1.60206E+00  2.14138E+01  1.38950E-01  2.73417E+00  2.74467E+00  2.74834E+00  2.75884E+00  1.15920E-01  3.34522E-02
-1.60206E+00  2.14138E+01  1.75751E-01  2.85333E+00  2.86479E+00  2.87155E+00  2.88300E+00  8.66966E-02  3.35903E-02
-1.60206E+00  2.14138E+01  2.22300E-01  2.97297E+00  2.98175E+00  2.99466E+00  3.00344E+00  6.44499E-02  3.39386E-02
-1.60206E+00  2.14138E+01  2.81177E-01  3.09208E+00  3.09866E+00  3.11664E+00  3.12322E+00  4.76949E-02  3.42902E-02
-1.60206E+00  2.14138E+01  3.55648E-01  3.21102E+00  3.21309E+00  3.23794E+00  3.24002E+00  3.51715E-02  3.46452E-02
-1.60206E+00  2.14138E+01  4.49843E-01  3.33078E+00  3.32601E+00  3.35966E+00  3.35489E+00  2.58631E-02  3.50038E-02
-1.60206E+00  2.14138E+01  5.68987E-01  3.45152E+00  3.45264E+00  3.48201E+00  3.48313E+00  1.89736E-02  3.53659E-02
-1.60206E+00  2.14138E+01  7.19686E-01  3.56732E+00  3.56652E+00  3.59920E+00  3.59840E+00  1.38914E-02  3.57316E-02
-1.60206E+00  2.14138E+01  9.10298E-01  3.67871E+00  3.68489E+00  3.71178E+00  3.71796E+00  1.01528E-02  3.61011E-02
-1.60206E+00  2.14138E+01  1.15140E+00  3.80282E+00  3.80602E+00  3.83686E+00  3.84007E+00  7.40874E-03  3.64742E-02
-1.60206E+00  2.14138E+01  1.45635E+00  3.91877E+00  3.92268E+00  3.95371E+00  3.95761E+00  5.39874E-03  3.68512E-02
-1.60206E+00  2.14138E+01  1.84207E+00  4.03159E+00  4.03714E+00  4.06731E+00  4.07287E+00  3.92899E-03  3.72321E-02
-1.60206E+00  2.14138E+01  2.32995E+00  4.13694E+00  4.14371E+00  4.17338E+00  4.18015E+00  2.85598E-03  3.76168E-02
-1.60206E+00  2.14138E+01  2.94705E+00  4.28056E+00  4.28922E+00  4.31760E+00  4.32626E+00  2.07373E-03  3.80055E-02
-1.60206E+00  2.14138E+01  3.72759E+00  4.38821E+00  4.40229E+00  4.42585E+00  4.43993E+00  1.50419E-03  3.83981E-02
-1.60206E+00  2.14138E+01  4.71487E+00  4.50251E+00  4.51557E+00  4.54071E+00  4.55378E+00  1.09003E-03  3.87948E-02
-1.60206E+00  2.14138E+01  5.96362E+00  4.61455E+00  4.62965E+00  4.65328E+00  4.66838E+00  7.89195E-04  3.91956E-02
-1.60206E+00  2.14138E+01  7.54312E+00  4.71137E+00  4.72899E+00  4.75062E+00  4.76823E+00  5.70902E-04  3.96006E-02
-1.60206E+00  2.14138E+01  9.54095E+00  4.87815E+00  4.88806E+00  4.91786E+00  4.92777E+00  4.12659E-04  4.00097E-02
-1.60206E+00  2.14138E+01  1.20679E+01  4.98533E+00  4.99463E+00  5.02552E+00  5.03482E+00  2.98053E-04  4.04230E-02
-1.60206E+00  2.14138E+01  1.52642E+01  5.08200E+00  5.08881E+00  5.12266E+00  5.12947E+00  2.15122E-04  4.08406E-02
-1.60206E+00  2.14138E+01  1.93070E+01  5.21799E+00  5.22460E+00  5.25911E+00  5.26571E+00  1.55161E-04  4.12624E-02
-1.60206E+00  2.14138E+01  2.44205E+01  5.32193E+00  5.34047E+00  5.36351E+00  5.38204E+00  1.11841E-04  4.16887E-02
-1.60206E+00  2.14138E+01  3.08884E+01  5.42024E+00  5.43480E+00  5.46227E+00  5.47683E+00  8.05662E-05  4.21193E-02
-1.60206E+00  2.14138E+01  3.90694E+01  5.52579E+00  5.54444E+00  5.56827E+00  5.58692E+00  5.80031E-05  4.25544E-02
-1.60206E+00  2.14138E+01  4.94171E+01  5.71021E+00  5.72099E+00  5.75315E+00  5.76392E+00  4.17358E-05  4.29940E-02
-1.60206E+00  2.14138E+01  6.25055E+01  5.80353E+00  5.80948E+00  5.84692E+00  5.85288E+00  3.00148E-05  4.34381E-02
-1.60206E+00  2.14138E+01  7.90604E+01  5.91920E+00  5.93366E+00  5.96305E+00  5.97751E+00  2.15746E-05  4.38868E-02
-1.60206E+00  2.14138E+01  1.00000E+02  6.01396E+00  6.02748E+00  6.05827E+00  6.07179E+00  1.55003E-05  4.43402E-02
# T =  0  2.50000E-02
# D =  8  5.73615E+21
-1.60206E+00  2.17586E+01  1.00000E-03 4.13161E-213 4.15262E-213  3.37882E-02  3.37882E-02  1.00337E-02  3.37882E-02
-1.60206E+00  2.17586E+01  1.26486E-03 1.23580E-161 1.24531E-161  4.55863E-02  4.55863E-02  1.63723E-02  4.55863E-02
-1.60206E+00  2.17586E+01  1.59986E-03 7.31439E-120 7.40166E-120  6.03492E-02  6.03492E-02  2.56393E-02  6.03492E-02
-1.60206E+00  2.17586E+01  2.02359E-03  6.09284E-86  6.20164E-86  7.79245E-02  7.79245E-02  3.88598E-02  7.79245E-02
-1.60206E+00  2.17586E+01  2.55955E-03  2.84587E-58  2.92143E-58  9.62552E-02  9.62552E-02  5.72932E-02  9.62552E-02
-1.60206E+00  2.17586E+01  3.23746E-03  1.15162E-35  1.19750E-35  1.13840E-01  1.13840E-01  8.23724E-02  1.13840E-01
-1.60206E+00  2.17586E+01  4.09492E-03  2.08631E-17  2.21594E-17  1.28622E-01  1.28622E-01  1.15554E-01  1.28622E-01
-1.60206E+00  2.17586E+01  5.17947E-03  2.36590E-04  2.64472E-04  1.39706E-01  1.39725E-01  1.58057E-01  1.39547E-01
-1.60206E+00  2.17586E+01  6.55129E-03  1.67269E-02  1.91577E-02  1.57546E-01  1.59411E-01  2.10468E-01  1.45178E-01
-1.60206E+00  2.17586E+01  8.28643E-03  8.48957E-02  9.75010E-02  2.12361E-01  2.22781E-01  2.72154E-01  1.44766E-01
-1.60206E+00  2.17586E+01  1.04811E-02  2.43362E-01  2.75495E-01  3.42729E-01  3.70757E-01  3.40445E-01  1.37415E-01
-1.60206E+00  2.17586E+01  1.32571E-02  5.28474E-01  5.80121E-01  5.90526E-01  6.37531E-01  4.09725E-01  1.24451E-01
-1.60206E+00  2.17586E+01  1.67683E-02  9.27477E-01  9.75167E-01  9.55424E-01  1.00049E+00  4.70998E-01  1.09568E-01
-1.60206E+00  2.17586E+01  2.12095E-02  1.27423E+00  1.30646E+00  1.28777E+00  1.31904E+00  5.13066E-01  9.64676E-02
-1.60206E+00  2.17586E+01  2.68270E-02  1.55960E+00  1.58305E+00  1.57011E+00  1.59316E+00  5.26121E-01  8.54248E-02
-1.60206E+00  2.17586E+01  3.39322E-02  1.82853E+00  1.84205E+00  1.83901E+00  1.85239E+00  5.06491E-01  7.51280E-02
-1.60206E+00  2.17586E+01  4.29193E-02  2.08412E+00  2.09214E+00  2.09547E+00  2.10330E+00  4.58980E-01  6.55181E-02
-1.60206E+00  2.17586E+01  5.42868E-02  2.31489E+00  2.37797E+00  2.32231E+00  2.38636E+00  3.94476E-01  5.68566E-02
-1.60206E+00  2.17586E+01  6.86649E-02  2.56831E+00  2.56342E+00  2.58155E+00  2.57619E+00  3.24826E-01  4.91542E-02
-1.60206E+00  2.17586E+01  8.68511E-02  2.79159E+00  2.83805E+00  2.80481E+00  2.85109E+00  2.58904E-01  4.24360E-02
-1.60206E+00  2.17586E+01  1.09854E-01  2.98393E+00  2.96920E+00  2.99693E+00  2.98223E+00  2.01516E-01  3.66777E-02
-1.60206E+00  2.17586E+01  1.38950E-01  3.07965E+00  3.07249E+00  3.09418E+00  3.08695E+00  1.54210E-01  3.34544E-02
-1.60206E+00  2.17586E+01  1.75751E-01  3.20607E+00  3.21118E+00  3.22430E+00  3.22936E+00  1.16596E-01  3.33923E-02
-1.60206E+00  2.17586E+01  2.22300E-01  3.32298E+00  3.32562E+00  3.34464E+00  3.34726E+00  8.73973E-02  3.37555E-02
-1.60206E+00  2.17586E+01  2.81177E-01  3.43898E+00  3.46961E+00  3.46342E+00  3.49408E+00  6.50975E-02  3.41221E-02
-1.60206E+00  2.17586E+01  3.55648E-01  3.54038E+00  3.61453E+00  3.56720E+00  3.64133E+00  4.82570E-02  3.44923E-02
-1.60206E+00  2.17586E+01  4.49843E-01  3.66245E+00  3.77751E+00  3.69122E+00  3.80628E+00  3.56407E-02  3.48662E-02
-1.60206E+00  2.17586E+01  5.68987E-01  3.80615E+00  4.00490E+00  3.83656E+00  4.03531E+00  2.62444E-02  3.52439E-02
-1.60206E+00  2.17586E+01  7.19686E-01  3.88449E+00  4.26023E+00  3.91628E+00  4.29202E+00  1.92776E-02  3.56255E-02
-1.60206E+00  2.17586E+01  9.10298E-01  4.02191E+00  4.46309E+00  4.05488E+00  4.49605E+00  1.41303E-02  3.60110E-02
-1.60206E+00  2.17586E+01  1.15140E+00  4.21164E+00  4.68642E+00  4.24564E+00  4.72042E+00  1.03383E-02  3.64007E-02
-1.60206E+00  2.17586E+01  1.45635E+00  4.40298E+00  4.93981E+00  4.43787E+00  4.97470E+00  7.55154E-03  3.67944E-02
-1.60206E+00  2.17586E+01  1.84207E+00  4.63974E+00  5.09987E+00  4.67541E+00  5.13554E+00  5.50780E-03  3.71923E-02
-1.60206E+00  2.17586E+01  2.32995E+00  4.87774E+00  5.37409E+00  4.91414E+00  5.41049E+00  4.01175E-03  3.75945E-02
-1.60206E+00  2.17586E+01  2.94705E+00  5.15667E+00  5.64509E+00  5.19374E+00  5.68215E+00  2.91844E-03  3.80009E-02
-1.60206E+00  2.17586E+01  3.72759E+00  5.29604E+00  5.78342E+00  5.33372E+00  5.82110E+00  2.12064E-03  3.84117E-02
-1.60206E+00  2.17586E+01  4.71487E+00  5.54473E+00  6.01817E+00  5.58295E+00  6.05639E+00  1.53929E-03  3.88269E-02
-1.60206E+00  2.17586E+01  5.96362E+00  5.76570E+00  6.27717E+00  5.80448E+00  6.31595E+00  1.11619E-03  3.92466E-02
-1.60206E+00  2.17586E+01  7.54312E+00  6.00549E+00  6.49510E+00  6.04479E+00  6.53440E+00  8.08626E-04  3.96708E-02
-1.60206E+00  2.17586E+01  9.54095E+00  6.21537E+00  6.66903E+00  6.25518E+00  6.70884E+00  5.85296E-04  4.00995E-02
-1.60206E+00  2.17586E+01  1.20679E+01  6.42140E+00  6.86397E+00  6.46170E+00  6.90428E+00  4.23294E-04  4.05329E-02
-1.60206E+00  2.17586E+01  1.52642E+01  6.71542E+00  7.20962E+00  6.75620E+00  7.25040E+00  3.05892E-04  4.09710E-02
-1.60206E+00  2.17586E+01  1.93070E+01  6.91091E+00  7.42589E+00  6.95218E+00  7.46716E+00  2.20888E-04  4.14137E-02
-1.60206E+00  2.17586E+01  2.44205E+01  7.15472E+00  7.65357E+00  7.19647E+00  7.69532E+00  1.59394E-04  4.18613E-02
-1.60206E+00  2.17586E+01  3.08884E+01  7.32624E+00  7.84571E+00  7.36846E+00  7.88793E+00  1.14942E-04  4.23137E-02
-1.60206E+00  2.17586E+01  3.90694E+01  7.56230E+00  8.00200E+00  7.60500E+00  8.04470E+00  8.28350E-05  4.27709E-02
-1.60206E+00  2.17586E+01  4.94171E+01  7.86193E+00  8.33318E+00  7.90511E+00  8.37636E+00  5.96603E-05  4.32332E-02
-1.60206E+00  2.17586E+01  6.25055E+01  8.00708E+00  8.52843E+00  8.05073E+00  8.57208E+00  4.29446E-05  4.37004E-02
-1.60206E+00  2.17586E+01  7.90604E+01  8.25949E+00  8.77737E+00  8.30362E+00  8.82151E+00  3.08953E-05  4.41726E-02
-1.60206E+00  2.17586E+01  1.00000E+02  8.53693E+00  9.03447E+00  8.58155E+00  9.07910E+00  2.22152E-05  4.46499E-02
# T =  0  2.50000E-02
# D =  9  1.26896E+22
-1.60206E+00  2.21034E+01  1.00000E-03 1.39154E-199 1.40678E-199  1.58154E-02  1.58154E-02  4.18341E-03  1.58154E-02
-1.60206E+00  2.21034E+01  1.26486E-03 1.18108E-147 1.20146E-147  2.17934E-02  2.17934E-02  7.54694E-03  2.17934E-02
-1.60206E+00  2.21034E+01  1.59986E-03 5.32709E-106 5.46711E-106  2.97268E-02  2.97268E-02  1.27555E-02  2.97268E-02
-1.60206E+00  2.21034E+01  2.02359E-03  3.95810E-72  4.11645E-72  3.99352E-02  3.99352E-02  2.05208E-02  3.99352E-02
-1.60206E+00  2.21034E+01  2.55955E-03  1.83884E-44  1.95015E-44  5.25749E-02  5.25749E-02  3.17739E-02  5.25749E-02
-1.60206E+00  2.21034E+01  3.23746E-03  7.25186E-22  7.93008E-22  6.74679E-02  6.74679E-02  4.76933E-02  6.74679E-02
-1.60206E+00  2.21034E+01  4.09492E-03  5.26810E-05  6.14336E-05  8.32611E-02  8.32674E-02  6.96801E-02  8.32250E-02
-1.60206E+00  2.21034E+01  5.17947E-03  5.77926E-03  6.99051E-03  1.02402E-01  1.03344E-01  9.92432E-02  9.81255E-02
-1.60206E+00  2.21034E+01  6.55129E-03  3.11527E-02  3.84089E-02  1.34375E-01  1.40412E-01  1.37761E-01  1.09816E-01
-1.60206E+00  2.21034E+01  8.28643E-03  9.35983E-02  1.16491E-01  1.94942E-01  2.14979E-01  1.86090E-01  1.17172E-01
-1.60206E+00  2.21034E+01  1.04811E-02  2.16737E-01  2.67243E-01  3.07137E-01  3.52790E-01  2.43979E-01  1.19197E-01
-1.60206E+00  2.21034E+01  1.32571E-02  4.29970E-01  5.09656E-01  5.00621E-01  5.74115E-01  3.09268E-01  1.14922E-01
-1.60206E+00  2.21034E+01  1.67683E-02  7.58276E-01  8.42380E-01  8.03638E-01  8.82658E-01  3.76962E-01  1.05192E-01
-1.60206E+00  2.21034E+01  2.12095E-02  1.15837E+00  1.20844E+00  1.18253E+00  1.23075E+00  4.38695E-01  9.34208E-02
-1.60206E+00  2.21034E+01  2.68270E-02  1.47533E+00  1.50772E+00  1.49207E+00  1.52376E+00  4.83621E-01  8.29946E-02
-1.60206E+00  2.21034E+01  3.39322E-02  1.75155E+00  1.77691E+00  1.76656E+00  1.79136E+00  5.01657E-01  7.36559E-02
-1.60206E+00  2.21034E+01  4.29193E-02  2.01029E+00  2.03531E+00  2.02556E+00  2.04975E+00  4.88143E-01  6.46754E-02
-1.60206E+00  2.21034E+01  5.42868E-02  2.27245E+00  2.28378E+00  2.28753E+00  2.29786E+00  4.46606E-01  5.63762E-02
-1.60206E+00  2.21034E+01  6.86649E-02  2.50964E+00  2.51968E+00  2.52401E+00  2.53123E+00  3.86991E-01  4.88762E-02
-1.60206E+00  2.21034E+01  8.68511E-02  2.77819E+00  2.76591E+00  2.78801E+00  2.78004E+00  3.20818E-01  4.22658E-02
-1.60206E+00  2.21034E+01  1.09854E-01  3.02595E+00  3.01413E+00  3.03985E+00  3.02804E+00  2.57110E-01  3.67171E-02
-1.60206E+00  2.21034E+01  1.38950E-01  3.23712E+00  3.24019E+00  3.25228E+00  3.25526E+00  2.01003E-01  3.35385E-02
-1.60206E+00  2.21034E+01  1.75751E-01  3.46644E+00  3.45619E+00  3.48463E+00  3.47455E+00  1.54371E-01  3.32235E-02
-1.60206E+00  2.21034E+01  2.22300E-01  3.74909E+00  3.75362E+00  3.77088E+00  3.77539E+00  1.17064E-01  3.36732E-02
-1.60206E+00  2.21034E+01  2.81177E-01  3.97088E+00  3.97775E+00  3.99550E+00  4.00235E+00  8.79685E-02  3.41280E-02
-1.60206E+00  2.21034E+01  3.55648E-01  4.20238E+00  4.21270E+00  4.22939E+00  4.23966E+00  6.56640E-02  3.45880E-02
-1.60206E+00  2.21034E+01  4.49843E-01  4.40628E+00  4.39937E+00  4.43531E+00  4.42838E+00  4.87684E-02  3.50537E-02
-1.60206E+00  2.21034E+01  5.68987E-01  4.66503E+00  4.65400E+00  4.69575E+00  4.68472E+00  3.60783E-02  3.55250E-02
-1.60206E+00  2.21034E+01  7.19686E-01  4.88644E+00  4.89488E+00  4.91863E+00  4.92707E+00  2.66063E-02  3.60023E-02
-1.60206E+00  2.21034E+01  9.10298E-01  5.13712E+00  5.12204E+00  5.17057E+00  5.15550E+00  1.95697E-02  3.64857E-02
-1.60206E+00  2.21034E+01  1.15140E+00  5.38757E+00  5.38397E+00  5.42214E+00  5.41855E+00  1.43620E-02  3.69752E-02
-1.60206E+00  2.21034E+01  1.45635E+00  5.56475E+00  5.59402E+00  5.60032E+00  5.62958E+00  1.05196E-02  3.74712E-02
-1.60206E+00  2.21034E+01  1.84207E+00  5.83461E+00  5.81610E+00  5.87108E+00  5.85258E+00  7.69194E-03  3.79736E-02
-1.60206E+00  2.21034E+01  2.32995E+00  6.07939E+00  6.08715E+00  6.11668E+00  6.12445E+00  5.61557E-03  3.84826E-02
-1.60206E+00  2.21034E+01  2.94705E+00  6.31061E+00  6.31513E+00  6.34866E+00  6.35317E+00  4.09389E-03  3.89983E-02
-1.60206E+00  2.21034E+01  3.72759E+00  6.53882E+00  6.57685E+00  6.57759E+00  6.61562E+00  2.98066E-03  3.95209E-02
-1.60206E+00  2.21034E+01  4.71487E+00  6.73550E+00  6.75601E+00  6.77497E+00  6.79547E+00  2.16753E-03  4.00504E-02
-1.60206E+00  2.21034E+01  5.96362E+00  6.97822E+00  7.01594E+00  7.01834E+00  7.05606E+00  1.57446E-03  4.05869E-02
-1.60206E+00  2.21034E+01  7.54312E+00  7.22124E+00  7.22953E+00  7.26199E+00  7.27029E+00  1.14246E-03  4.11306E-02
-1.60206E+00  2.21034E+01  9.54095E+00  7.45828E+00  7.47877E+00  7.49967E+00  7.52016E+00  8.28190E-04  4.16815E-02
-1.60206E+00  2.21034E+01  1.20679E+01  7.68593E+00  7.69991E+00  7.72793E+00  7.74192E+00  5.99816E-04  4.22397E-02
-1.60206E+00  2.21034E+01  1.52642E+01  7.93268E+00  7.93727E+00  7.97531E+00  7.97990E+00  4.34041E-04  4.28055E-02
-1.60206E+00  2.21034E+01  1.93070E+01  8.15277E+00  8.15542E+00  8.19600E+00  8.19866E+00  3.13827E-04  4.33787E-02
-1.60206E+00  2.21034E+01  2.44205E+01  8.43720E+00  8.42763E+00  8.48104E+00  8.47147E+00  2.26733E-04  4.39597E-02
-1.60206E+00  2.21034E+01  3.08884E+01  8.62578E+00  8.64008E+00  8.67024E+00  8.68454E+00  1.63690E-04  4.45484E-02
-1.60206E+00  2.21034E+01  3.90694E+01  8.80999E+00  8.82942E+00  8.85507E+00  8.87449E+00  1.18094E-04  4.51450E-02
-1.60206E+00  2.21034E+01  4.94171E+01  9.10677E+00  9.11808E+00  9.15246E+00  9.16378E+00  8.51433E-05  4.57495E-02
-1.60206E+00  2.21034E+01  6.25055E+01  9.31883E+00  9.31953E+00  9.36514E+00  9.36585E+00  6.13482E-05  4.63622E-02
-1.60206E+00  2.21034E+01  7.90604E+01  9.50248E+00  9.50073E+00  9.54943E+00  9.54768E+00  4.41769E-05  4.69830E-02
-1.60206E+00  2.21034E+01  1.00000E+02  9.80450E+00  9.85436E+00  9.85208E+00  9.90194E+00  3.17938E-05  4.76122E-02
# T =  0  2.50000E-02
# D = 10  2.80722E+22
-1.60206E+00  2.24483E+01  1.00000E-03 1.05011E-175 1.07607E-175  6.99502E-03  6.99502E-03  1.34729E-03  6.99502E-03
-1.60206E+00  2.24483E+01  1.26486E-03 4.48110E-124 4.65393E-124  9.67482E-03  9.67482E-03  2.86167E-03  9.67482E-03
-1.60206E+00  2.24483E+01  1.59986E-03  2.05791E-82  2.18002E-82  1.33113E-02  1.33113E-02  5.46597E-03  1.33113E-02
-1.60206E+00  2.24483E+01  2.02359E-03  1.80995E-48  1.97518E-48  1.81934E-02  1.81934E-02  9.64207E-03  1.81934E-02
-1.60206E+00  2.24483E+01  2.55955E-03  8.59975E-21  9.85376E-21  2.46260E-02  2.46260E-02  1.60215E-02  2.46260E-02
-1.60206E+00  2.24483E+01  3.23746E-03  1.39309E-04  1.72458E-04  3.29852E-02  3.30109E-02  2.54348E-02  3.28820E-02
-1.60206E+00  2.24483E+01  4.09492E-03  3.20658E-03  4.13940E-03  4.56902E-02  4.64614E-02  3.89553E-02  4.31964E-02
-1.60206E+00  2.24483E+01  5.17947E-03  1.42194E-02  1.90643E-02  6.70950E-02  7.13180E-02  5.79059E-02  5.55526E-02
-1.60206E+00  2.24483E+01  6.55129E-03  3.99242E-02  5.45574E-02  1.02605E-01  1.15792E-01  8.37888E-02  6.89523E-02
-1.60206E+00  2.24483E+01  8.28643E-03  9.01116E-02  1.22427E-01  1.59169E-01  1.88837E-01  1.18090E-01  8.06989E-02
-1.60206E+00  2.24483E+01  1.04811E-02  1.78937E-01  2.36658E-01  2.49964E-01  3.03574E-01  1.61912E-01  8.97798E-02
-1.60206E+00  2.24483E+01  1.32571E-02  3.26271E-01  4.12795E-01  3.94187E-01  4.75272E-01  2.15406E-01  9.53027E-02
-1.60206E+00  2.24483E+01  1.67683E-02  5.58298E-01  6.65378E-01  6.15696E-01  7.16919E-01  2.76971E-01  9.44856E-02
-1.60206E+00  2.24483E+01  2.12095E-02  9.00910E-01  9.97740E-01  9.42619E-01  1.03511E+00  3.42324E-01  8.86138E-02
-1.60206E+00  2.24483E+01  2.68270E-02  1.30416E+00  1.35608E+00  1.33114E+00  1.38159E+00  4.03847E-01  7.97257E-02
-1.60206E+00  2.24483E+01  3.39322E-02  1.63093E+00  1.65037E+00  1.65089E+00  1.67113E+00  4.51194E-01  7.14101E-02
-1.60206E+00  2.24483E+01  4.29193E-02  1.90086E+00  1.92271E+00  1.91601E+00  1.94248E+00  4.74123E-01  6.35585E-02
-1.60206E+00  2.24483E+01  5.42868E-02  2.17704E+00  2.17501E+00  2.19295E+00  2.19106E+00  4.66996E-01  5.58642E-02
-1.60206E+00  2.24483E+01  6.86649E-02  2.41665E+00  2.45506E+00  2.43148E+00  2.47221E+00  4.31950E-01  4.87282E-02
-1.60206E+00  2.24483E+01  8.68511E-02  2.68178E+00  2.67377E+00  2.69682E+00  2.68979E+00  3.77806E-01  4.22988E-02
-1.60206E+00  2.24483E+01  1.09854E-01  2.92195E+00  2.92744E+00  2.93752E+00  2.94280E+00  3.15625E-01  3.70768E-02
-1.60206E+00  2.24483E+01  1.38950E-01  3.15137E+00  3.15152E+00  3.16770E+00  3.16774E+00  2.54523E-01  3.39084E-02
-1.60206E+00  2.24483E+01  1.75751E-01  3.40423E+00  3.38846E+00  3.41788E+00  3.40728E+00  1.99974E-01  3.32126E-02
-1.60206E+00  2.24483E+01  2.22300E-01  3.62131E+00  3.62100E+00  3.64348E+00  3.63665E+00  1.54199E-01  3.37241E-02
-1.60206E+00  2.24483E+01  2.81177E-01  3.85162E+00  3.86368E+00  3.87659E+00  3.88863E+00  1.17320E-01  3.42707E-02
-1.60206E+00  2.24483E+01  3.55648E-01  4.10674E+00  4.10625E+00  4.13411E+00  4.13014E+00  8.84038E-02  3.48245E-02
-1.60206E+00  2.24483E+01  4.49843E-01  4.34543E+00  4.36310E+00  4.37485E+00  4.39251E+00  6.61439E-02  3.53859E-02
-1.60206E+00  2.24483E+01  5.68987E-01  4.56226E+00  4.59504E+00  4.59347E+00  4.62624E+00  4.92249E-02  3.59553E-02
-1.60206E+00  2.24483E+01  7.19686E-01  4.83675E+00  4.81321E+00  4.86951E+00  4.84596E+00  3.64812E-02  3.65330E-02
-1.60206E+00  2.24483E+01  9.10298E-01  5.08714E+00  5.10250E+00  5.12125E+00  5.13661E+00  2.69463E-02  3.71193E-02
-1.60206E+00  2.24483E+01  1.15140E+00  5.29490E+00  5.30092E+00  5.33023E+00  5.33625E+00  1.98483E-02  3.77145E-02
-1.60206E+00  2.24483E+01  1.45635E+00  5.53566E+00  5.53141E+00  5.57209E+00  5.56783E+00  1.45855E-02  3.83187E-02
-1.60206E+00  2.24483E+01  1.84207E+00  5.74394E+00  5.72234E+00  5.78137E+00  5.75977E+00  1.06960E-02  3.89323E-02
-1.60206E+00  2.24483E+01  2.32995E+00  6.01620E+00  6.00831E+00  6.05456E+00  6.04667E+00  7.82946E-03  3.95554E-02
-1.60206E+00  2.24483E+01  2.94705E+00  6.24787E+00  6.24036E+00  6.28712E+00  6.27961E+00  5.72174E-03  4.01882E-02
-1.60206E+00  2.24483E+01  3.72759E+00  6.43775E+00  6.48420E+00  6.47784E+00  6.52429E+00  4.17518E-03  4.08310E-02
-1.60206E+00  2.24483E+01  4.71487E+00  6.72098E+00  6.72767E+00  6.76187E+00  6.76856E+00  3.04249E-03  4.14840E-02
-1.60206E+00  2.24483E+01  5.96362E+00  6.92007E+00  6.93364E+00  6.96175E+00  6.97532E+00  2.21428E-03  4.21472E-02
-1.60206E+00  2.24483E+01  7.54312E+00  7.17403E+00  7.18202E+00  7.21649E+00  7.22448E+00  1.60963E-03  4.28210E-02
-1.60206E+00  2.24483E+01  9.54095E+00  7.45517E+00  7.44959E+00  7.49838E+00  7.49280E+00  1.16882E-03  4.35054E-02
-1.60206E+00  2.24483E+01  1.20679E+01  7.68535E+00  7.68659E+00  7.72932E+00  7.73056E+00  8.47858E-04  4.42008E-02
-1.60206E+00  2.24483E+01  1.52642E+01  7.86357E+00  7.87324E+00  7.90830E+00  7.91797E+00  6.14445E-04  4.49072E-02
-1.60206E+00  2.24483E+01  1.93070E+01  8.11010E+00  8.09743E+00  8.15558E+00  8.14291E+00  4.44889E-04  4.56248E-02
-1.60206E+00  2.24483E+01  2.44205E+01  8.36865E+00  8.34323E+00  8.41489E+00  8.38947E+00  3.21849E-04  4.63539E-02
-1.60206E+00  2.24483E+01  3.08884E+01  8.61827E+00  8.62036E+00  8.66527E+00  8.66736E+00  2.32651E-04  4.70946E-02
-1.60206E+00  2.24483E+01  3.90694E+01  8.83998E+00  8.82634E+00  8.88775E+00  8.87411E+00  1.68046E-04  4.78472E-02
-1.60206E+00  2.24483E+01  4.94171E+01  9.07638E+00  9.06554E+00  9.12493E+00  9.11409E+00  1.21294E-04  4.86117E-02
-1.60206E+00  2.24483E+01  6.25055E+01  9.32186E+00  9.31935E+00  9.37120E+00  9.36869E+00  8.74899E-05  4.93884E-02
-1.60206E+00  2.24483E+01  7.90604E+01  9.52194E+00  9.52542E+00  9.57208E+00  9.57556E+00  6.30659E-05  5.01776E-02
-1.60206E+00  2.24483E+01  1.00000E+02  9.79873E+00  9.79961E+00  9.84968E+00  9.85056E+00  4.54323E-05  5.09793E-02
# T =  0  2.50000E-02
# D = 11  6.21017E+22
-1.60206E+00  2.27931E+01  1.00000E-03 4.53127E-135 4.77573E-135  2.99739E-03  2.99739E-03  2.87389E-04  2.99739E-03
-1.60206E+00  2.27931E+01  1.26486E-03  1.44485E-83  1.57291E-83  4.18615E-03  4.18615E-03  7.95228E-04  4.18615E-03
-1.60206E+00  2.27931E+01  1.59986E-03  5.86719E-42  6.68722E-42  5.81657E-03  5.81657E-03  1.85382E-03  5.81657E-03
-1.60206E+00  2.27931E+01  2.02359E-03  3.69890E-08  4.61053E-08  8.04037E-03  8.04038E-03  3.79689E-03  8.04034E-03
-1.60206E+00  2.27931E+01  2.55955E-03  3.58080E-04  4.74458E-04  1.13515E-02  1.14515E-02  7.05673E-03  1.10593E-02
-1.60206E+00  2.27931E+01  3.23746E-03  2.37424E-03  3.30792E-03  1.71285E-02  1.79625E-02  1.21940E-02  1.51406E-02
-1.60206E+00  2.27931E+01  4.09492E-03  7.77679E-03  1.11317E-02  2.72059E-02  3.02823E-02  1.99435E-02  2.05391E-02
-1.60206E+00  2.27931E+01  5.17947E-03  1.90910E-02  2.74989E-02  4.41622E-02  5.20019E-02  3.12645E-02  2.74387E-02
-1.60206E+00  2.27931E+01  6.55129E-03  4.00462E-02  5.71782E-02  7.18520E-02  8.79894E-02  4.73718E-02  3.60796E-02
-1.60206E+00  2.27931E+01  8.28643E-03  7.61204E-02  1.06533E-01  1.15651E-01  1.44478E-01  6.97081E-02  4.64550E-02
-1.60206E+00  2.27931E+01  1.04811E-02  1.35317E-01  1.84048E-01  1.83070E-01  2.29459E-01  9.98023E-02  5.81360E-02
-1.60206E+00  2.27931E+01  1.32571E-02  2.29254E-01  3.00816E-01  2.83004E-01  3.51374E-01  1.38954E-01  6.84169E-02
-1.60206E+00  2.27931E+01  1.67683E-02  3.74657E-01  4.70801E-01  4.30668E-01  5.22868E-01  1.87693E-01  7.57407E-02
-1.60206E+00  2.27931E+01  2.12095E-02  5.95344E-01  7.10482E-01  6.49834E-01  7.60701E-01  2.44998E-01  7.99290E-02
-1.60206E+00  2.27931E+01  2.68270E-02  9.23400E-01  1.03453E+00  9.70391E-01  1.07789E+00  3.07344E-01  7.85863E-02
-1.60206E+00  2.27931E+01  3.39322E-02  1.34979E+00  1.41103E+00  1.38475E+00  1.44464E+00  3.67953E-01  7.20120E-02
-1.60206E+00  2.27931E+01  4.29193E-02  1.68819E+00  1.71827E+00  1.71535E+00  1.74292E+00  4.17105E-01  6.26900E-02
-1.60206E+00  2.27931E+01  5.42868E-02  1.97589E+00  1.99797E+00  1.99931E+00  2.02086E+00  4.44542E-01  5.44834E-02
-1.60206E+00  2.27931E+01  6.86649E-02  2.26450E+00  2.26872E+00  2.28041E+00  2.28755E+00  4.43743E-01  4.78936E-02
-1.60206E+00  2.27931E+01  8.68511E-02  2.51710E+00  2.51131E+00  2.53554E+00  2.52970E+00  4.15413E-01  4.19700E-02
-1.60206E+00  2.27931E+01  1.09854E-01  2.75177E+00  2.78190E+00  2.76917E+00  2.79877E+00  3.67119E-01  3.71650E-02
-1.60206E+00  2.27931E+01  1.38950E-01  3.02332E+00  3.01982E+00  3.04098E+00  3.03739E+00  3.09328E-01  3.40613E-02
-1.60206E+00  2.27931E+01  1.75751E-01  3.25239E+00  3.26048E+00  3.27200E+00  3.27993E+00  2.51169E-01  3.30309E-02
-1.60206E+00  2.27931E+01  2.22300E-01  3.50893E+00  3.50601E+00  3.53144E+00  3.52847E+00  1.98428E-01  3.35572E-02
-1.60206E+00  2.27931E+01  2.81177E-01  3.74221E+00  3.74719E+00  3.76756E+00  3.77244E+00  1.53686E-01  3.43206E-02
-1.60206E+00  2.27931E+01  3.55648E-01  3.99675E+00  3.99557E+00  4.02326E+00  4.02341E+00  1.17353E-01  3.50974E-02
-1.60206E+00  2.27931E+01  4.49843E-01  4.20208E+00  4.18898E+00  4.23215E+00  4.21904E+00  8.86946E-02  3.58885E-02
-1.60206E+00  2.27931E+01  5.68987E-01  4.45457E+00  4.45098E+00  4.48660E+00  4.48300E+00  6.65305E-02  3.66950E-02
-1.60206E+00  2.27931E+01  7.19686E-01  4.67703E+00  4.67749E+00  4.71081E+00  4.71128E+00  4.96213E-02  3.75174E-02
-1.60206E+00  2.27931E+01  9.10298E-01  4.94146E+00  4.93861E+00  4.97684E+00  4.97399E+00  3.68458E-02  3.83567E-02
-1.60206E+00  2.27931E+01  1.15140E+00  5.14400E+00  5.15954E+00  5.18085E+00  5.19639E+00  2.72621E-02  3.92134E-02
-1.60206E+00  2.27931E+01  1.45635E+00  5.38751E+00  5.38585E+00  5.42572E+00  5.42405E+00  2.01116E-02  4.00882E-02
-1.60206E+00  2.27931E+01  1.84207E+00  5.65453E+00  5.66366E+00  5.69401E+00  5.70315E+00  1.47994E-02  4.09816E-02
-1.60206E+00  2.27931E+01  2.32995E+00  5.87717E+00  5.88884E+00  5.91788E+00  5.92955E+00  1.08666E-02  4.18942E-02
-1.60206E+00  2.27931E+01  2.94705E+00  6.12813E+00  6.13461E+00  6.17002E+00  6.17650E+00  7.96355E-03  4.28266E-02
-1.60206E+00  2.27931E+01  3.72759E+00  6.34360E+00  6.34620E+00  6.38664E+00  6.38923E+00  5.82592E-03  4.37793E-02
-1.60206E+00  2.27931E+01  4.71487E+00  6.59512E+00  6.57892E+00  6.63929E+00  6.62309E+00  4.25539E-03  4.47528E-02
-1.60206E+00  2.27931E+01  5.96362E+00  6.81422E+00  6.81344E+00  6.85950E+00  6.85872E+00  3.10376E-03  4.57477E-02
-1.60206E+00  2.27931E+01  7.54312E+00  7.06852E+00  7.09228E+00  7.11492E+00  7.13867E+00  2.26080E-03  4.67644E-02
-1.60206E+00  2.27931E+01  9.54095E+00  7.25830E+00  7.25804E+00  7.30581E+00  7.30555E+00  1.64475E-03  4.78035E-02
-1.60206E+00  2.27931E+01  1.20679E+01  7.47262E+00  7.48531E+00  7.52126E+00  7.53395E+00  1.19520E-03  4.88656E-02
-1.60206E+00  2.27931E+01  1.52642E+01  7.77293E+00  7.74769E+00  7.82270E+00  7.79745E+00  8.67599E-04  4.99511E-02
-1.60206E+00  2.27931E+01  1.93070E+01  7.99329E+00  7.97676E+00  8.04421E+00  8.02767E+00  6.29162E-04  5.10607E-02
-1.60206E+00  2.27931E+01  2.44205E+01  8.26463E+00  8.25458E+00  8.31671E+00  8.30666E+00  4.55825E-04  5.21948E-02
-1.60206E+00  2.27931E+01  3.08884E+01  8.44945E+00  8.44115E+00  8.50272E+00  8.49441E+00  3.29951E-04  5.33541E-02
-1.60206E+00  2.27931E+01  3.90694E+01  8.67282E+00  8.66671E+00  8.72729E+00  8.72118E+00  2.38638E-04  5.45390E-02
-1.60206E+00  2.27931E+01  4.94171E+01  8.90971E+00  8.89212E+00  8.96541E+00  8.94781E+00  1.72460E-04  5.57502E-02
-1.60206E+00  2.27931E+01  6.25055E+01  9.15844E+00  9.15406E+00  9.21539E+00  9.21100E+00  1.24541E-04  5.69883E-02
-1.60206E+00  2.27931E+01  7.90604E+01  9.37505E+00  9.36856E+00  9.43327E+00  9.42677E+00  8.98737E-05  5.82538E-02
-1.60206E+00  2.27931E+01  1.00000E+02  9.59993E+00  9.61324E+00  9.65945E+00  9.67276E+00  6.48128E-05  5.95474E-02
# T =  0  2.50000E-02
# D = 12  1.37382E+23
-1.60206E+00  2.31379E+01  1.00000E-03  2.63347E-66  2.98053E-66  1.12111E-03  1.12111E-03  3.20238E-05  1.12111E-03
-1.60206E+00  2.31379E+01  1.26486E-03  1.45938E-14  1.80482E-14  1.57883E-03  1.57883E-03  1.34482E-04  1.57883E-03
-1.60206E+00  2.31379E+01  1.59986E-03  6.40327E-05  8.55366E-05  2.27426E-03  2.29364E-03  4.31674E-04  2.21856E-03
-1.60206E+00  2.31379E+01  2.02359E-03  5.08321E-04  7.10243E-04  3.55381E-03  3.73985E-03  1.12672E-03  3.10548E-03
-1.60206E+00  2.31379E+01  2.55955E-03  1.77160E-03  2.53622E-03  5.90268E-03  6.61913E-03  2.51286E-03  4.32005E-03
-1.60206E+00  2.31379E+01  3.23746E-03  4.49489E-03  6.49515E-03  1.00297E-02  1.19274E-02  4.97794E-03  5.96626E-03
-1.60206E+00  2.31379E+01  4.09492E-03  9.62852E-03  1.38972E-02  1.69723E-02  2.10574E-02  9.02241E-03  8.17237E-03
-1.60206E+00  2.31379E+01  5.17947E-03  1.85763E-02  2.65731E-02  2.82235E-02  3.59209E-02  1.52961E-02  1.10744E-02
-1.60206E+00  2.31379E+01  6.55129E-03  3.33894E-02  4.70714E-02  4.59464E-02  5.91646E-02  2.46477E-02  1.48373E-02
-1.60206E+00  2.31379E+01  8.28643E-03  5.70505E-02  7.89185E-02  7.32133E-02  9.43886E-02  3.81704E-02  1.96082E-02
-1.60206E+00  2.31379E+01  1.04811E-02  9.38880E-02  1.26989E-01  1.14370E-01  1.46471E-01  5.72080E-02  2.54616E-02
-1.60206E+00  2.31379E+01  1.32571E-02  1.50164E-01  1.97928E-01  1.75240E-01  2.21619E-01  8.32696E-02  3.20051E-02
-1.60206E+00  2.31379E+01  1.67683E-02  2.34951E-01  3.00792E-01  2.63604E-01  3.27626E-01  1.17780E-01  3.79763E-02
-1.60206E+00  2.31379E+01  2.12095E-02  3.61425E-01  4.47717E-01  3.92309E-01  4.76363E-01  1.61597E-01  4.30403E-02
-1.60206E+00  2.31379E+01  2.68270E-02  5.48921E-01  6.54755E-01  5.79914E-01  6.83220E-01  2.14259E-01  4.63722E-02
-1.60206E+00  2.31379E+01  3.39322E-02  8.26886E-01  9.42907E-01  8.53708E-01  9.67213E-01  2.73023E-01  4.57379E-02
-1.60206E+00  2.31379E+01  4.29193E-02  1.25146E+00  1.33898E+00  1.27072E+00  1.35627E+00  3.32011E-01  4.21580E-02
-1.60206E+00  2.31379E+01  5.42868E-02  1.63768E+00  1.69800E+00  1.64895E+00  1.71082E+00  3.82246E-01  3.70495E-02
-1.60206E+00  2.31379E+01  6.86649E-02  1.94689E+00  1.99290E+00  1.95584E+00  2.00358E+00  4.13620E-01  3.28109E-02
-1.60206E+00  2.31379E+01  8.68511E-02  2.25524E+00  2.24969E+00  2.26352E+00  2.25757E+00  4.18860E-01  2.92319E-02
-1.60206E+00  2.31379E+01  1.09854E-01  2.52587E+00  2.53460E+00  2.53450E+00  2.54357E+00  3.97265E-01  2.62256E-02
-1.60206E+00  2.31379E+01  1.38950E-01  2.76701E+00  2.79301E+00  2.77614E+00  2.80141E+00  3.55057E-01  2.42124E-02
-1.60206E+00  2.31379E+01  1.75751E-01  3.03223E+00  3.03852E+00  3.04332E+00  3.04954E+00  3.01971E-01  2.34669E-02
-1.60206E+00  2.31379E+01  2.22300E-01  3.28102E+00  3.28151E+00  3.29433E+00  3.29506E+00  2.47049E-01  2.38707E-02
-1.60206E+00  2.31379E+01  2.81177E-01  3.52097E+00  3.51633E+00  3.53714E+00  3.53248E+00  1.96354E-01  2.46248E-02
-1.60206E+00  2.31379E+01  3.55648E-01  3.75064E+00  3.77151E+00  3.76910E+00  3.78992E+00  1.52817E-01  2.53984E-02
-1.60206E+00  2.31379E+01  4.49843E-01  3.99975E+00  4.01104E+00  4.02032E+00  4.03160E+00  1.17150E-01  2.61919E-02
-1.60206E+00  2.31379E+01  5.68987E-01  4.25729E+00  4.25439E+00  4.27976E+00  4.27684E+00  8.88302E-02  2.70068E-02
-1.60206E+00  2.31379E+01  7.19686E-01  4.47309E+00  4.47261E+00  4.49729E+00  4.49680E+00  6.68159E-02  2.78442E-02
-1.60206E+00  2.31379E+01  9.10298E-01  4.72438E+00  4.72295E+00  4.75016E+00  4.74872E+00  4.99522E-02  2.87053E-02
-1.60206E+00  2.31379E+01  1.15140E+00  4.95304E+00  4.97721E+00  4.98030E+00  5.00447E+00  3.71682E-02  2.95912E-02
-1.60206E+00  2.31379E+01  1.45635E+00  5.18708E+00  5.17616E+00  5.21572E+00  5.20481E+00  2.75508E-02  3.05029E-02
-1.60206E+00  2.31379E+01  1.84207E+00  5.41661E+00  5.42938E+00  5.44657E+00  5.45934E+00  2.03579E-02  3.14416E-02
-1.60206E+00  2.31379E+01  2.32995E+00  5.63841E+00  5.65327E+00  5.66964E+00  5.68451E+00  1.50027E-02  3.24080E-02
-1.60206E+00  2.31379E+01  2.94705E+00  5.88682E+00  5.88169E+00  5.91929E+00  5.91416E+00  1.10306E-02  3.34034E-02
-1.60206E+00  2.31379E+01  3.72759E+00  6.12033E+00  6.10951E+00  6.15402E+00  6.14320E+00  8.09362E-03  3.44288E-02
-1.60206E+00  2.31379E+01  4.71487E+00  6.35232E+00  6.37395E+00  6.38722E+00  6.40885E+00  5.92773E-03  3.54850E-02
-1.60206E+00  2.31379E+01  5.96362E+00  6.57763E+00  6.58894E+00  6.61374E+00  6.62505E+00  4.33424E-03  3.65732E-02
-1.60206E+00  2.31379E+01  7.54312E+00  6.83118E+00  6.83908E+00  6.86850E+00  6.87641E+00  3.16431E-03  3.76945E-02
-1.60206E+00  2.31379E+01  9.54095E+00  7.08567E+00  7.06930E+00  7.12423E+00  7.10786E+00  2.30695E-03  3.88498E-02
-1.60206E+00  2.31379E+01  1.20679E+01  7.35126E+00  7.34331E+00  7.39107E+00  7.38312E+00  1.67972E-03  4.00403E-02
-1.60206E+00  2.31379E+01  1.52642E+01  7.52940E+00  7.57210E+00  7.57049E+00  7.61318E+00  1.22156E-03  4.12672E-02
-1.60206E+00  2.31379E+01  1.93070E+01  7.76009E+00  7.75817E+00  7.80248E+00  7.80056E+00  8.87379E-04  4.25314E-02
-1.60206E+00  2.31379E+01  2.44205E+01  8.04825E+00  8.04547E+00  8.09197E+00  8.08919E+00  6.43944E-04  4.38342E-02
-1.60206E+00  2.31379E+01  3.08884E+01  8.26509E+00  8.27437E+00  8.31018E+00  8.31946E+00  4.66833E-04  4.51769E-02
-1.60206E+00  2.31379E+01  3.90694E+01  8.45760E+00  8.46622E+00  8.50409E+00  8.51271E+00  3.38123E-04  4.65606E-02
-1.60206E+00  2.31379E+01  4.94171E+01  8.74753E+00  8.73234E+00  8.79546E+00  8.78028E+00  2.44688E-04  4.79866E-02
-1.60206E+00  2.31379E+01  6.25055E+01  8.94566E+00  8.94822E+00  8.99507E+00  8.99763E+00  1.76927E-04  4.94562E-02
-1.60206E+00  2.31379E+01  7.90604E+01  9.22704E+00  9.24262E+00  9.27798E+00  9.29355E+00  1.27832E-04  5.09708E-02
-1.60206E+00  2.31379E+01  1.00000E+02  9.41243E+00  9.41564E+00  9.46493E+00  9.46815E+00  9.22930E-05  5.25317E-02
# T =  0  2.50000E-02
# D = 13  3.03920E+23
-1.60206E+00  2.34828E+01  1.00000E-03  1.89031E-05  2.47713E-05  4.14466E-04  4.19942E-04  1.32058E-06  3.97184E-04
-1.60206E+00  2.34828E+01  1.26486E-03  1.35662E-04  1.83870E-04  6.76372E-04  7.21879E-04  1.04792E-05  5.51418E-04
-1.60206E+00  2.34828E+01  1.59986E-03  4.60616E-04  6.36874E-04  1.19016E-03  1.35817E-03  5.53165E-05  7.62926E-04
-1.60206E+00  2.34828E+01  2.02359E-03  1.15740E-03  1.61654E-03  2.13211E-03  2.57326E-03  2.12122E-04  1.05164E-03
-1.60206E+00  2.34828E+01  2.55955E-03  2.47167E-03  3.46206E-03  3.76486E-03  4.72244E-03  6.34694E-04  1.44363E-03
-1.60206E+00  2.34828E+01  3.23746E-03  4.76561E-03  6.65948E-03  6.47163E-03  8.31160E-03  1.57007E-03  1.97152E-03
-1.60206E+00  2.34828E+01  4.09492E-03  8.57060E-03  1.18992E-02  1.08104E-02  1.40557E-02  3.36229E-03  2.67680E-03
-1.60206E+00  2.34828E+01  5.17947E-03  1.46572E-02  2.01573E-02  1.75834E-02  2.29594E-02  6.45998E-03  3.61033E-03
-1.60206E+00  2.34828E+01  6.55129E-03  2.41374E-02  3.27991E-02  2.79298E-02  3.64104E-02  1.14409E-02  4.82259E-03
-1.60206E+00  2.34828E+01  8.28643E-03  3.86144E-02  5.17407E-02  4.34520E-02  5.63179E-02  1.90544E-02  6.34155E-03
-1.60206E+00  2.34828E+01  1.04811E-02  6.03897E-02  7.96527E-02  6.64236E-02  8.53181E-02  3.02717E-02  8.17188E-03
-1.60206E+00  2.34828E+01  1.32571E-02  9.27667E-02  1.20228E-01  1.00095E-01  1.27045E-01  4.63152E-02  1.02940E-02
-1.60206E+00  2.34828E+01  1.67683E-02  1.40483E-01  1.78583E-01  1.49017E-01  1.86430E-01  6.86224E-02  1.25539E-02
-1.60206E+00  2.34828E+01  2.12095E-02  2.10345E-01  2.61751E-01  2.19643E-01  2.70157E-01  9.86677E-02  1.46192E-02
-1.60206E+00  2.34828E+01  2.68270E-02  3.12156E-01  3.79364E-01  3.21477E-01  3.87581E-01  1.37559E-01  1.61961E-02
-1.60206E+00  2.34828E+01  3.39322E-02  4.60174E-01  5.44583E-01  4.68457E-01  5.51579E-01  1.85341E-01  1.69474E-02
-1.60206E+00  2.34828E+01  4.29193E-02  6.75683E-01  7.75579E-01  6.81544E-01  7.80056E-01  2.40042E-01  1.65046E-02
-1.60206E+00  2.34828E+01  5.42868E-02  9.94268E-01  1.10019E+00  9.96487E-01  1.10109E+00  2.96727E-01  1.49729E-02
-1.60206E+00  2.34828E+01  6.86649E-02  1.48326E+00  1.53979E+00  1.47462E+00  1.53270E+00  3.47271E-01  1.35346E-02
-1.60206E+00  2.34828E+01  8.68511E-02  1.84528E+00  1.88603E+00  1.84071E+00  1.88352E+00  3.81880E-01  1.22802E-02
-1.60206E+00  2.34828E+01  1.09854E-01  2.14336E+00  2.14885E+00  2.14100E+00  2.14605E+00  3.92704E-01  1.11963E-02
-1.60206E+00  2.34828E+01  1.38950E-01  2.43267E+00  2.43950E+00  2.43013E+00  2.43347E+00  3.77708E-01  1.04936E-02
-1.60206E+00  2.34828E+01  1.75751E-01  2.70506E+00  2.70609E+00  2.70473E+00  2.70567E+00  3.41707E-01  1.03191E-02
-1.60206E+00  2.34828E+01  2.22300E-01  2.95517E+00  2.94940E+00  2.95590E+00  2.95084E+00  2.93573E-01  1.06442E-02
-1.60206E+00  2.34828E+01  2.81177E-01  3.20775E+00  3.20087E+00  3.21118E+00  3.20423E+00  2.42156E-01  1.11313E-02
-1.60206E+00  2.34828E+01  3.55648E-01  3.45328E+00  3.44468E+00  3.45849E+00  3.44987E+00  1.93732E-01  1.16378E-02
-1.60206E+00  2.34828E+01  4.49843E-01  3.70851E+00  3.70295E+00  3.71536E+00  3.70981E+00  1.51574E-01  1.21645E-02
-1.60206E+00  2.34828E+01  5.68987E-01  3.96016E+00  3.96166E+00  3.96854E+00  3.97004E+00  1.16695E-01  1.27128E-02
-1.60206E+00  2.34828E+01  7.19686E-01  4.18987E+00  4.19488E+00  4.19964E+00  4.20465E+00  8.87989E-02  1.32840E-02
-1.60206E+00  2.34828E+01  9.10298E-01  4.45105E+00  4.45059E+00  4.46211E+00  4.46163E+00  6.69915E-02  1.38793E-02
-1.60206E+00  2.34828E+01  1.15140E+00  4.67534E+00  4.65561E+00  4.68756E+00  4.66783E+00  5.02114E-02  1.45001E-02
-1.60206E+00  2.34828E+01  1.45635E+00  4.90723E+00  4.91152E+00  4.92055E+00  4.92484E+00  3.74440E-02  1.51476E-02
-1.60206E+00  2.34828E+01  1.84207E+00  5.13061E+00  5.11914E+00  5.14498E+00  5.13351E+00  2.78096E-02  1.58231E-02
-1.60206E+00  2.34828E+01  2.32995E+00  5.37061E+00  5.40511E+00  5.38598E+00  5.42047E+00  2.05849E-02  1.65281E-02
-1.60206E+00  2.34828E+01  2.94705E+00  5.64940E+00  5.64299E+00  5.66574E+00  5.65933E+00  1.51938E-02  1.72639E-02
-1.60206E+00  2.34828E+01  3.72759E+00  5.87002E+00  5.85834E+00  5.88732E+00  5.87564E+00  1.11871E-02  1.80320E-02
-1.60206E+00  2.34828E+01  4.71487E+00  6.12391E+00  6.11746E+00  6.14216E+00  6.13571E+00  8.21904E-03  1.88339E-02
-1.60206E+00  2.34828E+01  5.96362E+00  6.32205E+00  6.31002E+00  6.34126E+00  6.32923E+00  6.02674E-03  1.96712E-02
-1.60206E+00  2.34828E+01  7.54312E+00  6.54362E+00  6.54612E+00  6.56380E+00  6.56629E+00  4.41146E-03  2.05453E-02
-1.60206E+00  2.34828E+01  9.54095E+00  6.80590E+00  6.81804E+00  6.82707E+00  6.83921E+00  3.22394E-03  2.14582E-02
-1.60206E+00  2.34828E+01  1.20679E+01  7.02874E+00  7.03682E+00  7.05092E+00  7.05900E+00  2.35263E-03  2.24113E-02
-1.60206E+00  2.34828E+01  1.52642E+01  7.29087E+00  7.29476E+00  7.31410E+00  7.31798E+00  1.71447E-03  2.34067E-02
-1.60206E+00  2.34828E+01  1.93070E+01  7.50238E+00  7.49897E+00  7.52668E+00  7.52327E+00  1.24785E-03  2.44462E-02
-1.60206E+00  2.34828E+01  2.44205E+01  7.72065E+00  7.72367E+00  7.74607E+00  7.74909E+00  9.07160E-04  2.55317E-02
-1.60206E+00  2.34828E+01  3.08884E+01  7.99913E+00  7.99301E+00  8.02571E+00  8.01958E+00  6.58767E-04  2.66654E-02
-1.60206E+00  2.34828E+01  3.90694E+01  8.23768E+00  8.21694E+00  8.26546E+00  8.24472E+00  4.77898E-04  2.78493E-02
-1.60206E+00  2.34828E+01  4.94171E+01  8.44857E+00  8.43996E+00  8.47760E+00  8.46899E+00  3.46355E-04  2.90857E-02
-1.60206E+00  2.34828E+01  6.25055E+01  8.65183E+00  8.64601E+00  8.68217E+00  8.67634E+00  2.50793E-04  3.03770E-02
-1.60206E+00  2.34828E+01  7.90604E+01  8.90284E+00  8.90130E+00  8.93453E+00  8.93299E+00  1.81443E-04  3.17255E-02
-1.60206E+00  2.34828E+01  1.00000E+02  9.16696E+00  9.16792E+00  9.20007E+00  9.20102E+00  1.31164E-04  3.31339E-02
# T =  0  2.50000E-02
# D = 14  6.72336E+23
-1.60206E+00  2.38276E+01  1.00000E-03  1.26710E-04  1.66462E-04  2.81940E-04  3.20344E-04  1.22826E-08  1.61227E-04
-1.60206E+00  2.38276E+01  1.26486E-03  3.09272E-04  4.10207E-04  5.20545E-04  6.18514E-04  2.52427E-07  2.24838E-04
-1.60206E+00  2.38276E+01  1.59986E-03  6.50908E-04  8.67495E-04  9.36836E-04  1.14788E-03  2.82358E-06  3.12374E-04
-1.60206E+00  2.38276E+01  2.02359E-03  1.24568E-03  1.66198E-03  1.63103E-03  2.03800E-03  1.95349E-05  4.32271E-04
-1.60206E+00  2.38276E+01  2.55955E-03  2.23170E-03  2.97214E-03  2.74953E-03  3.47528E-03  9.25823E-05  5.95880E-04
-1.60206E+00  2.38276E+01  3.23746E-03  3.80996E-03  5.05434E-03  4.50348E-03  5.72571E-03  3.26415E-04  8.17508E-04
-1.60206E+00  2.38276E+01  4.09492E-03  6.27031E-03  8.27162E-03  7.19387E-03  9.16274E-03  9.15454E-04  1.11387E-03
-1.60206E+00  2.38276E+01  5.17947E-03  1.00302E-02  1.31402E-02  1.12505E-02  1.43139E-02  2.15566E-03  1.50482E-03
-1.60206E+00  2.38276E+01  6.55129E-03  1.56872E-02  2.03853E-02  1.72784E-02  2.19102E-02  4.44749E-03  2.00735E-03
-1.60206E+00  2.38276E+01  8.28643E-03  2.40966E-02  3.10288E-02  2.61309E-02  3.29703E-02  8.30794E-03  2.63233E-03
-1.60206E+00  2.38276E+01  1.04811E-02  3.64798E-02  4.64988E-02  3.90144E-02  4.89044E-02  1.44016E-02  3.37956E-03
-1.60206E+00  2.38276E+01  1.32571E-02  5.45802E-02  6.87953E-02  5.76596E-02  7.16975E-02  2.35869E-02  4.25426E-03
-1.60206E+00  2.38276E+01  1.67683E-02  8.08835E-02  1.00693E-01  8.45299E-02  1.04100E-01  3.69584E-02  5.25374E-03
-1.60206E+00  2.38276E+01  2.12095E-02  1.18928E-01  1.46046E-01  1.22976E-01  1.49776E-01  5.58466E-02  6.20888E-03
-1.60206E+00  2.38276E+01  2.68270E-02  1.73753E-01  2.10171E-01  1.77864E-01  2.13873E-01  8.17071E-02  6.96425E-03
-1.60206E+00  2.38276E+01  3.39322E-02  2.52539E-01  3.00392E-01  2.56309E-01  3.03655E-01  1.15807E-01  7.46314E-03
-1.60206E+00  2.38276E+01  4.29193E-02  3.65554E-01  4.26740E-01  3.68322E-01  4.28904E-01  1.58615E-01  7.44391E-03
-1.60206E+00  2.38276E+01  5.42868E-02  5.27638E-01  6.03035E-01  5.28616E-01  6.03333E-01  2.08884E-01  6.76008E-03
-1.60206E+00  2.38276E+01  6.86649E-02  7.61007E-01  8.48791E-01  7.59846E-01  8.46923E-01  2.62638E-01  5.81578E-03
-1.60206E+00  2.38276E+01  8.68511E-02  1.10461E+00  1.19693E+00  1.10151E+00  1.19318E+00  3.12697E-01  5.10968E-03
-1.60206E+00  2.38276E+01  1.09854E-01  1.60796E+00  1.65805E+00  1.60223E+00  1.65307E+00  3.49755E-01  4.70986E-03
-1.60206E+00  2.38276E+01  1.38950E-01  1.96364E+00  1.99170E+00  1.95872E+00  1.98547E+00  3.65578E-01  4.48808E-03
-1.60206E+00  2.38276E+01  1.75751E-01  2.28510E+00  2.27966E+00  2.27882E+00  2.27450E+00  3.56914E-01  4.49130E-03
-1.60206E+00  2.38276E+01  2.22300E-01  2.54987E+00  2.55779E+00  2.54700E+00  2.55489E+00  3.27140E-01  4.71522E-03
-1.60206E+00  2.38276E+01  2.81177E-01  2.84521E+00  2.84007E+00  2.84364E+00  2.83842E+00  2.84148E-01  5.01785E-03
-1.60206E+00  2.38276E+01  3.55648E-01  3.10385E+00  3.09878E+00  3.10351E+00  3.09499E+00  2.36476E-01  5.33808E-03
-1.60206E+00  2.38276E+01  4.49843E-01  3.35277E+00  3.34685E+00  3.35364E+00  3.34770E+00  1.90542E-01  5.67704E-03
-1.60206E+00  2.38276E+01  5.68987E-01  3.61557E+00  3.60866E+00  3.61695E+00  3.61068E+00  1.49935E-01  6.03612E-03
-1.60206E+00  2.38276E+01  7.19686E-01  3.82400E+00  3.86510E+00  3.82713E+00  3.86822E+00  1.15972E-01  6.41674E-03
-1.60206E+00  2.38276E+01  9.10298E-01  4.07791E+00  4.08196E+00  4.08204E+00  4.08608E+00  8.85878E-02  6.82037E-03
-1.60206E+00  2.38276E+01  1.15140E+00  4.31785E+00  4.34456E+00  4.32291E+00  4.34962E+00  6.70479E-02  7.24858E-03
-1.60206E+00  2.38276E+01  1.45635E+00  4.57963E+00  4.57293E+00  4.58557E+00  4.57886E+00  5.03922E-02  7.70298E-03
-1.60206E+00  2.38276E+01  1.84207E+00  4.80224E+00  4.80051E+00  4.80900E+00  4.80728E+00  3.76686E-02  8.18530E-03
-1.60206E+00  2.38276E+01  2.32995E+00  5.03272E+00  5.04823E+00  5.04028E+00  5.05578E+00  2.80352E-02  8.69733E-03
-1.60206E+00  2.38276E+01  2.94705E+00  5.26555E+00  5.26288E+00  5.27388E+00  5.27121E+00  2.07907E-02  9.24099E-03
-1.60206E+00  2.38276E+01  3.72759E+00  5.50894E+00  5.52050E+00  5.51804E+00  5.52959E+00  1.53714E-02  9.81829E-03
-1.60206E+00  2.38276E+01  4.71487E+00  5.73817E+00  5.73964E+00  5.74802E+00  5.74950E+00  1.13349E-02  1.04314E-02
-1.60206E+00  2.38276E+01  5.96362E+00  5.98873E+00  5.98819E+00  5.99936E+00  5.99881E+00  8.33911E-03  1.10825E-02
-1.60206E+00  2.38276E+01  7.54312E+00  6.20199E+00  6.21838E+00  6.21340E+00  6.22979E+00  6.12248E-03  1.17741E-02
-1.60206E+00  2.38276E+01  9.54095E+00  6.45465E+00  6.46815E+00  6.46687E+00  6.48037E+00  4.48672E-03  1.25086E-02
-1.60206E+00  2.38276E+01  1.20679E+01  6.70745E+00  6.69776E+00  6.72051E+00  6.71082E+00  3.28243E-03  1.32889E-02
-1.60206E+00  2.38276E+01  1.52642E+01  6.95923E+00  6.96804E+00  6.97316E+00  6.98198E+00  2.39768E-03  1.41177E-02
-1.60206E+00  2.38276E+01  1.93070E+01  7.14505E+00  7.16528E+00  7.15990E+00  7.18013E+00  1.74890E-03  1.49981E-02
-1.60206E+00  2.38276E+01  2.44205E+01  7.39292E+00  7.41741E+00  7.40874E+00  7.43322E+00  1.27399E-03  1.59333E-02
-1.60206E+00  2.38276E+01  3.08884E+01  7.65483E+00  7.66656E+00  7.67167E+00  7.68339E+00  9.26903E-04  1.69267E-02
-1.60206E+00  2.38276E+01  3.90694E+01  7.86391E+00  7.86597E+00  7.88182E+00  7.88388E+00  6.73605E-04  1.79821E-02
-1.60206E+00  2.38276E+01  4.94171E+01  8.10309E+00  8.09939E+00  8.12214E+00  8.11844E+00  4.89003E-04  1.91031E-02
-1.60206E+00  2.38276E+01  6.25055E+01  8.39140E+00  8.39501E+00  8.41165E+00  8.41525E+00  3.54635E-04  2.02941E-02
-1.60206E+00  2.38276E+01  7.90604E+01  8.57012E+00  8.56972E+00  8.59164E+00  8.59125E+00  2.56947E-04  2.15592E-02
-1.60206E+00  2.38276E+01  1.00000E+02  8.82439E+00  8.82664E+00  8.84726E+00  8.84952E+00  1.86003E-04  2.29032E-02
# T =  0  2.50000E-02
# D = 15  1.48735E+24
-1.60206E+00  2.41724E+01  1.00000E-03  1.71215E-04  2.16404E-04  2.24118E-04  2.68463E-04  1.24544E-11  5.73973E-05
-1.60206E+00  2.41724E+01  1.26486E-03  3.24493E-04  4.11126E-04  3.96628E-04  4.81811E-04  1.05470E-09  8.00897E-05
-1.60206E+00  2.41724E+01  1.59986E-03  5.78385E-04  7.33099E-04  6.76446E-04  8.28822E-04  3.61357E-08  1.11325E-04
-1.60206E+00  2.41724E+01  2.02359E-03  9.85030E-04  1.24703E-03  1.11795E-03  1.37635E-03  6.05407E-07  1.54110E-04
-1.60206E+00  2.41724E+01  2.55955E-03  1.61989E-03  2.04608E-03  1.79951E-03  2.22031E-03  5.76221E-06  2.12416E-04
-1.60206E+00  2.41724E+01  3.23746E-03  2.59158E-03  3.26305E-03  2.83338E-03  3.49698E-03  3.50991E-05  2.91368E-04
-1.60206E+00  2.41724E+01  4.09492E-03  4.05575E-03  5.08669E-03  4.37921E-03  5.39884E-03  1.50532E-04  3.96974E-04
-1.60206E+00  2.41724E+01  5.17947E-03  6.23504E-03  7.78537E-03  6.66343E-03  8.19768E-03  4.91094E-04  5.35806E-04
-1.60206E+00  2.41724E+01  6.55129E-03  9.44717E-03  1.17379E-02  1.00065E-02  1.22746E-02  1.29763E-03  7.14290E-04
-1.60206E+00  2.41724E+01  8.28643E-03  1.41457E-02  1.74796E-02  1.48637E-02  1.81661E-02  2.92030E-03  9.39075E-04
-1.60206E+00  2.41724E+01  1.04811E-02  2.09767E-02  2.57644E-02  2.18798E-02  2.66240E-02  5.82226E-03  1.21527E-03
-1.60206E+00  2.41724E+01  1.32571E-02  3.08596E-02  3.76500E-02  3.19640E-02  3.86950E-02  1.05971E-02  1.54040E-03
-1.60206E+00  2.41724E+01  1.67683E-02  4.51020E-02  5.46182E-02  4.64110E-02  5.58470E-02  1.80053E-02  1.91124E-03
-1.60206E+00  2.41724E+01  2.12095E-02  6.55612E-02  7.87394E-02  6.70238E-02  8.00949E-02  2.90189E-02  2.28424E-03
-1.60206E+00  2.41724E+01  2.68270E-02  9.48714E-02  1.12886E-01  9.63858E-02  1.14260E-01  4.48441E-02  2.62000E-03
-1.60206E+00  2.41724E+01  3.39322E-02  1.36764E-01  1.61042E-01  1.38168E-01  1.62266E-01  6.68656E-02  2.86910E-03
-1.60206E+00  2.41724E+01  4.29193E-02  1.96515E-01  2.28702E-01  1.97547E-01  2.29509E-01  9.64217E-02  2.94062E-03
-1.60206E+00  2.41724E+01  5.42868E-02  2.81585E-01  3.23397E-01  2.81881E-01  3.23421E-01  1.34300E-01  2.73465E-03
-1.60206E+00  2.41724E+01  6.86649E-02  4.02544E-01  4.55462E-01  4.01879E-01  4.54482E-01  1.79897E-01  2.38512E-03
-1.60206E+00  2.41724E+01  8.68511E-02  5.74508E-01  6.39090E-01  5.72896E-01  6.37133E-01  2.30176E-01  2.11488E-03
-1.60206E+00  2.41724E+01  1.09854E-01  8.19844E-01  8.94338E-01  8.17375E-01  8.91520E-01  2.78970E-01  1.97180E-03
-1.60206E+00  2.41724E+01  1.38950E-01  1.17784E+00  1.25588E+00  1.17460E+00  1.25233E+00  3.17636E-01  1.90659E-03
-1.60206E+00  2.41724E+01  1.75751E-01  1.68957E+00  1.74530E+00  1.68541E+00  1.74113E+00  3.37767E-01  1.94384E-03
-1.60206E+00  2.41724E+01  2.22300E-01  2.05159E+00  2.08239E+00  2.04809E+00  2.07881E+00  3.35049E-01  2.08510E-03
-1.60206E+00  2.41724E+01  2.81177E-01  2.37543E+00  2.37402E+00  2.37251E+00  2.37096E+00  3.11428E-01  2.26835E-03
-1.60206E+00  2.41724E+01  3.55648E-01  2.65285E+00  2.65600E+00  2.65064E+00  2.65376E+00  2.73710E-01  2.46662E-03
-1.60206E+00  2.41724E+01  4.49843E-01  2.90769E+00  2.95601E+00  2.90629E+00  2.95457E+00  2.29994E-01  2.68121E-03
-1.60206E+00  2.41724E+01  5.68987E-01  3.20220E+00  3.21635E+00  3.20159E+00  3.21564E+00  1.86762E-01  2.91363E-03
-1.60206E+00  2.41724E+01  7.19686E-01  3.42962E+00  3.46131E+00  3.42981E+00  3.46148E+00  1.47879E-01  3.16546E-03
-1.60206E+00  2.41724E+01  9.10298E-01  3.68085E+00  3.68140E+00  3.68179E+00  3.68229E+00  1.14962E-01  3.43844E-03
-1.60206E+00  2.41724E+01  1.15140E+00  3.93332E+00  3.94662E+00  3.93501E+00  3.94830E+00  8.81834E-02  3.73443E-03
-1.60206E+00  2.41724E+01  1.45635E+00  4.17552E+00  4.17753E+00  4.17789E+00  4.17991E+00  6.69754E-02  4.05545E-03
-1.60206E+00  2.41724E+01  1.84207E+00  4.43431E+00  4.44826E+00  4.43735E+00  4.45130E+00  5.04876E-02  4.40367E-03
-1.60206E+00  2.41724E+01  2.32995E+00  4.65939E+00  4.66933E+00  4.66306E+00  4.67301E+00  3.78372E-02  4.78147E-03
-1.60206E+00  2.41724E+01  2.94705E+00  4.90835E+00  4.89017E+00  4.91266E+00  4.89448E+00  2.82243E-02  5.19138E-03
-1.60206E+00  2.41724E+01  3.72759E+00  5.12934E+00  5.13454E+00  5.13427E+00  5.13947E+00  2.09727E-02  5.63620E-03
-1.60206E+00  2.41724E+01  4.71487E+00  5.38450E+00  5.39973E+00  5.39005E+00  5.40528E+00  1.55337E-02  6.11892E-03
-1.60206E+00  2.41724E+01  5.96362E+00  5.64653E+00  5.65303E+00  5.65272E+00  5.65922E+00  1.14731E-02  6.64280E-03
-1.60206E+00  2.41724E+01  7.54312E+00  5.87920E+00  5.87089E+00  5.88605E+00  5.87774E+00  8.45312E-03  7.21138E-03
-1.60206E+00  2.41724E+01  9.54095E+00  6.05754E+00  6.06008E+00  6.06508E+00  6.06762E+00  6.21447E-03  7.82850E-03
-1.60206E+00  2.41724E+01  1.20679E+01  6.32751E+00  6.33385E+00  6.33578E+00  6.34212E+00  4.55969E-03  8.49832E-03
-1.60206E+00  2.41724E+01  1.52642E+01  6.55237E+00  6.55419E+00  6.56141E+00  6.56323E+00  3.33958E-03  9.22534E-03
-1.60206E+00  2.41724E+01  1.93070E+01  6.81198E+00  6.81708E+00  6.82185E+00  6.82695E+00  2.44195E-03  1.00145E-02
-1.60206E+00  2.41724E+01  2.44205E+01  7.04484E+00  7.03951E+00  7.05560E+00  7.05027E+00  1.78291E-03  1.08711E-02
-1.60206E+00  2.41724E+01  3.08884E+01  7.23768E+00  7.25992E+00  7.24939E+00  7.27164E+00  1.29993E-03  1.18008E-02
-1.60206E+00  2.41724E+01  3.90694E+01  7.52524E+00  7.51632E+00  7.53798E+00  7.52906E+00  9.46561E-04  1.28101E-02
-1.60206E+00  2.41724E+01  4.94171E+01  7.75128E+00  7.75050E+00  7.76513E+00  7.76435E+00  6.88427E-04  1.39056E-02
-1.60206E+00  2.41724E+01  6.25055E+01  7.95732E+00  7.95067E+00  7.97237E+00  7.96572E+00  5.00127E-04  1.50948E-02
-1.60206E+00  2.41724E+01  7.90604E+01  8.22435E+00  8.24766E+00  8.24070E+00  8.26401E+00  3.62951E-04  1.63856E-02
-1.60206E+00  2.41724E+01  1.00000E+02  8.43716E+00  8.44066E+00  8.45492E+00  8.45842E+00  2.63141E-04  1.77868E-02
# T =  0  2.50000E-02
# D = 16  3.29034E+24
-1.60206E+00  2.45172E+01  1.00000E-03  1.48131E-04  1.79200E-04  1.60395E-04  1.91131E-04  4.67312E-16  1.44253E-05
-1.60206E+00  2.45172E+01  1.26486E-03  2.51621E-04  3.04410E-04  2.69022E-04  3.21291E-04  3.25407E-13  2.08607E-05
-1.60206E+00  2.45172E+01  1.59986E-03  4.13460E-04  4.99806E-04  4.38167E-04  5.23722E-04  5.89346E-11  3.00791E-05
-1.60206E+00  2.45172E+01  2.02359E-03  6.61628E-04  7.98656E-04  6.96548E-04  8.32399E-04  3.68290E-09  4.30772E-05
-1.60206E+00  2.45172E+01  2.55955E-03  1.03643E-03  1.24873E-03  1.08531E-03  1.29589E-03  9.92311E-08  6.10541E-05
-1.60206E+00  2.45172E+01  3.23746E-03  1.59541E-03  1.91791E-03  1.66301E-03  1.98303E-03  1.37488E-06  8.55298E-05
-1.60206E+00  2.45172E+01  4.09492E-03  2.42083E-03  2.90302E-03  2.51316E-03  2.99181E-03  1.12626E-05  1.18462E-04
-1.60206E+00  2.45172E+01  5.17947E-03  3.63009E-03  4.34152E-03  3.75438E-03  4.46078E-03  6.09550E-05  1.62027E-04
-1.60206E+00  2.45172E+01  6.55129E-03  5.39032E-03  6.42802E-03  5.55506E-03  6.58568E-03  2.38325E-04  2.18819E-04
-1.60206E+00  2.45172E+01  8.28643E-03  7.93978E-03  9.43892E-03  8.15427E-03  9.64353E-03  7.23761E-04  2.91467E-04
-1.60206E+00  2.45172E+01  1.04811E-02  1.16174E-02  1.37643E-02  1.18916E-02  1.40247E-02  1.81037E-03  3.82946E-04
-1.60206E+00  2.45172E+01  1.32571E-02  1.69052E-02  1.99543E-02  1.72470E-02  2.02773E-02  3.90808E-03  4.94555E-04
-1.60206E+00  2.45172E+01  1.67683E-02  2.44885E-02  2.87852E-02  2.48941E-02  2.91652E-02  7.54961E-03  6.18294E-04
-1.60206E+00  2.45172E+01  2.12095E-02  3.53404E-02  4.13458E-02  3.58055E-02  4.17765E-02  1.34132E-02  7.58901E-04
-1.60206E+00  2.45172E+01  2.68270E-02  5.08408E-02  5.91632E-02  5.13423E-02  5.96189E-02  2.23613E-02  9.03349E-04
-1.60206E+00  2.45172E+01  3.39322E-02  7.29432E-02  8.43660E-02  7.34152E-02  8.47780E-02  3.54740E-02  1.01540E-03
-1.60206E+00  2.45172E+01  4.29193E-02  1.04409E-01  1.19917E-01  1.04771E-01  1.20202E-01  5.40331E-02  1.08740E-03
-1.60206E+00  2.45172E+01  5.42868E-02  1.49131E-01  1.69917E-01  1.49262E-01  1.69951E-01  7.93737E-02  1.08423E-03
-1.60206E+00  2.45172E+01  6.86649E-02  2.12586E-01  2.40005E-01  2.12343E-01  2.39644E-01  1.12494E-01  9.89844E-04
-1.60206E+00  2.45172E+01  8.68511E-02  3.02460E-01  3.37917E-01  3.01788E-01  3.37104E-01  1.53320E-01  8.90140E-04
-1.60206E+00  2.45172E+01  1.09854E-01  4.29547E-01  4.74208E-01  4.28446E-01  4.72946E-01  1.99690E-01  8.36454E-04
-1.60206E+00  2.45172E+01  1.38950E-01  6.09089E-01  6.63313E-01  6.07556E-01  6.61610E-01  2.46495E-01  8.16522E-04
-1.60206E+00  2.45172E+01  1.75751E-01  8.63248E-01  9.25420E-01  8.61319E-01  9.23321E-01  2.85901E-01  8.45261E-04
-1.60206E+00  2.45172E+01  2.22300E-01  1.22993E+00  1.29458E+00  1.22767E+00  1.29217E+00  3.09564E-01  9.25588E-04
-1.60206E+00  2.45172E+01  2.81177E-01  1.76319E+00  1.79093E+00  1.76071E+00  1.78835E+00  3.12295E-01  1.02916E-03
-1.60206E+00  2.45172E+01  3.55648E-01  2.11245E+00  2.15262E+00  2.11017E+00  2.15004E+00  2.94656E-01  1.14373E-03
-1.60206E+00  2.45172E+01  4.49843E-01  2.43112E+00  2.43590E+00  2.42917E+00  2.43394E+00  2.62279E-01  1.27051E-03
-1.60206E+00  2.45172E+01  5.68987E-01  2.73384E+00  2.74189E+00  2.73237E+00  2.74000E+00  2.22700E-01  1.41086E-03
-1.60206E+00  2.45172E+01  7.19686E-01  3.00084E+00  3.01027E+00  2.99987E+00  3.00928E+00  1.82370E-01  1.56631E-03
-1.60206E+00  2.45172E+01  9.10298E-01  3.27192E+00  3.26816E+00  3.27149E+00  3.26772E+00  1.45385E-01  1.73851E-03
-1.60206E+00  2.45172E+01  1.15140E+00  3.53005E+00  3.54567E+00  3.52891E+00  3.54575E+00  1.13648E-01  1.92933E-03
-1.60206E+00  2.45172E+01  1.45635E+00  3.77368E+00  3.77139E+00  3.77427E+00  3.77199E+00  8.75717E-02  2.14082E-03
-1.60206E+00  2.45172E+01  1.84207E+00  4.03898E+00  4.04097E+00  4.04008E+00  4.04207E+00  6.67634E-02  2.37525E-03
-1.60206E+00  2.45172E+01  2.32995E+00  4.25530E+00  4.25965E+00  4.25689E+00  4.26124E+00  5.04903E-02  2.63513E-03
-1.60206E+00  2.45172E+01  2.94705E+00  4.52226E+00  4.52251E+00  4.52433E+00  4.52458E+00  3.79445E-02  2.92326E-03
-1.60206E+00  2.45172E+01  3.72759E+00  4.76594E+00  4.76874E+00  4.76849E+00  4.77130E+00  2.83731E-02  3.24274E-03
-1.60206E+00  2.45172E+01  4.71487E+00  4.99893E+00  4.98576E+00  5.00197E+00  4.98880E+00  2.11286E-02  3.59698E-03
-1.60206E+00  2.45172E+01  5.96362E+00  5.23852E+00  5.23021E+00  5.24206E+00  5.23375E+00  1.56792E-02  3.98981E-03
-1.60206E+00  2.45172E+01  7.54312E+00  5.46425E+00  5.45290E+00  5.46832E+00  5.45697E+00  1.16004E-02  4.42542E-03
-1.60206E+00  2.45172E+01  9.54095E+00  5.71154E+00  5.70803E+00  5.71617E+00  5.71266E+00  8.56027E-03  4.90849E-03
-1.60206E+00  2.45172E+01  1.20679E+01  5.93573E+00  5.93653E+00  5.94095E+00  5.94175E+00  6.30215E-03  5.44421E-03
-1.60206E+00  2.45172E+01  1.52642E+01  6.18341E+00  6.18553E+00  6.18927E+00  6.19139E+00  4.63002E-03  6.03833E-03
-1.60206E+00  2.45172E+01  1.93070E+01  6.43010E+00  6.43284E+00  6.43666E+00  6.43940E+00  3.39512E-03  6.69722E-03
-1.60206E+00  2.45172E+01  2.44205E+01  6.68537E+00  6.67206E+00  6.69269E+00  6.67937E+00  2.48529E-03  7.42794E-03
-1.60206E+00  2.45172E+01  3.08884E+01  6.88140E+00  6.88064E+00  6.88955E+00  6.88879E+00  1.81639E-03  8.23835E-03
-1.60206E+00  2.45172E+01  3.90694E+01  7.11481E+00  7.11685E+00  7.12388E+00  7.12592E+00  1.32558E-03  9.13713E-03
-1.60206E+00  2.45172E+01  4.94171E+01  7.37905E+00  7.38004E+00  7.38913E+00  7.39012E+00  9.66088E-04  1.01339E-02
-1.60206E+00  2.45172E+01  6.25055E+01  7.61379E+00  7.61037E+00  7.62499E+00  7.62157E+00  7.03202E-04  1.12394E-02
-1.60206E+00  2.45172E+01  7.90604E+01  7.80845E+00  7.80616E+00  7.82088E+00  7.81859E+00  5.11250E-04  1.24655E-02
-1.60206E+00  2.45172E+01  1.00000E+02  8.09643E+00  8.09478E+00  8.11023E+00  8.10858E+00  3.71289E-04  1.38253E-02
# T =  0  2.50000E-02
# D = 17  7.27895E+24
-1.60206E+00  2.48621E+01  1.00000E-03  1.04081E-04  1.21065E-04  1.07882E-04  1.24759E-04  0.00000E+00  4.64548E-06
-1.60206E+00  2.48621E+01  1.26486E-03  1.66619E-04  1.93679E-04  1.72085E-04  1.98987E-04  2.63165E-18  6.75257E-06
-1.60206E+00  2.48621E+01  1.59986E-03  2.61355E-04  3.03504E-04  2.69234E-04  3.11148E-04  4.48835E-15  9.80571E-06
-1.60206E+00  2.48621E+01  2.02359E-03  4.02908E-04  4.67319E-04  4.14240E-04  4.78309E-04  1.98732E-12  1.41803E-05
-1.60206E+00  2.48621E+01  2.55955E-03  6.12471E-04  7.09414E-04  6.28669E-04  7.25116E-04  2.51775E-10  2.03665E-05
-1.60206E+00  2.48621E+01  3.23746E-03  9.19986E-04  1.06405E-03  9.42955E-04  1.08631E-03  1.18611E-08  2.90230E-05
-1.60206E+00  2.48621E+01  4.09492E-03  1.36846E-03  1.58033E-03  1.40077E-03  1.61163E-03  2.55605E-07  4.10486E-05
-1.60206E+00  2.48621E+01  5.17947E-03  2.01881E-03  2.32772E-03  2.06391E-03  2.37138E-03  2.96823E-06  5.76362E-05
-1.60206E+00  2.48621E+01  6.55129E-03  2.95810E-03  3.40519E-03  3.02055E-03  3.46560E-03  2.11505E-05  8.03544E-05
-1.60206E+00  2.48621E+01  8.28643E-03  4.31021E-03  4.95317E-03  4.39570E-03  5.03582E-03  1.02580E-04  1.10965E-04
-1.60206E+00  2.48621E+01  1.04811E-02  6.25128E-03  7.17052E-03  6.36632E-03  7.28158E-03  3.68175E-04  1.51107E-04
-1.60206E+00  2.48621E+01  1.32571E-02  9.03184E-03  1.03393E-02  9.18355E-03  1.04855E-02  1.04662E-03  2.02556E-04
-1.60206E+00  2.48621E+01  1.67683E-02  1.30080E-02  1.48579E-02  1.32009E-02  1.50432E-02  2.48910E-03  2.64224E-04
-1.60206E+00  2.48621E+01  2.12095E-02  1.86855E-02  2.12890E-02  1.89231E-02  2.15161E-02  5.17121E-03  3.36984E-04
-1.60206E+00  2.48621E+01  2.68270E-02  2.67821E-02  3.04257E-02  2.70598E-02  3.06894E-02  9.70202E-03  4.15373E-04
-1.60206E+00  2.48621E+01  3.39322E-02  3.83151E-02  4.33821E-02  3.86135E-02  4.36618E-02  1.68507E-02  4.87676E-04
-1.60206E+00  2.48621E+01  4.29193E-02  5.47247E-02  6.17216E-02  5.50117E-02  6.19839E-02  2.75804E-02  5.44698E-04
-1.60206E+00  2.48621E+01  5.42868E-02  7.80462E-02  8.76259E-02  7.82658E-02  8.78137E-02  4.30558E-02  5.66662E-04
-1.60206E+00  2.48621E+01  6.86649E-02  1.11149E-01  1.24132E-01  1.11219E-01  1.24162E-01  6.45566E-02  5.30741E-04
-1.60206E+00  2.48621E+01  8.68511E-02  1.58066E-01  1.75448E-01  1.57912E-01  1.75243E-01  9.31903E-02  4.49596E-04
-1.60206E+00  2.48621E+01  1.09854E-01  2.24448E-01  2.47354E-01  2.24039E-01  2.46884E-01  1.29287E-01  3.67293E-04
-1.60206E+00  2.48621E+01  1.38950E-01  3.18177E-01  3.47760E-01  3.17517E-01  3.47029E-01  1.71458E-01  3.19857E-04
-1.60206E+00  2.48621E+01  1.75751E-01  4.50230E-01  4.87431E-01  4.49309E-01  4.86431E-01  2.15635E-01  2.88155E-04
-1.60206E+00  2.48621E+01  2.22300E-01  6.35927E-01  6.80973E-01  6.34730E-01  6.79693E-01  2.54924E-01  2.60144E-04
-1.60206E+00  2.48621E+01  2.81177E-01  8.97080E-01  9.48549E-01  8.95606E-01  9.46993E-01  2.81279E-01  2.35129E-04
-1.60206E+00  2.48621E+01  3.55648E-01  1.26930E+00  1.32244E+00  1.26756E+00  1.32063E+00  2.88858E-01  2.12725E-04
-1.60206E+00  2.48621E+01  4.49843E-01  1.80510E+00  1.82592E+00  1.80314E+00  1.82393E+00  2.76928E-01  1.92601E-04
-1.60206E+00  2.48621E+01  5.68987E-01  2.18257E+00  2.19098E+00  2.18066E+00  2.18904E+00  2.49890E-01  1.74482E-04
-1.60206E+00  2.48621E+01  7.19686E-01  2.51450E+00  2.51449E+00  2.51271E+00  2.51260E+00  2.14591E-01  1.58140E-04
-1.60206E+00  2.48621E+01  9.10298E-01  2.80679E+00  2.80330E+00  2.80517E+00  2.80166E+00  1.77348E-01  1.43379E-04
-1.60206E+00  2.48621E+01  1.15140E+00  3.06527E+00  3.06650E+00  3.06384E+00  3.06507E+00  1.42432E-01  1.30033E-04
-1.60206E+00  2.48621E+01  1.45635E+00  3.32148E+00  3.33755E+00  3.32025E+00  3.33632E+00  1.12011E-01  1.17955E-04
-1.60206E+00  2.48621E+01  1.84207E+00  3.59803E+00  3.59617E+00  3.59700E+00  3.59513E+00  8.67380E-02  1.07018E-04
-1.60206E+00  2.48621E+01  2.32995E+00  3.85307E+00  3.85444E+00  3.85221E+00  3.85358E+00  6.64013E-02  9.71080E-05
-1.60206E+00  2.48621E+01  2.94705E+00  4.12633E+00  4.11795E+00  4.12563E+00  4.11724E+00  5.03924E-02  8.81252E-05
-1.60206E+00  2.48621E+01  3.72759E+00  4.35679E+00  4.36759E+00  4.35622E+00  4.36702E+00  3.79851E-02  7.99802E-05
-1.60206E+00  2.48621E+01  4.71487E+00  4.57787E+00  4.58056E+00  4.57741E+00  4.58010E+00  2.84780E-02  7.25928E-05
-1.60206E+00  2.48621E+01  5.96362E+00  4.85620E+00  4.83526E+00  4.85584E+00  4.83490E+00  2.12557E-02  6.58912E-05
-1.60206E+00  2.48621E+01  7.54312E+00  5.09616E+00  5.11092E+00  5.09587E+00  5.11064E+00  1.58059E-02  5.98108E-05
-1.60206E+00  2.48621E+01  9.54095E+00  5.31597E+00  5.32036E+00  5.31575E+00  5.32014E+00  1.17157E-02  5.42933E-05
-1.60206E+00  2.48621E+01  1.20679E+01  5.56155E+00  5.57224E+00  5.56137E+00  5.57207E+00  8.65971E-03  4.92861E-05
-1.60206E+00  2.48621E+01  1.52642E+01  5.79821E+00  5.79162E+00  5.79808E+00  5.79149E+00  6.38497E-03  4.47416E-05
-1.60206E+00  2.48621E+01  1.93070E+01  6.04904E+00  6.06032E+00  6.04894E+00  6.06022E+00  4.69732E-03  4.06168E-05
-1.60206E+00  2.48621E+01  2.44205E+01  6.28105E+00  6.27875E+00  6.28098E+00  6.27867E+00  3.44880E-03  3.68727E-05
-1.60206E+00  2.48621E+01  3.08884E+01  6.47602E+00  6.47272E+00  6.47596E+00  6.47267E+00  2.52751E-03  3.34741E-05
-1.60206E+00  2.48621E+01  3.90694E+01  6.73159E+00  6.74514E+00  6.73155E+00  6.74510E+00  1.84922E-03  3.03890E-05
-1.60206E+00  2.48621E+01  4.94171E+01  6.99015E+00  6.97306E+00  6.99012E+00  6.97303E+00  1.35088E-03  2.75884E-05
-1.60206E+00  2.48621E+01  6.25055E+01  7.24170E+00  7.22814E+00  7.24168E+00  7.22812E+00  9.85430E-04  2.50460E-05
-1.60206E+00  2.48621E+01  7.90604E+01  7.43908E+00  7.46323E+00  7.43907E+00  7.46322E+00  7.17894E-04  2.27381E-05
-1.60206E+00  2.48621E+01  1.00000E+02  7.67831E+00  7.68152E+00  7.67831E+00  7.68151E+00  5.22349E-04  2.06428E-05
# T =  0  2.50000E-02
# D = 18  1.61026E+25
-1.60206E+00  2.52069E+01  1.00000E-03  6.50321E-05  7.32186E-05  6.63706E-05  7.45274E-05  0.00000E+00  1.63302E-06
-1.60206E+00  2.52069E+01  1.26486E-03  1.00423E-04  1.12981E-04  1.02245E-04  1.14760E-04  0.00000E+00  2.25828E-06
-1.60206E+00  2.52069E+01  1.59986E-03  1.52924E-04  1.71903E-04  1.55402E-04  1.74318E-04  0.00000E+00  3.11797E-06
-1.60206E+00  2.52069E+01  2.02359E-03  2.30181E-04  2.58515E-04  2.33555E-04  2.61798E-04  2.91648E-17  4.30625E-06
-1.60206E+00  2.52069E+01  2.55955E-03  3.43078E-04  3.84951E-04  3.47690E-04  3.89430E-04  3.70065E-14  5.96046E-06
-1.60206E+00  2.52069E+01  3.23746E-03  5.07039E-04  5.68393E-04  5.13373E-04  5.74538E-04  1.07632E-11  8.27693E-06
-1.60206E+00  2.52069E+01  4.09492E-03  7.44272E-04  8.33566E-04  7.53009E-04  8.42033E-04  9.78130E-10  1.15258E-05
-1.60206E+00  2.52069E+01  5.17947E-03  1.08604E-03  1.21522E-03  1.09815E-03  1.22696E-03  3.54347E-08  1.61042E-05
-1.60206E+00  2.52069E+01  6.55129E-03  1.57728E-03  1.76327E-03  1.59416E-03  1.77961E-03  6.20407E-07  2.25658E-05
-1.60206E+00  2.52069E+01  8.28643E-03  2.28150E-03  2.54818E-03  2.30509E-03  2.57100E-03  6.11391E-06  3.16746E-05
-1.60206E+00  2.52069E+01  1.04811E-02  3.28947E-03  3.67037E-03  3.32210E-03  3.70193E-03  3.82734E-05  4.41029E-05
-1.60206E+00  2.52069E+01  1.32571E-02  4.72997E-03  5.27215E-03  4.77427E-03  5.31494E-03  1.67679E-04  6.05164E-05
-1.60206E+00  2.52069E+01  1.67683E-02  6.78616E-03  7.55529E-03  6.84502E-03  7.61207E-03  5.56036E-04  8.17351E-05
-1.60206E+00  2.52069E+01  2.12095E-02  9.71828E-03  1.08057E-02  9.79310E-03  1.08776E-02  1.48725E-03  1.06925E-04
-1.60206E+00  2.52069E+01  2.68270E-02  1.38960E-02  1.54277E-02  1.39864E-02  1.55142E-02  3.37637E-03  1.35264E-04
-1.60206E+00  2.52069E+01  3.39322E-02  1.98442E-02  2.19934E-02  1.99468E-02  2.20906E-02  6.77045E-03  1.65019E-04
-1.60206E+00  2.52069E+01  4.29193E-02  2.83067E-02  3.13086E-02  2.84120E-02  3.14067E-02  1.23606E-02  1.91632E-04
-1.60206E+00  2.52069E+01  5.42868E-02  4.03367E-02  4.45068E-02  4.04273E-02  4.45877E-02  2.10080E-02  2.08883E-04
-1.60206E+00  2.52069E+01  6.86649E-02  5.74239E-02  6.31801E-02  5.74764E-02  6.32200E-02  3.37618E-02  2.13270E-04
-1.60206E+00  2.52069E+01  8.68511E-02  8.16705E-02  8.95536E-02  8.16514E-02  8.95181E-02  5.18147E-02  1.96856E-04
-1.60206E+00  2.52069E+01  1.09854E-01  1.16036E-01  1.26728E-01  1.15916E-01  1.26586E-01  7.63050E-02  1.65824E-04
-1.60206E+00  2.52069E+01  1.38950E-01  1.64673E-01  1.79000E-01  1.64444E-01  1.78745E-01  1.07840E-01  1.45085E-04
-1.60206E+00  2.52069E+01  1.75751E-01  2.33382E-01  2.52283E-01  2.33032E-01  2.51902E-01  1.45671E-01  1.29883E-04
-1.60206E+00  2.52069E+01  2.22300E-01  3.30217E-01  3.54652E-01  3.29729E-01  3.54129E-01  1.86707E-01  1.15956E-04
-1.60206E+00  2.52069E+01  2.81177E-01  4.66290E-01  4.97034E-01  4.65651E-01  4.96356E-01  2.25075E-01  1.03492E-04
-1.60206E+00  2.52069E+01  3.55648E-01  6.56903E-01  6.94121E-01  6.56104E-01  6.93281E-01  2.53244E-01  9.24711E-05
-1.60206E+00  2.52069E+01  4.49843E-01  9.23468E-01  9.65936E-01  9.22509E-01  9.64938E-01  2.64974E-01  8.26953E-05
-1.60206E+00  2.52069E+01  5.68987E-01  1.29940E+00  1.34310E+00  1.29830E+00  1.34196E+00  2.58378E-01  7.40029E-05
-1.60206E+00  2.52069E+01  7.19686E-01  1.82864E+00  1.87749E+00  1.82743E+00  1.87625E+00  2.36597E-01  6.62590E-05
-1.60206E+00  2.52069E+01  9.10298E-01  2.22145E+00  2.24505E+00  2.22024E+00  2.24387E+00  2.05675E-01  5.93500E-05
-1.60206E+00  2.52069E+01  1.15140E+00  2.55679E+00  2.55927E+00  2.55565E+00  2.55813E+00  1.71683E-01  5.31786E-05
-1.60206E+00  2.52069E+01  1.45635E+00  2.85093E+00  2.85021E+00  2.84653E+00  2.84917E+00  1.39001E-01  4.76611E-05
-1.60206E+00  2.52069E+01  1.84207E+00  3.16336E+00  3.14951E+00  3.16245E+00  3.14859E+00  1.10033E-01  4.27245E-05
-1.60206E+00  2.52069E+01  2.32995E+00  3.41879E+00  3.43263E+00  3.41800E+00  3.43184E+00  8.56679E-02  3.83053E-05
-1.60206E+00  2.52069E+01  2.94705E+00  3.69166E+00  3.69199E+00  3.69098E+00  3.69132E+00  6.58779E-02  3.43475E-05
-1.60206E+00  2.52069E+01  3.72759E+00  3.90314E+00  3.94969E+00  3.90258E+00  3.94912E+00  5.01859E-02  3.08017E-05
-1.60206E+00  2.52069E+01  4.71487E+00  4.17390E+00  4.17978E+00  4.17343E+00  4.17932E+00  3.79531E-02  2.76240E-05
-1.60206E+00  2.52069E+01  5.96362E+00  4.42555E+00  4.41296E+00  4.42517E+00  4.41258E+00  2.85348E-02  2.47757E-05
-1.60206E+00  2.52069E+01  7.54312E+00  4.69071E+00  4.68157E+00  4.69040E+00  4.68126E+00  2.13512E-02  2.22221E-05
-1.60206E+00  2.52069E+01  9.54095E+00  4.91324E+00  4.90482E+00  4.91299E+00  4.90457E+00  1.59120E-02  1.99325E-05
-1.60206E+00  2.52069E+01  1.20679E+01  5.14528E+00  5.16643E+00  5.14508E+00  5.16623E+00  1.18176E-02  1.78793E-05
-1.60206E+00  2.52069E+01  1.52642E+01  5.38897E+00  5.37567E+00  5.38882E+00  5.37551E+00  8.75053E-03  1.60380E-05
-1.60206E+00  2.52069E+01  1.93070E+01  5.62854E+00  5.64071E+00  5.62842E+00  5.64059E+00  6.46231E-03  1.43866E-05
-1.60206E+00  2.52069E+01  2.44205E+01  5.85645E+00  5.86432E+00  5.85635E+00  5.86422E+00  4.76116E-03  1.29055E-05
-1.60206E+00  2.52069E+01  3.08884E+01  6.09876E+00  6.12013E+00  6.09868E+00  6.12006E+00  3.50035E-03  1.15769E-05
-1.60206E+00  2.52069E+01  3.90694E+01  6.35003E+00  6.34087E+00  6.34997E+00  6.34081E+00  2.56843E-03  1.03852E-05
-1.60206E+00  2.52069E+01  4.94171E+01  6.60004E+00  6.62128E+00  6.60000E+00  6.62123E+00  1.88128E-03  9.31629E-06
-1.60206E+00  2.52069E+01  6.25055E+01  6.80732E+00  6.80288E+00  6.80728E+00  6.80285E+00  1.37573E-03  8.35742E-06
-1.60206E+00  2.52069E+01  7.90604E+01  7.03561E+00  7.04359E+00  7.03558E+00  7.04356E+00  1.00453E-03  7.49727E-06
-1.60206E+00  2.52069E+01  1.00000E+02  7.29292E+00  7.30474E+00  7.29290E+00  7.30472E+00  7.32466E-04  6.72568E-06
# T =  0  2.50000E-02
# D = 19  3.56225E+25
-1.60206E+00  2.55517E+01  1.00000E-03  3.77483E-05  4.14026E-05  3.81401E-05  4.17867E-05  0.00000E+00  4.87341E-07
-1.60206E+00  2.55517E+01  1.26486E-03  5.69544E-05  6.24294E-05  5.74898E-05  6.29535E-05  0.00000E+00  6.74765E-07
-1.60206E+00  2.55517E+01  1.59986E-03  8.50380E-05  9.31543E-05  8.57691E-05  9.38692E-05  0.00000E+00  9.33171E-07
-1.60206E+00  2.55517E+01  2.02359E-03  1.25910E-04  1.37842E-04  1.26910E-04  1.38818E-04  0.00000E+00  1.29140E-06
-1.60206E+00  2.55517E+01  2.55955E-03  1.85117E-04  2.02537E-04  1.86489E-04  2.03876E-04  0.00000E+00  1.79120E-06
-1.60206E+00  2.55517E+01  3.23746E-03  2.70622E-04  2.95916E-04  2.72515E-04  2.97761E-04  3.44200E-16  2.49390E-06
-1.60206E+00  2.55517E+01  4.09492E-03  3.93546E-04  4.30093E-04  3.96177E-04  4.32656E-04  2.64935E-13  3.49074E-06
-1.60206E+00  2.55517E+01  5.17947E-03  5.69959E-04  6.22564E-04  5.73651E-04  6.26159E-04  5.21348E-11  4.91763E-06
-1.60206E+00  2.55517E+01  6.55129E-03  8.22734E-04  8.98206E-04  8.27971E-04  9.03305E-04  3.47885E-09  6.98372E-06
-1.60206E+00  2.55517E+01  8.28643E-03  1.18412E-03  1.29209E-03  1.19164E-03  1.29941E-03  9.87201E-08  1.00018E-05
-1.60206E+00  2.55517E+01  1.04811E-02  1.70046E-03  1.85456E-03  1.71130E-03  1.86513E-03  1.42494E-06  1.43644E-05
-1.60206E+00  2.55517E+01  1.32571E-02  2.43716E-03  2.65658E-03  2.45265E-03  2.67168E-03  1.20554E-05  2.04860E-05
-1.60206E+00  2.55517E+01  1.67683E-02  3.48767E-03  3.79944E-03  3.50949E-03  3.82073E-03  6.69159E-05  2.88945E-05
-1.60206E+00  2.55517E+01  2.12095E-02  4.98456E-03  5.42654E-03  5.01469E-03  5.45591E-03  2.66802E-04  4.01082E-05
-1.60206E+00  2.55517E+01  2.68270E-02  7.11627E-03  7.74148E-03  7.15702E-03  7.78119E-03  8.22347E-04  5.47902E-05
-1.60206E+00  2.55517E+01  3.39322E-02  1.01504E-02  1.10326E-02  1.02031E-02  1.10838E-02  2.07940E-03  7.23117E-05
-1.60206E+00  2.55517E+01  4.29193E-02  1.44671E-02  1.57080E-02  1.45307E-02  1.57697E-02  4.52238E-03  9.10986E-05
-1.60206E+00  2.55517E+01  5.42868E-02  2.06052E-02  2.23453E-02  2.06750E-02  2.24124E-02  8.77477E-03  1.07976E-04
-1.60206E+00  2.55517E+01  6.86649E-02  2.93288E-02  3.17591E-02  2.93954E-02  3.18221E-02  1.56119E-02  1.19335E-04
-1.60206E+00  2.55517E+01  8.68511E-02  4.17191E-02  4.50967E-02  4.17655E-02  4.51384E-02  2.59779E-02  1.18707E-04
-1.60206E+00  2.55517E+01  1.09854E-01  5.93052E-02  6.39717E-02  5.93103E-02  6.39705E-02  4.09673E-02  1.03228E-04
-1.60206E+00  2.55517E+01  1.38950E-01  8.42435E-02  9.06428E-02  8.41926E-02  9.05837E-02  6.16942E-02  8.08641E-05
-1.60206E+00  2.55517E+01  1.75751E-01  1.19567E-01  1.28261E-01  1.19456E-01  1.28139E-01  8.89337E-02  6.32804E-05
-1.60206E+00  2.55517E+01  2.22300E-01  1.69527E-01  1.81200E-01  1.69353E-01  1.81013E-01  1.22431E-01  5.40523E-05
-1.60206E+00  2.55517E+01  2.81177E-01  2.40055E-01  2.55487E-01  2.39810E-01  2.55227E-01  1.59966E-01  4.75384E-05
-1.60206E+00  2.55517E+01  3.55648E-01  3.39366E-01  3.59358E-01  3.39040E-01  3.59015E-01  1.96700E-01  4.18674E-05
-1.60206E+00  2.55517E+01  4.49843E-01  4.78740E-01  5.03940E-01  4.78326E-01  5.03507E-01  2.25807E-01  3.69100E-05
-1.60206E+00  2.55517E+01  5.68987E-01  6.73571E-01  7.04116E-01  6.73064E-01  7.03589E-01  2.40917E-01  3.25651E-05
-1.60206E+00  2.55517E+01  7.19686E-01  9.44913E-01  9.79800E-01  9.44312E-01  9.79181E-01  2.39173E-01  2.87493E-05
-1.60206E+00  2.55517E+01  9.10298E-01  1.32400E+00  1.35991E+00  1.32331E+00  1.35921E+00  2.22478E-01  2.53927E-05
-1.60206E+00  2.55517E+01  1.15140E+00  1.87280E+00  1.90951E+00  1.87204E+00  1.90875E+00  1.95974E-01  2.24365E-05
-1.60206E+00  2.55517E+01  1.45635E+00  2.28404E+00  2.28264E+00  2.28329E+00  2.28189E+00  1.65370E-01  1.98303E-05
-1.60206E+00  2.55517E+01  1.84207E+00  2.62113E+00  2.61566E+00  2.62043E+00  2.61496E+00  1.35077E-01  1.75309E-05
-1.60206E+00  2.55517E+01  2.32995E+00  2.92617E+00  2.93355E+00  2.92553E+00  2.93290E+00  1.07698E-01  1.55010E-05
-1.60206E+00  2.55517E+01  2.94705E+00  3.20076E+00  3.20302E+00  3.20018E+00  3.20245E+00  8.43470E-02  1.37080E-05
-1.60206E+00  2.55517E+01  3.72759E+00  3.47027E+00  3.49065E+00  3.46977E+00  3.49016E+00  6.51821E-02  1.21239E-05
-1.60206E+00  2.55517E+01  4.71487E+00  3.73680E+00  3.73899E+00  3.73638E+00  3.73857E+00  4.98624E-02  1.07238E-05
-1.60206E+00  2.55517E+01  5.96362E+00  4.00665E+00  4.00527E+00  4.00629E+00  4.00491E+00  3.78426E-02  9.48602E-06
-1.60206E+00  2.55517E+01  7.54312E+00  4.21765E+00  4.26493E+00  4.21735E+00  4.26463E+00  2.85393E-02  8.39160E-06
-1.60206E+00  2.55517E+01  9.54095E+00  4.48996E+00  4.49938E+00  4.48972E+00  4.49914E+00  2.14121E-02  7.42377E-06
-1.60206E+00  2.55517E+01  1.20679E+01  4.75285E+00  4.74011E+00  4.75265E+00  4.73992E+00  1.59954E-02  6.56779E-06
-1.60206E+00  2.55517E+01  1.52642E+01  4.97208E+00  4.95622E+00  4.97192E+00  4.95606E+00  1.19047E-02  5.81067E-06
-1.60206E+00  2.55517E+01  1.93070E+01  5.21105E+00  5.21912E+00  5.21092E+00  5.21899E+00  8.83179E-03  5.14095E-06
-1.60206E+00  2.55517E+01  2.44205E+01  5.49246E+00  5.49277E+00  5.49236E+00  5.49266E+00  6.53350E-03  4.54849E-06
-1.60206E+00  2.55517E+01  3.08884E+01  5.69763E+00  5.71785E+00  5.69755E+00  5.71776E+00  4.82111E-03  4.02436E-06
-1.60206E+00  2.55517E+01  3.90694E+01  5.92515E+00  5.91334E+00  5.92508E+00  5.91328E+00  3.54945E-03  3.56067E-06
-1.60206E+00  2.55517E+01  4.94171E+01  6.17339E+00  6.17322E+00  6.17334E+00  6.17317E+00  2.60784E-03  3.15043E-06
-1.60206E+00  2.55517E+01  6.25055E+01  6.41150E+00  6.40800E+00  6.41145E+00  6.40796E+00  1.91243E-03  2.78748E-06
-1.60206E+00  2.55517E+01  7.90604E+01  6.67968E+00  6.66778E+00  6.67965E+00  6.66775E+00  1.40005E-03  2.46635E-06
-1.60206E+00  2.55517E+01  1.00000E+02  6.92201E+00  6.89063E+00  6.92199E+00  6.89061E+00  1.02333E-03  2.18223E-06
# T =  0  2.50000E-02
# D = 20  7.88046E+25
-1.60206E+00  2.58966E+01  1.00000E-03  2.08311E-05  2.23825E-05  2.09277E-05  2.24772E-05  0.00000E+00  1.26084E-07
-1.60206E+00  2.58966E+01  1.26486E-03  3.09313E-05  3.32193E-05  3.10739E-05  3.33591E-05  0.00000E+00  1.85227E-07
-1.60206E+00  2.58966E+01  1.59986E-03  4.55775E-05  4.89269E-05  4.57878E-05  4.91333E-05  0.00000E+00  2.71758E-07
-1.60206E+00  2.58966E+01  2.02359E-03  6.67225E-05  7.15961E-05  6.70311E-05  7.18991E-05  0.00000E+00  3.96702E-07
-1.60206E+00  2.58966E+01  2.55955E-03  9.71872E-05  1.04245E-04  9.76355E-05  1.04686E-04  0.00000E+00  5.74421E-07
-1.60206E+00  2.58966E+01  3.23746E-03  1.40948E-04  1.51130E-04  1.41591E-04  1.51763E-04  0.00000E+00  8.24223E-07
-1.60206E+00  2.58966E+01  4.09492E-03  2.03734E-04  2.18381E-04  2.04649E-04  2.19280E-04  3.18445E-18  1.17268E-06
-1.60206E+00  2.58966E+01  5.17947E-03  2.93541E-04  3.14549E-04  2.94827E-04  3.15812E-04  3.40764E-15  1.65393E-06
-1.60206E+00  2.58966E+01  6.55129E-03  4.21877E-04  4.51940E-04  4.23667E-04  4.53698E-04  1.66339E-12  2.31323E-06
-1.60206E+00  2.58966E+01  8.28643E-03  6.05166E-04  6.48111E-04  6.07628E-04  6.50526E-04  2.27637E-10  3.20604E-06
-1.60206E+00  2.58966E+01  1.04811E-02  8.66589E-04  9.27836E-04  8.69952E-04  9.31133E-04  1.13981E-08  4.42000E-06
-1.60206E+00  2.58966E+01  1.32571E-02  1.23925E-03  1.32647E-03  1.24384E-03  1.33096E-03  2.57745E-07  6.08829E-06
-1.60206E+00  2.58966E+01  1.67683E-02  1.77030E-03  1.89433E-03  1.77653E-03  1.90043E-03  3.10900E-06  8.35585E-06
-1.60206E+00  2.58966E+01  2.12095E-02  2.52655E-03  2.70268E-03  2.53511E-03  2.71106E-03  2.28256E-05  1.15742E-05
-1.60206E+00  2.58966E+01  2.68270E-02  3.60316E-03  3.85289E-03  3.61499E-03  3.86447E-03  1.13316E-04  1.60857E-05
-1.60206E+00  2.58966E+01  3.39322E-02  5.13537E-03  5.48895E-03  5.15127E-03  5.50449E-03  4.14045E-04  2.18969E-05
-1.60206E+00  2.58966E+01  4.29193E-02  7.31521E-03  7.81493E-03  7.33558E-03  7.83479E-03  1.19281E-03  2.87889E-05
-1.60206E+00  2.58966E+01  5.42868E-02  1.04155E-02  1.11203E-02  1.04396E-02  1.11436E-02  2.86366E-03  3.58185E-05
-1.60206E+00  2.58966E+01  6.86649E-02  1.48237E-02  1.58152E-02  1.48487E-02  1.58393E-02  5.98510E-03  4.15371E-05
-1.60206E+00  2.58966E+01  8.68511E-02  2.10888E-02  2.24796E-02  2.11108E-02  2.25003E-02  1.12595E-02  4.49778E-05
-1.60206E+00  2.58966E+01  1.09854E-01  2.99892E-02  3.19329E-02  3.00021E-02  3.19440E-02  1.95409E-02  4.45389E-05
-1.60206E+00  2.58966E+01  1.38950E-01  4.26268E-02  4.53313E-02  4.26215E-02  4.53237E-02  3.18279E-02  3.80292E-05
-1.60206E+00  2.58966E+01  1.75751E-01  6.05585E-02  6.43003E-02  6.05304E-02  6.42690E-02  4.91793E-02  3.07336E-05
-1.60206E+00  2.58966E+01  2.22300E-01  8.59801E-02  9.11210E-02  8.59275E-02  9.10644E-02  7.24533E-02  2.64917E-05
-1.60206E+00  2.58966E+01  2.81177E-01  1.21980E-01  1.28979E-01  1.21898E-01  1.28893E-01  1.01753E-01  2.33566E-05
-1.60206E+00  2.58966E+01  3.55648E-01  1.72886E-01  1.82308E-01  1.72770E-01  1.82186E-01  1.35585E-01  2.06199E-05
-1.60206E+00  2.58966E+01  4.49843E-01  2.44733E-01  2.57225E-01  2.44576E-01  2.57061E-01  1.70105E-01  1.82218E-05
-1.60206E+00  2.58966E+01  5.68987E-01  3.45870E-01  3.62104E-01  3.45665E-01  3.61891E-01  1.99319E-01  1.61149E-05
-1.60206E+00  2.58966E+01  7.19686E-01  4.87731E-01  5.08259E-01  4.87475E-01  5.07994E-01  2.16987E-01  1.42602E-05
-1.60206E+00  2.58966E+01  9.10298E-01  6.85771E-01  7.10727E-01  6.85459E-01  7.10406E-01  2.19518E-01  1.26248E-05
-1.60206E+00  2.58966E+01  1.15140E+00  9.60869E-01  9.89451E-01  9.60503E-01  9.89076E-01  2.07641E-01  1.11811E-05
-1.60206E+00  2.58966E+01  1.45635E+00  1.34245E+00  1.37199E+00  1.34204E+00  1.37156E+00  1.85529E-01  9.90532E-06
-1.60206E+00  2.58966E+01  1.84207E+00  1.89804E+00  1.94196E+00  1.89759E+00  1.94150E+00  1.58413E-01  8.77711E-06
-1.60206E+00  2.58966E+01  2.32995E+00  2.31119E+00  2.35840E+00  2.31074E+00  2.35795E+00  1.30648E-01  7.77879E-06
-1.60206E+00  2.58966E+01  2.94705E+00  2.65765E+00  2.66637E+00  2.65722E+00  2.66594E+00  1.04991E-01  6.89499E-06
-1.60206E+00  2.58966E+01  3.72759E+00  2.98353E+00  2.97988E+00  2.98314E+00  2.97949E+00  8.27615E-02  6.11229E-06
-1.60206E+00  2.58966E+01  4.71487E+00  3.27502E+00  3.27538E+00  3.27467E+00  3.27502E+00  6.43025E-02  5.41891E-06
-1.60206E+00  2.58966E+01  5.96362E+00  3.54942E+00  3.55221E+00  3.54911E+00  3.55190E+00  4.94133E-02  4.80452E-06
-1.60206E+00  2.58966E+01  7.54312E+00  3.82079E+00  3.82245E+00  3.82052E+00  3.82218E+00  3.76473E-02  4.26002E-06
-1.60206E+00  2.58966E+01  9.54095E+00  4.05638E+00  4.05335E+00  4.05616E+00  4.05355E+00  2.84871E-02  3.77740E-06
-1.60206E+00  2.58966E+01  1.20679E+01  4.32686E+00  4.33491E+00  4.32668E+00  4.33472E+00  2.14353E-02  3.34956E-06
-1.60206E+00  2.58966E+01  1.52642E+01  4.54451E+00  4.54873E+00  4.54435E+00  4.54857E+00  1.60539E-02  2.97026E-06
-1.60206E+00  2.58966E+01  1.93070E+01  4.82265E+00  4.82906E+00  4.82252E+00  4.82893E+00  1.19755E-02  2.63397E-06
-1.60206E+00  2.58966E+01  2.44205E+01  5.06699E+00  5.06683E+00  5.06464E+00  5.06673E+00  8.90243E-03  2.33580E-06
-1.60206E+00  2.58966E+01  3.08884E+01  5.29896E+00  5.29009E+00  5.29888E+00  5.29001E+00  6.59785E-03  2.07140E-06
-1.60206E+00  2.58966E+01  3.90694E+01  5.53864E+00  5.55563E+00  5.53858E+00  5.55557E+00  4.87668E-03  1.83696E-06
-1.60206E+00  2.58966E+01  4.94171E+01  5.78285E+00  5.78014E+00  5.78280E+00  5.78009E+00  3.59578E-03  1.62906E-06
-1.60206E+00  2.58966E+01  6.25055E+01  6.02375E+00  6.02264E+00  6.02371E+00  6.02260E+00  2.64552E-03  1.44470E-06
-1.60206E+00  2.58966E+01  7.90604E+01  6.26466E+00  6.25489E+00  6.26463E+00  6.25486E+00  1.94252E-03  1.28121E-06
-1.60206E+00  2.58966E+01  1.00000E+02  6.46023E+00  6.46412E+00  6.46021E+00  6.46409E+00  1.42373E-03  1.13623E-06
# T =  0  2.50000E-02
# D = 21  1.74333E+26
-1.60206E+00  2.62414E+01  1.00000E-03  1.11093E-05  1.17460E-05  1.11367E-05  1.17729E-05  0.00000E+00  3.61924E-08
-1.60206E+00  2.62414E+01  1.26486E-03  1.63063E-05  1.72351E-05  1.63469E-05  1.72750E-05  0.00000E+00  5.32763E-08
-1.60206E+00  2.62414E+01  1.59986E-03  2.37892E-05  2.51369E-05  2.38494E-05  2.51961E-05  0.00000E+00  7.83763E-08
-1.60206E+00  2.62414E+01  2.02359E-03  3.45440E-05  3.64912E-05  3.46329E-05  3.65787E-05  0.00000E+00  1.14862E-07
-1.60206E+00  2.62414E+01  2.55955E-03  4.99806E-05  5.27852E-05  5.01108E-05  5.29135E-05  0.00000E+00  1.67267E-07
-1.60206E+00  2.62414E+01  3.23746E-03  7.20911E-05  7.61200E-05  7.22799E-05  7.63061E-05  0.00000E+00  2.41696E-07
-1.60206E+00  2.62414E+01  4.09492E-03  1.03717E-04  1.09493E-04  1.03988E-04  1.09760E-04  0.00000E+00  3.46310E-07
-1.60206E+00  2.62414E+01  5.17947E-03  1.48940E-04  1.57204E-04  1.49324E-04  1.57583E-04  0.00000E+00  4.91830E-07
-1.60206E+00  2.62414E+01  6.55129E-03  2.13425E-04  2.25231E-04  2.13964E-04  2.25763E-04  2.11719E-17  6.92067E-07
-1.60206E+00  2.62414E+01  8.28643E-03  3.05381E-04  3.22227E-04  3.06129E-04  3.22964E-04  2.90288E-14  9.64937E-07
-1.60206E+00  2.62414E+01  1.04811E-02  4.36459E-04  4.60471E-04  4.37488E-04  4.61484E-04  9.24402E-12  1.33868E-06
-1.60206E+00  2.62414E+01  1.32571E-02  6.23276E-04  6.57470E-04  6.24699E-04  6.58871E-04  9.02517E-10  1.86292E-06
-1.60206E+00  2.62414E+01  1.67683E-02  8.89217E-04  9.37860E-04  8.91201E-04  9.39812E-04  3.46011E-08  2.60823E-06
-1.60206E+00  2.62414E+01  2.12095E-02  1.26794E-03  1.33708E-03  1.27075E-03  1.33985E-03  6.33522E-07  3.69997E-06
-1.60206E+00  2.62414E+01  2.68270E-02  1.80688E-03  1.90507E-03  1.81093E-03  1.90905E-03  6.46708E-06  5.29513E-06
-1.60206E+00  2.62414E+01  3.39322E-02  2.57390E-03  2.71319E-03  2.57969E-03  2.71889E-03  4.16184E-05  7.56231E-06
-1.60206E+00  2.62414E+01  4.29193E-02  3.66498E-03  3.86236E-03  3.67311E-03  3.87037E-03  1.86279E-04  1.06330E-05
-1.60206E+00  2.62414E+01  5.42868E-02  5.21711E-03  5.49648E-03  5.22808E-03  5.50728E-03  6.27809E-04  1.45020E-05
-1.60206E+00  2.62414E+01  6.86649E-02  7.42445E-03  7.81926E-03  7.43845E-03  7.83302E-03  1.69910E-03  1.89673E-05
-1.60206E+00  2.62414E+01  8.68511E-02  1.05628E-02  1.11197E-02  1.05793E-02  1.11358E-02  3.88780E-03  2.34286E-05
-1.60206E+00  2.62414E+01  1.09854E-01  1.50237E-02  1.58076E-02  1.50405E-02  1.58239E-02  7.82916E-03  2.64519E-05
-1.60206E+00  2.62414E+01  1.38950E-01  2.13627E-02  2.24630E-02  2.13749E-02  2.24747E-02  1.43012E-02  2.57995E-05
-1.60206E+00  2.62414E+01  1.75751E-01  3.03664E-02  3.19058E-02  3.03692E-02  3.19078E-02  2.42167E-02  2.14484E-05
-1.60206E+00  2.62414E+01  2.22300E-01  4.31492E-02  4.52940E-02  4.31389E-02  4.52826E-02  3.85674E-02  1.53033E-05
-1.60206E+00  2.62414E+01  2.81177E-01  6.12861E-02  6.42583E-02  6.12616E-02  6.42323E-02  5.82371E-02  1.02896E-05
-1.60206E+00  2.62414E+01  3.55648E-01  8.69986E-02  9.10904E-02  8.69588E-02  9.10487E-02  8.35702E-02  6.95885E-06
-1.60206E+00  2.62414E+01  4.49843E-01  1.23412E-01  1.28996E-01  1.23354E-01  1.28937E-01  1.13651E-01  4.72837E-06
-1.60206E+00  2.62414E+01  5.68987E-01  1.74906E-01  1.82445E-01  1.74828E-01  1.82364E-01  1.45530E-01  3.22453E-06
-1.60206E+00  2.62414E+01  7.19686E-01  2.47591E-01  2.57620E-01  2.47489E-01  2.57514E-01  1.74108E-01  2.20522E-06
-1.60206E+00  2.62414E+01  9.10298E-01  3.49924E-01  3.63006E-01  3.49795E-01  3.62873E-01  1.93506E-01  1.51147E-06
-1.60206E+00  2.62414E+01  1.15140E+00  4.93479E-01  5.10092E-01  4.93319E-01  5.09927E-01  1.99650E-01  1.03777E-06
-1.60206E+00  2.62414E+01  1.45635E+00  6.93825E-01  7.14114E-01  6.93632E-01  7.13917E-01  1.92227E-01  7.13498E-07
-1.60206E+00  2.62414E+01  1.84207E+00  9.71690E-01  9.95042E-01  9.71465E-01  9.94814E-01  1.74403E-01  4.91078E-07
-1.60206E+00  2.62414E+01  2.32995E+00  1.35513E+00  1.37942E+00  1.35487E+00  1.37916E+00  1.50830E-01  3.38279E-07
-1.60206E+00  2.62414E+01  2.94705E+00  1.92225E+00  1.93692E+00  1.92197E+00  1.93664E+00  1.25711E-01  2.33178E-07
-1.60206E+00  2.62414E+01  3.72759E+00  2.38185E+00  2.37762E+00  2.38157E+00  2.37735E+00  1.01900E-01  1.60815E-07
-1.60206E+00  2.62414E+01  4.71487E+00  2.73735E+00  2.73590E+00  2.73709E+00  2.73563E+00  8.08987E-02  1.10955E-07
-1.60206E+00  2.62414E+01  5.96362E+00  3.03984E+00  3.04282E+00  3.03959E+00  3.04258E+00  6.32282E-02  7.65785E-08
-1.60206E+00  2.62414E+01  7.54312E+00  3.31716E+00  3.31646E+00  3.31694E+00  3.31624E+00  4.88302E-02  5.28664E-08
-1.60206E+00  2.62414E+01  9.54095E+00  3.59096E+00  3.58266E+00  3.59076E+00  3.58247E+00  3.73608E-02  3.65040E-08
-1.60206E+00  2.62414E+01  1.20679E+01  3.84991E+00  3.85694E+00  3.84975E+00  3.85678E+00  2.83735E-02  2.52099E-08
-1.60206E+00  2.62414E+01  1.52642E+01  4.12881E+00  4.13423E+00  4.12867E+00  4.13409E+00  2.14176E-02  1.74123E-08
-1.60206E+00  2.62414E+01  1.93070E+01  4.37237E+00  4.37726E+00  4.37225E+00  4.37714E+00  1.60852E-02  1.20278E-08
-1.60206E+00  2.62414E+01  2.44205E+01  4.65689E+00  4.65932E+00  4.65680E+00  4.65922E+00  1.20284E-02  8.30902E-09
-1.60206E+00  2.62414E+01  3.08884E+01  4.88130E+00  4.87607E+00  4.88122E+00  4.87599E+00  8.96138E-03  5.74038E-09
-1.60206E+00  2.62414E+01  3.90694E+01  5.13470E+00  5.13099E+00  5.13464E+00  5.13093E+00  6.65461E-03  3.96600E-09
-1.60206E+00  2.62414E+01  4.94171E+01  5.36183E+00  5.34880E+00  5.36178E+00  5.34874E+00  4.92736E-03  2.74020E-09
-1.60206E+00  2.62414E+01  6.25055E+01  5.60456E+00  5.60153E+00  5.60452E+00  5.60149E+00  3.63900E-03  1.89332E-09
-1.60206E+00  2.62414E+01  7.90604E+01  5.83472E+00  5.84278E+00  5.83468E+00  5.84275E+00  2.68124E-03  1.30821E-09
-1.60206E+00  2.62414E+01  1.00000E+02  6.09562E+00  6.09038E+00  6.09559E+00  6.09035E+00  1.97139E-03  9.03941E-10
# T =  0  2.50000E-02
# D = 22  3.85662E+26
-1.60206E+00  2.65862E+01  1.00000E-03  5.78116E-06  6.03607E-06  5.79010E-06  6.04490E-06  0.00000E+00  1.15210E-08
-1.60206E+00  2.65862E+01  1.26486E-03  8.40452E-06  8.77335E-06  8.41682E-06  8.78550E-06  0.00000E+00  1.59873E-08
-1.60206E+00  2.65862E+01  1.59986E-03  1.21725E-05  1.27043E-05  1.21894E-05  1.27211E-05  0.00000E+00  2.21896E-08
-1.60206E+00  2.65862E+01  2.02359E-03  1.75762E-05  1.83411E-05  1.75996E-05  1.83642E-05  0.00000E+00  3.08923E-08
-1.60206E+00  2.65862E+01  2.55955E-03  2.53125E-05  2.64102E-05  2.53451E-05  2.64423E-05  0.00000E+00  4.32638E-08
-1.60206E+00  2.65862E+01  3.23746E-03  3.63662E-05  3.79384E-05  3.64120E-05  3.79836E-05  0.00000E+00  6.11003E-08
-1.60206E+00  2.65862E+01  4.09492E-03  5.21551E-05  5.44038E-05  5.22205E-05  5.44683E-05  0.00000E+00  8.71441E-08
-1.60206E+00  2.65862E+01  5.17947E-03  7.47058E-05  7.79186E-05  7.48005E-05  7.80121E-05  0.00000E+00  1.25733E-07
-1.60206E+00  2.65862E+01  6.55129E-03  1.06839E-04  1.11424E-04  1.06979E-04  1.11562E-04  0.00000E+00  1.83824E-07
-1.60206E+00  2.65862E+01  8.28643E-03  1.52596E-04  1.59132E-04  1.52806E-04  1.59339E-04  0.00000E+00  2.72432E-07
-1.60206E+00  2.65862E+01  1.04811E-02  2.17786E-04  2.27097E-04  2.18101E-04  2.27408E-04  2.50238E-16  4.04536E-07
-1.60206E+00  2.65862E+01  1.32571E-02  3.10622E-04  3.23879E-04  3.11090E-04  3.24341E-04  2.14218E-13  5.94704E-07
-1.60206E+00  2.65862E+01  1.67683E-02  4.42860E-04  4.61724E-04  4.43541E-04  4.62398E-04  4.58632E-11  8.61893E-07
-1.60206E+00  2.65862E+01  2.12095E-02  6.30967E-04  6.57792E-04  6.31932E-04  6.58746E-04  3.27122E-09  1.22066E-06
-1.60206E+00  2.65862E+01  2.68270E-02  8.98674E-04  9.36796E-04  9.00004E-04  9.38112E-04  9.78438E-08  1.69335E-06
-1.60206E+00  2.65862E+01  3.39322E-02  1.27970E-03  1.33385E-03  1.28149E-03  1.33562E-03  1.47215E-06  2.31057E-06
-1.60206E+00  2.65862E+01  4.29193E-02  1.82161E-03  1.89847E-03  1.82401E-03  1.90083E-03  1.28679E-05  3.12324E-06
-1.60206E+00  2.65862E+01  5.42868E-02  2.59266E-03  2.70167E-03  2.59584E-03  2.70481E-03  7.32679E-05  4.20925E-06
-1.60206E+00  2.65862E+01  6.86649E-02  3.68912E-03  3.84358E-03  3.69334E-03  3.84775E-03  2.97889E-04  5.68469E-06
-1.60206E+00  2.65862E+01  8.68511E-02  5.24861E-03  5.46724E-03  5.25391E-03  5.47247E-03  9.31566E-04  7.36048E-06
-1.60206E+00  2.65862E+01  1.09854E-01  7.46609E-03  7.77513E-03  7.47207E-03  7.78101E-03  2.37944E-03  8.87703E-06
-1.60206E+00  2.65862E+01  1.38950E-01  1.06185E-02  1.10547E-02  1.06244E-02  1.10604E-02  5.20631E-03  9.94212E-06
-1.60206E+00  2.65862E+01  1.75751E-01  1.50992E-02  1.57135E-02  1.51031E-02  1.57173E-02  1.01226E-02  9.61716E-06
-1.60206E+00  2.65862E+01  2.22300E-01  2.14659E-02  2.23290E-02  2.14656E-02  2.23284E-02  1.79676E-02  7.52905E-06
-1.60206E+00  2.65862E+01  2.81177E-01  3.05093E-02  3.17181E-02  3.05038E-02  3.17122E-02  2.96671E-02  5.38489E-06
-1.60206E+00  2.65862E+01  3.55648E-01  4.33485E-02  4.50349E-02  4.33374E-02  4.50233E-02  4.60972E-02  3.86814E-06
-1.60206E+00  2.65862E+01  4.49843E-01  6.15668E-02  6.39078E-02  6.15492E-02  6.38896E-02  6.77550E-02  2.78883E-06
-1.60206E+00  2.65862E+01  5.68987E-01  8.73969E-02  9.06265E-02  8.73716E-02  9.06002E-02  9.41631E-02  2.01642E-06
-1.60206E+00  2.65862E+01  7.19686E-01  1.23982E-01  1.28401E-01  1.23947E-01  1.28365E-01  1.23137E-01  1.46118E-06
-1.60206E+00  2.65862E+01  9.10298E-01  1.75730E-01  1.81712E-01  1.75683E-01  1.81664E-01  1.50463E-01  1.06067E-06
-1.60206E+00  2.65862E+01  1.15140E+00  2.48793E-01  2.56780E-01  2.48732E-01  2.56718E-01  1.70796E-01  7.70985E-07
-1.60206E+00  2.65862E+01  1.45635E+00  3.51695E-01  3.62159E-01  3.51618E-01  3.62080E-01  1.79839E-01  5.61017E-07
-1.60206E+00  2.65862E+01  1.84207E+00  4.96117E-01  5.09472E-01  4.96022E-01  5.09375E-01  1.76410E-01  4.08574E-07
-1.60206E+00  2.65862E+01  2.32995E+00  6.97772E-01  7.14181E-01  6.97658E-01  7.14065E-01  1.62686E-01  2.97751E-07
-1.60206E+00  2.65862E+01  2.94705E+00  9.77292E-01  9.96309E-01  9.77159E-01  9.96174E-01  1.42655E-01  2.17101E-07
-1.60206E+00  2.65862E+01  3.72759E+00  1.36186E+00  1.38183E+00  1.36171E+00  1.38168E+00  1.20271E-01  1.58361E-07
-1.60206E+00  2.65862E+01  4.71487E+00  1.93319E+00  1.94075E+00  1.93302E+00  1.94059E+00  9.84179E-02  1.15551E-07
-1.60206E+00  2.65862E+01  5.96362E+00  2.42137E+00  2.42451E+00  2.42120E+00  2.42434E+00  7.87477E-02  8.43359E-08
-1.60206E+00  2.65862E+01  7.54312E+00  2.78184E+00  2.78745E+00  2.78168E+00  2.78729E+00  6.19488E-02  6.15656E-08
-1.60206E+00  2.65862E+01  9.54095E+00  3.08865E+00  3.08526E+00  3.08851E+00  3.08511E+00  4.81043E-02  4.49503E-08
-1.60206E+00  2.65862E+01  1.20679E+01  3.40918E+00  3.40421E+00  3.40904E+00  3.40408E+00  3.69766E-02  3.28233E-08
-1.60206E+00  2.65862E+01  1.52642E+01  3.68251E+00  3.68483E+00  3.68239E+00  3.68471E+00  2.81937E-02  2.39704E-08
-1.60206E+00  2.65862E+01  1.93070E+01  3.96374E+00  3.96530E+00  3.96363E+00  3.96520E+00  2.13554E-02  1.75066E-08
-1.60206E+00  2.65862E+01  2.44205E+01  4.18607E+00  4.19006E+00  4.18598E+00  4.18997E+00  1.60869E-02  1.27866E-08
-1.60206E+00  2.65862E+01  3.08884E+01  4.45849E+00  4.46056E+00  4.45842E+00  4.46049E+00  1.20618E-02  9.33964E-09
-1.60206E+00  2.65862E+01  3.90694E+01  4.70662E+00  4.70377E+00  4.70656E+00  4.70371E+00  9.00746E-03  6.82216E-09
-1.60206E+00  2.65862E+01  4.94171E+01  4.94157E+00  4.94967E+00  4.94152E+00  4.94962E+00  6.70297E-03  4.98342E-09
-1.60206E+00  2.65862E+01  6.25055E+01  5.18857E+00  5.18039E+00  5.18853E+00  5.18035E+00  4.97260E-03  3.64035E-09
-1.60206E+00  2.65862E+01  7.90604E+01  5.47105E+00  5.46785E+00  5.47102E+00  5.46781E+00  3.67872E-03  2.65930E-09
-1.60206E+00  2.65862E+01  1.00000E+02  5.70281E+00  5.69737E+00  5.70279E+00  5.69734E+00  2.71475E-03  1.94266E-09
# T =  0  2.50000E-02
# D = 23  8.53168E+26
-1.60206E+00  2.69310E+01  1.00000E-03  2.92985E-06  3.02971E-06  2.93252E-06  3.03235E-06  0.00000E+00  3.39916E-09
-1.60206E+00  2.69310E+01  1.26486E-03  4.24067E-06  4.38454E-06  4.24438E-06  4.38822E-06  0.00000E+00  4.75459E-09
-1.60206E+00  2.69310E+01  1.59986E-03  6.11735E-06  6.32408E-06  6.12251E-06  6.32919E-06  0.00000E+00  6.64784E-09
-1.60206E+00  2.69310E+01  2.02359E-03  8.80145E-06  9.09789E-06  8.80863E-06  9.10499E-06  0.00000E+00  9.30265E-09
-1.60206E+00  2.69310E+01  2.55955E-03  1.26375E-05  1.30619E-05  1.26476E-05  1.30718E-05  0.00000E+00  1.30473E-08
-1.60206E+00  2.69310E+01  3.23746E-03  1.81172E-05  1.87240E-05  1.81312E-05  1.87379E-05  0.00000E+00  1.83853E-08
-1.60206E+00  2.69310E+01  4.09492E-03  2.59418E-05  2.68086E-05  2.59617E-05  2.68283E-05  0.00000E+00  2.61118E-08
-1.60206E+00  2.69310E+01  5.17947E-03  3.70941E-05  3.83311E-05  3.71228E-05  3.83595E-05  0.00000E+00  3.74980E-08
-1.60206E+00  2.69310E+01  6.55129E-03  5.29625E-05  5.47258E-05  5.30046E-05  5.47675E-05  0.00000E+00  5.46443E-08
-1.60206E+00  2.69310E+01  8.28643E-03  7.55555E-05  7.80676E-05  7.56186E-05  7.81301E-05  0.00000E+00  8.08612E-08
-1.60206E+00  2.69310E+01  1.04811E-02  1.07737E-04  1.11314E-04  1.07832E-04  1.11408E-04  0.00000E+00  1.20221E-07
-1.60206E+00  2.69310E+01  1.32571E-02  1.53544E-04  1.58636E-04  1.53685E-04  1.58776E-04  3.85238E-18  1.77418E-07
-1.60206E+00  2.69310E+01  1.67683E-02  2.18786E-04  2.26033E-04  2.18992E-04  2.26237E-04  2.56695E-15  2.57655E-07
-1.60206E+00  2.69310E+01  2.12095E-02  3.11633E-04  3.21942E-04  3.11928E-04  3.22235E-04  1.38350E-12  3.67799E-07
-1.60206E+00  2.69310E+01  2.68270E-02  4.43684E-04  4.58341E-04  4.44097E-04  4.58750E-04  2.04769E-10  5.16004E-07
-1.60206E+00  2.69310E+01  3.39322E-02  6.31576E-04  6.52408E-04  6.32143E-04  6.52970E-04  1.09078E-08  7.13040E-07
-1.60206E+00  2.69310E+01  4.29193E-02  8.99014E-04  9.28615E-04  8.99790E-04  9.29384E-04  2.59009E-07  9.84345E-07
-1.60206E+00  2.69310E+01  5.42868E-02  1.27931E-03  1.32134E-03  1.28039E-03  1.32241E-03  3.24680E-06  1.37592E-06
-1.60206E+00  2.69310E+01  6.86649E-02  1.82032E-03  1.87997E-03  1.82185E-03  1.88150E-03  2.45669E-05  1.95419E-06
-1.60206E+00  2.69310E+01  8.68511E-02  2.58981E-03  2.67443E-03  2.59190E-03  2.67650E-03  1.24841E-04  2.67992E-06
-1.60206E+00  2.69310E+01  1.09854E-01  3.68420E-03  3.80411E-03  3.68680E-03  3.80668E-03  4.64269E-04  3.43044E-06
-1.60206E+00  2.69310E+01  1.38950E-01  5.24035E-03  5.41012E-03  5.24323E-03  5.41297E-03  1.35453E-03  4.06259E-06
-1.60206E+00  2.69310E+01  1.75751E-01  7.45311E-03  7.69320E-03  7.45563E-03  7.69567E-03  3.27857E-03  4.17502E-06
-1.60206E+00  2.69310E+01  2.22300E-01  1.05988E-02  1.09378E-02  1.06000E-02  1.09390E-02  6.87842E-03  3.53476E-06
-1.60206E+00  2.69310E+01  2.81177E-01  1.50697E-02  1.55475E-02  1.50692E-02  1.55469E-02  1.29295E-02  2.76058E-06
-1.60206E+00  2.69310E+01  3.55648E-01  2.14227E-02  2.20946E-02  2.14204E-02  2.20921E-02  2.22984E-02  2.16190E-06
-1.60206E+00  2.69310E+01  4.49843E-01  3.04471E-02  3.13891E-02  3.04425E-02  3.13844E-02  3.58391E-02  1.69710E-06
-1.60206E+00  2.69310E+01  5.68987E-01  4.32603E-02  4.45762E-02  4.32530E-02  4.45687E-02  5.41408E-02  1.33471E-06
-1.60206E+00  2.69310E+01  7.19686E-01  6.14439E-02  6.32737E-02  6.14332E-02  6.32627E-02  7.70469E-02  1.05122E-06
-1.60206E+00  2.69310E+01  9.10298E-01  8.72297E-02  8.97589E-02  8.72147E-02  8.97435E-02  1.02999E-01  8.28887E-07
-1.60206E+00  2.69310E+01  1.15140E+00  1.23762E-01  1.27231E-01  1.23741E-01  1.27210E-01  1.28607E-01  6.54156E-07
-1.60206E+00  2.69310E+01  1.45635E+00  1.75453E-01  1.80164E-01  1.75425E-01  1.80136E-01  1.49157E-01  5.16619E-07
-1.60206E+00  2.69310E+01  1.84207E+00  2.48465E-01  2.54780E-01  2.48430E-01  2.54744E-01  1.60367E-01  4.08222E-07
-1.60206E+00  2.69310E+01  2.32995E+00  3.51352E-01  3.59662E-01  3.51307E-01  3.59616E-01  1.60396E-01  3.22709E-07
-1.60206E+00  2.69310E+01  2.94705E+00  4.95853E-01  5.06517E-01  4.95798E-01  5.06460E-01  1.50498E-01  2.55195E-07
-1.60206E+00  2.69310E+01  3.72759E+00  6.97812E-01  7.11005E-01  6.97745E-01  7.10937E-01  1.33943E-01  2.01861E-07
-1.60206E+00  2.69310E+01  4.71487E+00  9.77917E-01  9.93341E-01  9.77839E-01  9.93262E-01  1.14343E-01  1.59706E-07
-1.60206E+00  2.69310E+01  5.96362E+00  1.36276E+00  1.37915E+00  1.36267E+00  1.37906E+00  9.45426E-02  1.26376E-07
-1.60206E+00  2.69310E+01  7.54312E+00  1.93485E+00  1.91503E+00  1.93474E+00  1.91494E+00  7.63003E-02  1.00015E-07
-1.60206E+00  2.69310E+01  9.54095E+00  2.45295E+00  2.44493E+00  2.45285E+00  2.44483E+00  6.04551E-02  7.91608E-08
-1.60206E+00  2.69310E+01  1.20679E+01  2.81428E+00  2.81531E+00  2.81418E+00  2.81522E+00  4.72276E-02  6.26601E-08
-1.60206E+00  2.69310E+01  1.52642E+01  3.16596E+00  3.16826E+00  3.16587E+00  3.16817E+00  3.64881E-02  4.96022E-08
-1.60206E+00  2.69310E+01  1.93070E+01  3.45557E+00  3.45613E+00  3.45549E+00  3.45605E+00  2.79428E-02  3.92674E-08
-1.60206E+00  2.69310E+01  2.44205E+01  3.73192E+00  3.73816E+00  3.73185E+00  3.73809E+00  2.12452E-02  3.10872E-08
-1.60206E+00  2.69310E+01  3.08884E+01  4.01566E+00  4.01053E+00  4.01560E+00  4.01047E+00  1.60565E-02  2.46119E-08
-1.60206E+00  2.69310E+01  3.90694E+01  4.28021E+00  4.28741E+00  4.28015E+00  4.28736E+00  1.20737E-02  1.94858E-08
-1.60206E+00  2.69310E+01  4.94171E+01  4.51297E+00  4.51612E+00  4.51293E+00  4.51608E+00  9.03945E-03  1.54277E-08
-1.60206E+00  2.69310E+01  6.25055E+01  4.75854E+00  4.75882E+00  4.75850E+00  4.75878E+00  6.74209E-03  1.22150E-08
-1.60206E+00  2.69310E+01  7.90604E+01  5.05067E+00  5.04665E+00  5.05064E+00  5.04662E+00  5.01183E-03  9.67136E-09
-1.60206E+00  2.69310E+01  1.00000E+02  5.28106E+00  5.27837E+00  5.28103E+00  5.27834E+00  3.71456E-03  7.65750E-09
# T =  0  2.50000E-02
# D = 24  1.88739E+27
-1.60206E+00  2.72759E+01  1.00000E-03  1.47542E-06  1.51415E-06  1.47601E-06  1.51474E-06  0.00000E+00  8.03387E-10
-1.60206E+00  2.72759E+01  1.26486E-03  2.12602E-06  2.18163E-06  2.12691E-06  2.18251E-06  0.00000E+00  1.18658E-09
-1.60206E+00  2.72759E+01  1.59986E-03  3.05681E-06  3.13649E-06  3.05813E-06  3.13780E-06  0.00000E+00  1.75179E-09
-1.60206E+00  2.72759E+01  2.02359E-03  4.38695E-06  4.50097E-06  4.38892E-06  4.50293E-06  0.00000E+00  2.57598E-09
-1.60206E+00  2.72759E+01  2.55955E-03  6.28170E-06  6.44460E-06  6.28460E-06  6.44748E-06  0.00000E+00  3.76279E-09
-1.60206E+00  2.72759E+01  3.23746E-03  8.97865E-06  9.21111E-06  8.98288E-06  9.21531E-06  0.00000E+00  5.45511E-09
-1.60206E+00  2.72759E+01  4.09492E-03  1.28182E-05  1.31497E-05  1.28244E-05  1.31557E-05  0.00000E+00  7.85243E-09
-1.60206E+00  2.72759E+01  5.17947E-03  1.82858E-05  1.87581E-05  1.82945E-05  1.87668E-05  0.00000E+00  1.12238E-08
-1.60206E+00  2.72759E+01  6.55129E-03  2.60734E-05  2.67462E-05  2.60858E-05  2.67585E-05  0.00000E+00  1.59358E-08
-1.60206E+00  2.72759E+01  8.28643E-03  3.71669E-05  3.81250E-05  3.71843E-05  3.81424E-05  0.00000E+00  2.24665E-08
-1.60206E+00  2.72759E+01  1.04811E-02  5.29540E-05  5.43180E-05  5.29784E-05  5.43422E-05  0.00000E+00  3.15298E-08
-1.60206E+00  2.72759E+01  1.32571E-02  7.54266E-05  7.73680E-05  7.54607E-05  7.74019E-05  0.00000E+00  4.42557E-08
-1.60206E+00  2.72759E+01  1.67683E-02  1.07435E-04  1.10198E-04  1.07483E-04  1.10245E-04  0.00000E+00  6.19334E-08
-1.60206E+00  2.72759E+01  2.12095E-02  1.52983E-04  1.56915E-04  1.53050E-04  1.56981E-04  1.49400E-17  8.70520E-08
-1.60206E+00  2.72759E+01  2.68270E-02  2.17733E-04  2.23323E-04  2.17826E-04  2.23416E-04  2.26048E-14  1.22470E-07
-1.60206E+00  2.72759E+01  3.39322E-02  3.09865E-04  3.17814E-04  3.09997E-04  3.17945E-04  7.89317E-12  1.73658E-07
-1.60206E+00  2.72759E+01  4.29193E-02  4.40937E-04  4.52237E-04  4.41130E-04  4.52428E-04  8.28841E-10  2.51831E-07
-1.60206E+00  2.72759E+01  5.42868E-02  6.27501E-04  6.43560E-04  6.27793E-04  6.43851E-04  3.36569E-08  3.75922E-07
-1.60206E+00  2.72759E+01  6.86649E-02  8.92741E-04  9.15555E-04  8.93202E-04  9.16013E-04  6.44804E-07  5.79442E-07
-1.60206E+00  2.72759E+01  8.68511E-02  1.27004E-03  1.30243E-03  1.27077E-03  1.30316E-03  6.82083E-06  8.95028E-07
-1.60206E+00  2.72759E+01  1.09854E-01  1.80683E-03  1.85281E-03  1.80793E-03  1.85390E-03  4.51299E-05  1.33409E-06
-1.60206E+00  2.72759E+01  1.38950E-01  2.57006E-03  2.63529E-03  2.57159E-03  2.63681E-03  2.06331E-04  1.86579E-06
-1.60206E+00  2.72759E+01  1.75751E-01  3.65571E-03  3.74817E-03  3.65763E-03  3.75009E-03  7.06344E-04  2.40120E-06
-1.60206E+00  2.72759E+01  2.22300E-01  5.19920E-03  5.33016E-03  5.20138E-03  5.33232E-03  1.93205E-03  2.84400E-06
-1.60206E+00  2.72759E+01  2.81177E-01  7.39408E-03  7.57934E-03  7.39641E-03  7.58165E-03  4.44679E-03  3.27450E-06
-1.60206E+00  2.72759E+01  3.55648E-01  1.05144E-02  1.07761E-02  1.05169E-02  1.07786E-02  8.96323E-03  3.76744E-06
-1.60206E+00  2.72759E+01  4.49843E-01  1.49496E-02  1.53187E-02  1.49521E-02  1.53211E-02  1.62963E-02  4.33246E-06
-1.60206E+00  2.72759E+01  5.68987E-01  2.12521E-02  2.17716E-02  2.12545E-02  2.17740E-02  2.72745E-02  4.98028E-06
-1.60206E+00  2.72759E+01  7.19686E-01  3.02057E-02  3.09348E-02  3.02078E-02  3.09368E-02  4.25423E-02  5.72323E-06
-1.60206E+00  2.72759E+01  9.10298E-01  4.29201E-02  4.39399E-02  4.29218E-02  4.39415E-02  6.21750E-02  6.57543E-06
-1.60206E+00  2.72759E+01  1.15140E+00  6.09661E-02  6.23863E-02  6.09669E-02  6.23870E-02  8.51113E-02  7.55311E-06
-1.60206E+00  2.72759E+01  1.45635E+00  8.65628E-02  8.85298E-02  8.65625E-02  8.85293E-02  1.08684E-01  8.67486E-06
-1.60206E+00  2.72759E+01  1.84207E+00  1.22837E-01  1.25542E-01  1.22835E-01  1.25539E-01  1.28847E-01  9.96204E-06
-1.60206E+00  2.72759E+01  2.32995E+00  1.74182E-01  1.77866E-01  1.74178E-01  1.77861E-01  1.41517E-01  1.14391E-05
-1.60206E+00  2.72759E+01  2.94705E+00  2.46744E-01  2.51699E-01  2.46737E-01  2.51691E-01  1.44414E-01  1.31343E-05
-1.60206E+00  2.72759E+01  3.72759E+00  3.49063E-01  3.55615E-01  3.49052E-01  3.55604E-01  1.37987E-01  1.50798E-05
-1.60206E+00  2.72759E+01  4.71487E+00  4.92894E-01  5.01352E-01  4.92879E-01  5.01336E-01  1.24770E-01  1.73127E-05
-1.60206E+00  2.72759E+01  5.96362E+00  6.94151E-01  7.04695E-01  6.94132E-01  7.04675E-01  1.07960E-01  1.98755E-05
-1.60206E+00  2.72759E+01  7.54312E+00  9.73718E-01  9.86169E-01  9.73695E-01  9.86146E-01  9.02804E-02  2.28171E-05
-1.60206E+00  2.72759E+01  9.54095E+00  1.35781E+00  1.37123E+00  1.35778E+00  1.37120E+00  7.35519E-02  2.61934E-05
-1.60206E+00  2.72759E+01  1.20679E+01  1.88222E+00  1.89426E+00  1.88219E+00  1.89423E+00  5.87392E-02  3.00687E-05
-1.60206E+00  2.72759E+01  1.52642E+01  2.47642E+00  2.48408E+00  2.47640E+00  2.48406E+00  4.61923E-02  3.45169E-05
-1.60206E+00  2.72759E+01  1.93070E+01  2.84881E+00  2.87301E+00  2.84879E+00  2.87299E+00  3.58890E-02  3.96228E-05
-1.60206E+00  2.72759E+01  2.44205E+01  3.20715E+00  3.21425E+00  3.20714E+00  3.21424E+00  2.76159E-02  4.54835E-05
-1.60206E+00  2.72759E+01  3.08884E+01  3.49492E+00  3.49561E+00  3.49492E+00  3.49561E+00  2.10834E-02  5.22107E-05
-1.60206E+00  2.72759E+01  3.90694E+01  3.79734E+00  3.80070E+00  3.79735E+00  3.80071E+00  1.59914E-02  5.99325E-05
-1.60206E+00  2.72759E+01  4.94171E+01  4.06011E+00  4.05261E+00  4.06014E+00  4.05264E+00  1.20625E-02  6.87962E-05
-1.60206E+00  2.72759E+01  6.25055E+01  4.32964E+00  4.32787E+00  4.32969E+00  4.32792E+00  9.05604E-03  7.89704E-05
-1.60206E+00  2.72759E+01  7.90604E+01  4.61777E+00  4.62498E+00  4.61783E+00  4.62504E+00  6.77106E-03  9.06490E-05
-1.60206E+00  2.72759E+01  1.00000E+02  4.84963E+00  4.84907E+00  4.84971E+00  4.84915E+00  5.04442E-03  1.04055E-04
# T =  0  2.50000E-02
# D = 25  4.17532E+27
-1.60206E+00  2.76207E+01  1.00000E-03  7.27398E-07  7.42183E-07  7.27555E-07  7.42339E-07  0.00000E+00  2.14124E-10
-1.60206E+00  2.76207E+01  1.26486E-03  1.04466E-06  1.06583E-06  1.04490E-06  1.06606E-06  0.00000E+00  3.14788E-10
-1.60206E+00  2.76207E+01  1.59986E-03  1.49783E-06  1.52810E-06  1.49818E-06  1.52845E-06  0.00000E+00  4.63037E-10
-1.60206E+00  2.76207E+01  2.02359E-03  2.14468E-06  2.18792E-06  2.14519E-06  2.18843E-06  0.00000E+00  6.80028E-10
-1.60206E+00  2.76207E+01  2.55955E-03  3.06752E-06  3.12926E-06  3.06828E-06  3.13001E-06  0.00000E+00  9.95461E-10
-1.60206E+00  2.76207E+01  3.23746E-03  4.38365E-06  4.47172E-06  4.38477E-06  4.47283E-06  0.00000E+00  1.45085E-09
-1.60206E+00  2.76207E+01  4.09492E-03  6.25817E-06  6.38372E-06  6.25979E-06  6.38533E-06  0.00000E+00  2.10269E-09
-1.60206E+00  2.76207E+01  5.17947E-03  8.92654E-06  9.10544E-06  8.92888E-06  9.10776E-06  0.00000E+00  3.02686E-09
-1.60206E+00  2.76207E+01  6.55129E-03  1.27257E-05  1.29805E-05  1.27291E-05  1.29838E-05  0.00000E+00  4.32427E-09
-1.60206E+00  2.76207E+01  8.28643E-03  1.81359E-05  1.84988E-05  1.81407E-05  1.85035E-05  0.00000E+00  6.13974E-09
-1.60206E+00  2.76207E+01  1.04811E-02  2.58421E-05  2.63587E-05  2.58488E-05  2.63654E-05  0.00000E+00  8.72232E-09
-1.60206E+00  2.76207E+01  1.32571E-02  3.68209E-05  3.75563E-05  3.68306E-05  3.75659E-05  0.00000E+00  1.25218E-08
-1.60206E+00  2.76207E+01  1.67683E-02  5.24356E-05  5.34822E-05  5.24500E-05  5.34964E-05  0.00000E+00  1.83485E-08
-1.60206E+00  2.76207E+01  2.12095E-02  7.46281E-05  7.61169E-05  7.46500E-05  7.61386E-05  0.00000E+00  2.75851E-08
-1.60206E+00  2.76207E+01  2.68270E-02  1.06196E-04  1.08313E-04  1.06230E-04  1.08347E-04  0.00000E+00  4.25017E-08
-1.60206E+00  2.76207E+01  3.39322E-02  1.51121E-04  1.54132E-04  1.51175E-04  1.54186E-04  1.82091E-16  6.55909E-08
-1.60206E+00  2.76207E+01  4.29193E-02  2.15026E-04  2.19309E-04  2.15109E-04  2.19391E-04  1.72045E-13  9.86854E-08
-1.60206E+00  2.76207E+01  5.42868E-02  3.06004E-04  3.12093E-04  3.06123E-04  3.12211E-04  4.01279E-11  1.42466E-07
-1.60206E+00  2.76207E+01  6.86649E-02  4.35393E-04  4.44048E-04  4.35557E-04  4.44211E-04  3.06246E-09  1.96611E-07
-1.60206E+00  2.76207E+01  8.68511E-02  6.19387E-04  6.31685E-04  6.19606E-04  6.31903E-04  9.66195E-08  2.65331E-07
-1.60206E+00  2.76207E+01  1.09854E-01  8.81118E-04  8.98589E-04  8.81409E-04  8.98879E-04  1.51606E-06  3.57876E-07
-1.60206E+00  2.76207E+01  1.38950E-01  1.25355E-03  1.27837E-03  1.25395E-03  1.27876E-03  1.36942E-05  4.91590E-07
-1.60206E+00  2.76207E+01  1.75751E-01  1.78308E-03  1.81830E-03  1.78368E-03  1.81890E-03  7.99769E-05  7.32476E-07
-1.60206E+00  2.76207E+01  2.22300E-01  2.53632E-03  2.58630E-03  2.53731E-03  2.58729E-03  3.31420E-04  1.18143E-06
-1.60206E+00  2.76207E+01  2.81177E-01  3.60745E-03  3.67832E-03  3.60912E-03  3.67998E-03  1.05046E-03  1.94076E-06
-1.60206E+00  2.76207E+01  3.55648E-01  5.13074E-03  5.23113E-03  5.13356E-03  5.23394E-03  2.70529E-03  3.19288E-06
-1.60206E+00  2.76207E+01  4.49843E-01  7.29642E-03  7.43850E-03  7.30115E-03  7.44322E-03  5.93683E-03  5.25893E-06
-1.60206E+00  2.76207E+01  5.68987E-01  1.03756E-02  1.05765E-02  1.03835E-02  1.05844E-02  1.15098E-02  8.66990E-06
-1.60206E+00  2.76207E+01  7.19686E-01  1.47526E-02  1.50360E-02  1.47658E-02  1.50492E-02  2.02283E-02  1.43038E-05
-1.60206E+00  2.76207E+01  9.10298E-01  2.09727E-02  2.13719E-02  2.09949E-02  2.13940E-02  3.27727E-02  2.36127E-05
-1.60206E+00  2.76207E+01  1.15140E+00  2.98101E-02  3.03708E-02  2.98470E-02  3.04078E-02  4.93875E-02  3.89981E-05
-1.60206E+00  2.76207E+01  1.45635E+00  4.23611E-02  4.31464E-02  4.24227E-02  4.32080E-02  6.94004E-02  6.44321E-05
-1.60206E+00  2.76207E+01  1.84207E+00  6.01781E-02  6.12734E-02  6.02808E-02  6.13760E-02  9.07580E-02  1.06485E-04
-1.60206E+00  2.76207E+01  2.32995E+00  8.54558E-02  8.69756E-02  8.56267E-02  8.71464E-02  1.10061E-01  1.76026E-04
-1.60206E+00  2.76207E+01  2.94705E+00  1.21289E-01  1.23383E-01  1.21573E-01  1.23667E-01  1.23548E-01  2.91036E-04
-1.60206E+00  2.76207E+01  3.72759E+00  1.72031E-01  1.74892E-01  1.72503E-01  1.75364E-01  1.28705E-01  4.81259E-04
-1.60206E+00  2.76207E+01  4.71487E+00  2.43779E-01  2.47642E-01  2.44563E-01  2.48425E-01  1.25325E-01  7.95907E-04
-1.60206E+00  2.76207E+01  5.96362E+00  3.45025E-01  3.50156E-01  3.46327E-01  3.51457E-01  1.15238E-01  1.31639E-03
-1.60206E+00  2.76207E+01  7.54312E+00  4.87484E-01  4.94147E-01  4.89643E-01  4.96306E-01  1.01167E-01  2.17741E-03
-1.60206E+00  2.76207E+01  9.54095E+00  6.87080E-01  6.95452E-01  6.90659E-01  6.99031E-01  8.56473E-02  3.60180E-03
-1.60206E+00  2.76207E+01  1.20679E+01  9.64876E-01  9.74872E-01  9.70807E-01  9.80804E-01  7.05033E-02  5.95825E-03
-1.60206E+00  2.76207E+01  1.52642E+01  1.34708E+00  1.35803E+00  1.35691E+00  1.36785E+00  5.67959E-02  9.85676E-03
-1.60206E+00  2.76207E+01  1.93070E+01  1.86611E+00  1.87621E+00  1.88238E+00  1.89248E+00  4.49919E-02  1.63065E-02
-1.60206E+00  2.76207E+01  2.44205E+01  2.46653E+00  2.47414E+00  2.49347E+00  2.50109E+00  3.51732E-02  2.69773E-02
-1.60206E+00  2.76207E+01  3.08884E+01  2.90805E+00  2.91438E+00  2.95265E+00  2.95898E+00  2.72081E-02  4.46317E-02
-1.60206E+00  2.76207E+01  3.90694E+01  3.26567E+00  3.26126E+00  3.33947E+00  3.33507E+00  2.08663E-02  7.38405E-02
-1.60206E+00  2.76207E+01  4.94171E+01  3.56905E+00  3.57323E+00  3.69118E+00  3.69536E+00  1.58888E-02  1.22166E-01
-1.60206E+00  2.76207E+01  6.25055E+01  3.85287E+00  3.86237E+00  4.05497E+00  4.06446E+00  1.20261E-02  2.02121E-01
-1.60206E+00  2.76207E+01  7.90604E+01  4.13594E+00  4.13282E+00  4.47032E+00  4.46720E+00  9.05587E-03  3.34405E-01
-1.60206E+00  2.76207E+01  1.00000E+02  4.39959E+00  4.40294E+00  4.95284E+00  4.95619E+00  6.78894E-03  5.53272E-01
# T =  0  2.50000E-02
# D = 26  9.23671E+27
-1.60206E+00  2.79655E+01  1.00000E-03  3.59309E-07  3.64935E-07  3.59362E-07  3.64987E-07  0.00000E+00  6.86025E-11
-1.60206E+00  2.79655E+01  1.26486E-03  5.14698E-07  5.22738E-07  5.14770E-07  5.22810E-07  0.00000E+00  9.53274E-11
-1.60206E+00  2.79655E+01  1.59986E-03  7.36377E-07  7.47858E-07  7.36477E-07  7.47957E-07  0.00000E+00  1.32545E-10
-1.60206E+00  2.79655E+01  2.02359E-03  1.05248E-06  1.06886E-06  1.05262E-06  1.06900E-06  0.00000E+00  1.84925E-10
-1.60206E+00  2.79655E+01  2.55955E-03  1.50308E-06  1.52643E-06  1.50327E-06  1.52663E-06  0.00000E+00  2.59613E-10
-1.60206E+00  2.79655E+01  3.23746E-03  2.14522E-06  2.17851E-06  2.14549E-06  2.17878E-06  0.00000E+00  3.67787E-10
-1.60206E+00  2.79655E+01  4.09492E-03  3.06018E-06  3.10762E-06  3.06057E-06  3.10801E-06  0.00000E+00  5.27288E-10
-1.60206E+00  2.79655E+01  5.17947E-03  4.36328E-06  4.43085E-06  4.36386E-06  4.43142E-06  0.00000E+00  7.67254E-10
-1.60206E+00  2.79655E+01  6.55129E-03  6.21470E-06  6.31089E-06  6.21557E-06  6.31175E-06  0.00000E+00  1.13664E-09
-1.60206E+00  2.79655E+01  8.28643E-03  8.84528E-06  8.98215E-06  8.84661E-06  8.98347E-06  0.00000E+00  1.71718E-09
-1.60206E+00  2.79655E+01  1.04811E-02  1.25849E-05  1.27796E-05  1.25870E-05  1.27817E-05  0.00000E+00  2.63169E-09
-1.60206E+00  2.79655E+01  1.32571E-02  1.79036E-05  1.81806E-05  1.79069E-05  1.81838E-05  0.00000E+00  4.05879E-09
-1.60206E+00  2.79655E+01  1.67683E-02  2.54714E-05  2.58654E-05  2.54766E-05  2.58705E-05  0.00000E+00  6.27968E-09
-1.60206E+00  2.79655E+01  2.12095E-02  3.62436E-05  3.68041E-05  3.62517E-05  3.68122E-05  0.00000E+00  9.71508E-09
-1.60206E+00  2.79655E+01  2.68270E-02  5.15703E-05  5.23676E-05  5.15831E-05  5.23803E-05  0.00000E+00  1.50207E-08
-1.60206E+00  2.79655E+01  3.39322E-02  7.33713E-05  7.45052E-05  7.33909E-05  7.45248E-05  0.00000E+00  2.27929E-08
-1.60206E+00  2.79655E+01  4.29193E-02  1.04401E-04  1.06014E-04  1.04430E-04  1.06043E-04  0.00000E+00  3.35599E-08
-1.60206E+00  2.79655E+01  5.42868E-02  1.48582E-04  1.50876E-04  1.48623E-04  1.50917E-04  1.91796E-15  4.75659E-08
-1.60206E+00  2.79655E+01  6.86649E-02  2.11382E-04  2.14644E-04  2.11438E-04  2.14699E-04  1.14349E-12  6.47360E-08
-1.60206E+00  2.79655E+01  8.68511E-02  3.00680E-04  3.05317E-04  3.00753E-04  3.05390E-04  1.83263E-10  8.57551E-08
-1.60206E+00  2.79655E+01  1.09854E-01  4.27720E-04  4.34312E-04  4.27816E-04  4.34408E-04  1.03950E-08  1.14553E-07
-1.60206E+00  2.79655E+01  1.38950E-01  6.08466E-04  6.17834E-04  6.08603E-04  6.17971E-04  2.59347E-07  1.63245E-07
-1.60206E+00  2.79655E+01  1.75751E-01  8.65618E-04  8.78928E-04  8.65839E-04  8.79149E-04  3.37966E-06  2.58982E-07
-1.60206E+00  2.79655E+01  2.22300E-01  1.23124E-03  1.25014E-03  1.23163E-03  1.25053E-03  2.63553E-05  4.44643E-07
-1.60206E+00  2.79655E+01  2.81177E-01  1.75132E-03  1.77816E-03  1.75202E-03  1.77886E-03  1.37040E-04  7.77445E-07
-1.60206E+00  2.79655E+01  3.55648E-01  2.49108E-03  2.52916E-03  2.49233E-03  2.53042E-03  5.18226E-04  1.36252E-06
-1.60206E+00  2.79655E+01  4.49843E-01  3.54296E-03  3.59697E-03  3.54520E-03  3.59921E-03  1.52861E-03  2.39232E-06
-1.60206E+00  2.79655E+01  5.68987E-01  5.03901E-03  5.11555E-03  5.04300E-03  5.11954E-03  3.71952E-03  4.20673E-06
-1.60206E+00  2.79655E+01  7.19686E-01  7.16606E-03  7.27443E-03  7.17317E-03  7.28154E-03  7.79719E-03  7.40606E-06
-1.60206E+00  2.79655E+01  9.10298E-01  1.01902E-02  1.03435E-02  1.02029E-02  1.03561E-02  1.45400E-02  1.30510E-05
-1.60206E+00  2.79655E+01  1.15140E+00  1.44892E-02  1.47056E-02  1.45117E-02  1.47280E-02  2.46538E-02  2.30160E-05
-1.60206E+00  2.79655E+01  1.45635E+00  2.05993E-02  2.09043E-02  2.06391E-02  2.09441E-02  3.85123E-02  4.06141E-05
-1.60206E+00  2.79655E+01  1.84207E+00  2.92810E-02  2.97099E-02  2.93516E-02  2.97804E-02  5.57492E-02  7.17021E-05
-1.60206E+00  2.79655E+01  2.32995E+00  4.16129E-02  4.22141E-02  4.17380E-02  4.23392E-02  7.48209E-02  1.26635E-04
-1.60206E+00  2.79655E+01  2.94705E+00  5.91222E-02  5.99620E-02  5.93438E-02  6.01835E-02  9.29205E-02  2.23720E-04
-1.60206E+00  2.79655E+01  3.72759E+00  8.39692E-02  8.51363E-02  8.43617E-02  8.55287E-02  1.06676E-01  3.95330E-04
-1.60206E+00  2.79655E+01  4.71487E+00  1.19202E-01  1.20814E-01  1.19897E-01  1.21509E-01  1.13504E-01  6.98710E-04
-1.60206E+00  2.79655E+01  5.96362E+00  1.69114E-01  1.71322E-01  1.70344E-01  1.72552E-01  1.12703E-01  1.23509E-03
-1.60206E+00  2.79655E+01  7.54312E+00  2.39728E-01  2.42719E-01  2.41904E-01  2.44895E-01  1.05470E-01  2.18350E-03
-1.60206E+00  2.79655E+01  9.54095E+00  3.39443E-01  3.43435E-01  3.43295E-01  3.47287E-01  9.40316E-02  3.86055E-03
-1.60206E+00  2.79655E+01  1.20679E+01  4.79887E-01  4.85102E-01  4.86703E-01  4.91918E-01  8.06712E-02  6.82615E-03
-1.60206E+00  2.79655E+01  1.52642E+01  6.76929E-01  6.83535E-01  6.88986E-01  6.95592E-01  6.71618E-02  1.20706E-02
-1.60206E+00  2.79655E+01  1.93070E+01  9.51714E-01  9.59691E-01  9.73044E-01  9.81021E-01  5.46233E-02  2.13453E-02
-1.60206E+00  2.79655E+01  2.44205E+01  1.33081E+00  1.33970E+00  1.36854E+00  1.37743E+00  4.36211E-02  3.77477E-02
-1.60206E+00  2.79655E+01  3.08884E+01  1.84537E+00  1.85382E+00  1.91210E+00  1.92056E+00  3.43352E-02  6.67563E-02
-1.60206E+00  2.79655E+01  3.90694E+01  2.49222E+00  2.49410E+00  2.61026E+00  2.61214E+00  2.67147E-02  1.18060E-01
-1.60206E+00  2.79655E+01  4.94171E+01  2.94250E+00  2.94703E+00  3.15128E+00  3.15581E+00  2.05901E-02  2.08796E-01
-1.60206E+00  2.79655E+01  6.25055E+01  3.30235E+00  3.30211E+00  3.67160E+00  3.67136E+00  1.57460E-02  3.69274E-01
-1.60206E+00  2.79655E+01  7.90604E+01  3.60931E+00  3.61054E+00  4.26239E+00  4.26362E+00  1.19626E-02  6.53099E-01
-1.60206E+00  2.79655E+01  1.00000E+02  3.90834E+00  3.91129E+00  5.06341E+00  5.06636E+00  9.03751E-03  1.15508E+00
# T =  0  2.50000E-02
# D = 27  2.04336E+28
-1.60206E+00  2.83103E+01  1.00000E-03  1.74599E-07  1.76714E-07  1.74608E-07  1.76723E-07  0.00000E+00  1.30157E-11
-1.60206E+00  2.83103E+01  1.26486E-03  2.49651E-07  2.52670E-07  2.49664E-07  2.52683E-07  0.00000E+00  1.87694E-11
-1.60206E+00  2.83103E+01  1.59986E-03  3.56634E-07  3.60940E-07  3.56652E-07  3.60959E-07  0.00000E+00  2.71413E-11
-1.60206E+00  2.83103E+01  2.02359E-03  5.09083E-07  5.15222E-07  5.09110E-07  5.15249E-07  0.00000E+00  3.93585E-11
-1.60206E+00  2.83103E+01  2.55955E-03  7.26267E-07  7.35015E-07  7.26306E-07  7.35054E-07  0.00000E+00  5.72751E-11
-1.60206E+00  2.83103E+01  3.23746E-03  1.03562E-06  1.04808E-06  1.03568E-06  1.04814E-06  0.00000E+00  8.38399E-11
-1.60206E+00  2.83103E+01  4.09492E-03  1.47620E-06  1.49395E-06  1.47629E-06  1.49403E-06  0.00000E+00  1.23888E-10
-1.60206E+00  2.83103E+01  5.17947E-03  2.10362E-06  2.12890E-06  2.10376E-06  2.12903E-06  0.00000E+00  1.85452E-10
-1.60206E+00  2.83103E+01  6.55129E-03  2.99702E-06  3.03300E-06  2.99723E-06  3.03321E-06  0.00000E+00  2.82240E-10
-1.60206E+00  2.83103E+01  8.28643E-03  4.26770E-06  4.31891E-06  4.26803E-06  4.31924E-06  0.00000E+00  4.36281E-10
-1.60206E+00  2.83103E+01  1.04811E-02  6.07485E-06  6.14773E-06  6.07537E-06  6.14825E-06  0.00000E+00  6.75719E-10
-1.60206E+00  2.83103E+01  1.32571E-02  8.64572E-06  8.74942E-06  8.64655E-06  8.75025E-06  0.00000E+00  1.03656E-09
-1.60206E+00  2.83103E+01  1.67683E-02  1.23041E-05  1.24516E-05  1.23053E-05  1.24529E-05  0.00000E+00  1.56067E-09
-1.60206E+00  2.83103E+01  2.12095E-02  1.75113E-05  1.77212E-05  1.75132E-05  1.77231E-05  0.00000E+00  2.31182E-09
-1.60206E+00  2.83103E+01  2.68270E-02  2.49249E-05  2.52236E-05  2.49276E-05  2.52263E-05  0.00000E+00  3.36530E-09
-1.60206E+00  2.83103E+01  3.39322E-02  3.54821E-05  3.59071E-05  3.54861E-05  3.59111E-05  0.00000E+00  4.86937E-09
-1.60206E+00  2.83103E+01  4.29193E-02  5.04902E-05  5.10948E-05  5.04962E-05  5.11007E-05  0.00000E+00  7.16829E-09
-1.60206E+00  2.83103E+01  5.42868E-02  7.18161E-05  7.26757E-05  7.18252E-05  7.26849E-05  0.00000E+00  1.09305E-08
-1.60206E+00  2.83103E+01  6.86649E-02  1.02142E-04  1.03365E-04  1.02157E-04  1.03380E-04  1.29079E-17  1.72803E-08
-1.60206E+00  2.83103E+01  8.68511E-02  1.45296E-04  1.47034E-04  1.45319E-04  1.47057E-04  1.74698E-14  2.68526E-08
-1.60206E+00  2.83103E+01  1.09854E-01  2.06675E-04  2.09146E-04  2.06709E-04  2.09181E-04  6.70002E-12  3.95565E-08
-1.60206E+00  2.83103E+01  1.38950E-01  2.94017E-04  2.97531E-04  2.94065E-04  2.97579E-04  7.57512E-10  5.45811E-08
-1.60206E+00  2.83103E+01  1.75751E-01  4.18326E-04  4.23322E-04  4.18384E-04  4.23379E-04  3.26055E-08  6.78581E-08
-1.60206E+00  2.83103E+01  2.22300E-01  5.95023E-04  6.02122E-04  5.95083E-04  6.02182E-04  6.53918E-07  7.48768E-08
-1.60206E+00  2.83103E+01  2.81177E-01  8.46373E-04  8.56460E-04  8.46431E-04  8.56518E-04  7.16886E-06  7.90707E-08
-1.60206E+00  2.83103E+01  3.55648E-01  1.20397E-03  1.21830E-03  1.20402E-03  1.21835E-03  4.87541E-05  8.34579E-08
-1.60206E+00  2.83103E+01  4.49843E-01  1.71259E-03  1.73293E-03  1.71263E-03  1.73298E-03  2.27502E-04  8.80650E-08
-1.60206E+00  2.83103E+01  5.68987E-01  2.43585E-03  2.46473E-03  2.43589E-03  2.46476E-03  7.89869E-04  9.29070E-08
-1.60206E+00  2.83103E+01  7.19686E-01  3.46474E-03  3.50571E-03  3.46475E-03  3.50572E-03  2.17776E-03  9.79991E-08
-1.60206E+00  2.83103E+01  9.10298E-01  4.92759E-03  4.98565E-03  4.92757E-03  4.98564E-03  5.01992E-03  1.03357E-07
-1.60206E+00  2.83103E+01  1.15140E+00  7.00805E-03  7.09029E-03  7.00799E-03  7.09023E-03  1.00596E-02  1.08997E-07
-1.60206E+00  2.83103E+01  1.45635E+00  9.96573E-03  1.00821E-02  9.96561E-03  1.00820E-02  1.80203E-02  1.14935E-07
-1.60206E+00  2.83103E+01  1.84207E+00  1.41707E-02  1.43351E-02  1.41705E-02  1.43349E-02  2.93789E-02  1.21189E-07
-1.60206E+00  2.83103E+01  2.32995E+00  2.01475E-02  2.03793E-02  2.01472E-02  2.03790E-02  4.40154E-02  1.27777E-07
-1.60206E+00  2.83103E+01  2.94705E+00  2.86407E-02  2.89670E-02  2.86402E-02  2.89665E-02  6.08094E-02  1.34719E-07
-1.60206E+00  2.83103E+01  3.72759E+00  4.07063E-02  4.11642E-02  4.07056E-02  4.11634E-02  7.74792E-02  1.42032E-07
-1.60206E+00  2.83103E+01  4.71487E+00  5.78404E-02  5.84807E-02  5.78394E-02  5.84796E-02  9.10599E-02  1.49739E-07
-1.60206E+00  2.83103E+01  5.96362E+00  8.21602E-02  8.30516E-02  8.21587E-02  8.30501E-02  9.90206E-02  1.57862E-07
-1.60206E+00  2.83103E+01  7.54312E+00  1.16656E-01  1.17889E-01  1.16654E-01  1.17887E-01  1.00318E-01  1.66422E-07
-1.60206E+00  2.83103E+01  9.54095E+00  1.65542E-01  1.67236E-01  1.65539E-01  1.67233E-01  9.56094E-02  1.75445E-07
-1.60206E+00  2.83103E+01  1.20679E+01  2.34739E-01  2.37041E-01  2.34735E-01  2.37038E-01  8.66387E-02  1.84955E-07
-1.60206E+00  2.83103E+01  1.52642E+01  3.32524E-01  3.35611E-01  3.32520E-01  3.35606E-01  7.53942E-02  1.94978E-07
-1.60206E+00  2.83103E+01  1.93070E+01  4.70384E-01  4.74439E-01  4.70378E-01  4.74433E-01  6.35430E-02  2.05544E-07
-1.60206E+00  2.83103E+01  2.44205E+01  6.64063E-01  6.69242E-01  6.64055E-01  6.69235E-01  5.22237E-02  2.16682E-07
-1.60206E+00  2.83103E+01  3.08884E+01  9.34687E-01  9.41014E-01  9.34679E-01  9.41005E-01  4.20770E-02  2.28422E-07
-1.60206E+00  2.83103E+01  3.90694E+01  1.30931E+00  1.31648E+00  1.30930E+00  1.31647E+00  3.33705E-02  2.40798E-07
-1.60206E+00  2.83103E+01  4.94171E+01  1.81881E+00  1.82585E+00  1.81880E+00  1.82584E+00  2.61312E-02  2.53843E-07
-1.60206E+00  2.83103E+01  6.25055E+01  2.49512E+00  2.49864E+00  2.49511E+00  2.49863E+00  2.02512E-02  2.67595E-07
-1.60206E+00  2.83103E+01  7.90604E+01  2.98032E+00  2.97842E+00  2.98031E+00  2.97841E+00  1.55601E-02  2.82091E-07
-1.60206E+00  2.83103E+01  1.00000E+02  3.36726E+00  3.35782E+00  3.36725E+00  3.35781E+00  1.18698E-02  2.97372E-07
# T =  0  2.50000E-02
# D = 28  4.52035E+28
-1.60206E+00  2.86552E+01  1.00000E-03  8.51383E-08  8.59326E-08  8.51417E-08  8.59360E-08  0.00000E+00  4.59248E-12
-1.60206E+00  2.86552E+01  1.26486E-03  1.21567E-07  1.22700E-07  1.21572E-07  1.22705E-07  0.00000E+00  6.79687E-12
-1.60206E+00  2.86552E+01  1.59986E-03  1.73465E-07  1.75079E-07  1.73472E-07  1.75086E-07  0.00000E+00  1.00619E-11
-1.60206E+00  2.86552E+01  2.02359E-03  2.47381E-07  2.49681E-07  2.47392E-07  2.49692E-07  0.00000E+00  1.48531E-11
-1.60206E+00  2.86552E+01  2.55955E-03  3.52640E-07  3.55916E-07  3.52657E-07  3.55932E-07  0.00000E+00  2.18111E-11
-1.60206E+00  2.86552E+01  3.23746E-03  5.02514E-07  5.07178E-07  5.02538E-07  5.07202E-07  0.00000E+00  3.18260E-11
-1.60206E+00  2.86552E+01  4.09492E-03  7.15892E-07  7.22532E-07  7.15928E-07  7.22568E-07  0.00000E+00  4.61209E-11
-1.60206E+00  2.86552E+01  5.17947E-03  1.01967E-06  1.02912E-06  1.01972E-06  1.02917E-06  0.00000E+00  6.63540E-11
-1.60206E+00  2.86552E+01  6.55129E-03  1.45212E-06  1.46558E-06  1.45220E-06  1.46565E-06  0.00000E+00  9.47682E-11
-1.60206E+00  2.86552E+01  8.28643E-03  2.06673E-06  2.08588E-06  2.06684E-06  2.08598E-06  0.00000E+00  1.34447E-10
-1.60206E+00  2.86552E+01  1.04811E-02  2.93936E-06  2.96659E-06  2.93951E-06  2.96674E-06  0.00000E+00  1.89980E-10
-1.60206E+00  2.86552E+01  1.32571E-02  4.17901E-06  4.21773E-06  4.17922E-06  4.21794E-06  0.00000E+00  2.68842E-10
-1.60206E+00  2.86552E+01  1.67683E-02  5.94085E-06  5.99591E-06  5.94115E-06  5.99621E-06  0.00000E+00  3.81380E-10
-1.60206E+00  2.86552E+01  2.12095E-02  8.44585E-06  8.52416E-06  8.44628E-06  8.52458E-06  0.00000E+00  5.44583E-10
-1.60206E+00  2.86552E+01  2.68270E-02  1.20088E-05  1.21201E-05  1.20094E-05  1.21207E-05  0.00000E+00  7.80672E-10
-1.60206E+00  2.86552E+01  3.39322E-02  1.70779E-05  1.72363E-05  1.70788E-05  1.72372E-05  0.00000E+00  1.14133E-09
-1.60206E+00  2.86552E+01  4.29193E-02  2.42923E-05  2.45176E-05  2.42937E-05  2.45190E-05  0.00000E+00  1.73162E-09
-1.60206E+00  2.86552E+01  5.42868E-02  3.45600E-05  3.48804E-05  3.45623E-05  3.48827E-05  0.00000E+00  2.75308E-09
-1.60206E+00  2.86552E+01  6.86649E-02  4.91617E-05  4.96174E-05  4.91656E-05  4.96213E-05  0.00000E+00  4.57580E-09
-1.60206E+00  2.86552E+01  8.68511E-02  6.99348E-05  7.05830E-05  6.99413E-05  7.05895E-05  0.00000E+00  7.50353E-09
-1.60206E+00  2.86552E+01  1.09854E-01  9.95025E-05  1.00425E-04  9.95127E-05  1.00435E-04  1.28709E-16  1.15751E-08
-1.60206E+00  2.86552E+01  1.38950E-01  1.41598E-04  1.42910E-04  1.41613E-04  1.42924E-04  1.37226E-13  1.63789E-08
-1.60206E+00  2.86552E+01  1.75751E-01  2.01428E-04  2.03292E-04  2.01446E-04  2.03310E-04  3.49141E-11  2.08129E-08
-1.60206E+00  2.86552E+01  2.22300E-01  2.86494E-04  2.89145E-04  2.86514E-04  2.89165E-04  2.85369E-09  2.36511E-08
-1.60206E+00  2.86552E+01  2.81177E-01  4.07519E-04  4.11287E-04  4.07539E-04  4.11307E-04  9.50243E-08  2.58109E-08
-1.60206E+00  2.86552E+01  3.55648E-01  5.79669E-04  5.85025E-04  5.79689E-04  5.85045E-04  1.55535E-06  2.81502E-08
-1.60206E+00  2.86552E+01  4.49843E-01  8.24672E-04  8.32284E-04  8.24692E-04  8.32303E-04  1.45162E-05  3.06898E-08
-1.60206E+00  2.86552E+01  5.68987E-01  1.17297E-03  1.18378E-03  1.17299E-03  1.18380E-03  8.68980E-05  3.34484E-08
-1.60206E+00  2.86552E+01  7.19686E-01  1.66838E-03  1.68374E-03  1.66839E-03  1.68375E-03  3.66514E-04  3.64465E-08
-1.60206E+00  2.86552E+01  9.10298E-01  2.37322E-03  2.39502E-03  2.37323E-03  2.39503E-03  1.17453E-03  3.97059E-08
-1.60206E+00  2.86552E+01  1.15140E+00  3.37538E-03  3.40630E-03  3.37537E-03  3.40630E-03  3.03743E-03  4.32506E-08
-1.60206E+00  2.86552E+01  1.45635E+00  4.80077E-03  4.84462E-03  4.80075E-03  4.84460E-03  6.64293E-03  4.71063E-08
-1.60206E+00  2.86552E+01  1.84207E+00  6.82752E-03  6.88965E-03  6.82748E-03  6.88961E-03  1.27185E-02  5.13010E-08
-1.60206E+00  2.86552E+01  2.32995E+00  9.70956E-03  9.79749E-03  9.70949E-03  9.79742E-03  2.18257E-02  5.58654E-08
-1.60206E+00  2.86552E+01  2.94705E+00  1.38065E-02  1.39308E-02  1.38064E-02  1.39307E-02  3.40491E-02  6.08324E-08
-1.60206E+00  2.86552E+01  3.72759E+00  1.96306E-02  1.98060E-02  1.96304E-02  1.98058E-02  4.86241E-02  6.62381E-08
-1.60206E+00  2.86552E+01  4.71487E+00  2.79075E-02  2.81545E-02  2.79072E-02  2.81543E-02  6.37298E-02  7.21216E-08
-1.60206E+00  2.86552E+01  5.96362E+00  3.96672E-02  4.00142E-02  3.96668E-02  4.00138E-02  7.67984E-02  7.85256E-08
-1.60206E+00  2.86552E+01  7.54312E+00  5.63694E-02  5.68552E-02  5.63688E-02  5.68546E-02  8.54263E-02  8.54963E-08
-1.60206E+00  2.86552E+01  9.54095E+00  8.00813E-02  8.07587E-02  8.00805E-02  8.07579E-02  8.83545E-02  9.30842E-08
-1.60206E+00  2.86552E+01  1.20679E+01  1.13724E-01  1.14664E-01  1.13723E-01  1.14662E-01  8.58098E-02  1.01344E-07
-1.60206E+00  2.86552E+01  1.52642E+01  1.61420E-01  1.62713E-01  1.61419E-01  1.62712E-01  7.90910E-02  1.10336E-07
-1.60206E+00  2.86552E+01  1.93070E+01  2.28965E-01  2.30728E-01  2.28963E-01  2.30726E-01  6.98731E-02  1.20124E-07
-1.60206E+00  2.86552E+01  2.44205E+01  3.24478E-01  3.26851E-01  3.24476E-01  3.26848E-01  5.96728E-02  1.30780E-07
-1.60206E+00  2.86552E+01  3.08884E+01  4.59257E-01  4.62392E-01  4.59254E-01  4.62389E-01  4.96054E-02  1.42381E-07
-1.60206E+00  2.86552E+01  3.90694E+01  6.48853E-01  6.52888E-01  6.48849E-01  6.52884E-01  4.03595E-02  1.55010E-07
-1.60206E+00  2.86552E+01  4.94171E+01  9.14278E-01  9.19263E-01  9.14273E-01  9.19258E-01  3.22758E-02  1.68758E-07
-1.60206E+00  2.86552E+01  6.25055E+01  1.28285E+00  1.28860E+00  1.28285E+00  1.28860E+00  2.54538E-02  1.83726E-07
-1.60206E+00  2.86552E+01  7.90604E+01  1.78620E+00  1.79202E+00  1.78619E+00  1.79202E+00  1.98461E-02  2.00020E-07
-1.60206E+00  2.86552E+01  1.00000E+02  2.48245E+00  2.48631E+00  2.48245E+00  2.48631E+00  1.53284E-02  2.17759E-07
# T =  0  2.50000E-02
# D = 29  1.00000E+29
-1.60206E+00  2.90000E+01  1.00000E-03  4.09577E-08  4.12532E-08  4.09588E-08  4.12543E-08  0.00000E+00  1.39288E-12
-1.60206E+00  2.90000E+01  1.26486E-03  5.84250E-08  5.88461E-08  5.84265E-08  5.88475E-08  0.00000E+00  1.93640E-12
-1.60206E+00  2.90000E+01  1.59986E-03  8.32990E-08  8.38987E-08  8.33010E-08  8.39008E-08  0.00000E+00  2.69054E-12
-1.60206E+00  2.90000E+01  2.02359E-03  1.18714E-07  1.19568E-07  1.18717E-07  1.19571E-07  0.00000E+00  3.74325E-12
-1.60206E+00  2.90000E+01  2.55955E-03  1.69132E-07  1.70348E-07  1.69136E-07  1.70352E-07  0.00000E+00  5.22312E-12
-1.60206E+00  2.90000E+01  3.23746E-03  2.40901E-07  2.42632E-07  2.40906E-07  2.42637E-07  0.00000E+00  7.31781E-12
-1.60206E+00  2.90000E+01  4.09492E-03  3.43055E-07  3.45519E-07  3.43063E-07  3.45527E-07  0.00000E+00  1.02965E-11
-1.60206E+00  2.90000E+01  5.17947E-03  4.88442E-07  4.91949E-07  4.88453E-07  4.91960E-07  0.00000E+00  1.45521E-11
-1.60206E+00  2.90000E+01  6.55129E-03  6.95132E-07  7.00122E-07  6.95147E-07  7.00137E-07  0.00000E+00  2.06578E-11
-1.60206E+00  2.90000E+01  8.28643E-03  9.88956E-07  9.96055E-07  9.88978E-07  9.96077E-07  0.00000E+00  2.95107E-11
-1.60206E+00  2.90000E+01  1.04811E-02  1.40675E-06  1.41685E-06  1.40678E-06  1.41688E-06  0.00000E+00  4.27141E-11
-1.60206E+00  2.90000E+01  1.32571E-02  2.00095E-06  2.01532E-06  2.00100E-06  2.01536E-06  0.00000E+00  6.30704E-11
-1.60206E+00  2.90000E+01  1.67683E-02  2.84620E-06  2.86663E-06  2.84627E-06  2.86670E-06  0.00000E+00  9.58836E-11
-1.60206E+00  2.90000E+01  2.12095E-02  4.04877E-06  4.07784E-06  4.04889E-06  4.07795E-06  0.00000E+00  1.50268E-10
-1.60206E+00  2.90000E+01  2.68270E-02  5.76000E-06  5.80134E-06  5.76019E-06  5.80154E-06  0.00000E+00  2.43514E-10
-1.60206E+00  2.90000E+01  3.39322E-02  8.19540E-06  8.25423E-06  8.19573E-06  8.25455E-06  0.00000E+00  3.94004E-10
-1.60206E+00  2.90000E+01  4.29193E-02  1.16620E-05  1.17457E-05  1.16625E-05  1.17462E-05  0.00000E+00  6.19889E-10
-1.60206E+00  2.90000E+01  5.42868E-02  1.65971E-05  1.67162E-05  1.65979E-05  1.67170E-05  0.00000E+00  9.37745E-10
-1.60206E+00  2.90000E+01  6.86649E-02  2.36229E-05  2.37923E-05  2.36241E-05  2.37935E-05  0.00000E+00  1.36596E-09
-1.60206E+00  2.90000E+01  8.68511E-02  3.36056E-05  3.38466E-05  3.36073E-05  3.38483E-05  0.00000E+00  1.96589E-09
-1.60206E+00  2.90000E+01  1.09854E-01  4.77899E-05  4.81325E-05  4.77924E-05  4.81350E-05  0.00000E+00  2.90257E-09
-1.60206E+00  2.90000E+01  1.38950E-01  6.79569E-05  6.84441E-05  6.79609E-05  6.84481E-05  0.00000E+00  4.56415E-09
-1.60206E+00  2.90000E+01  1.75751E-01  9.66469E-05  9.73397E-05  9.66541E-05  9.73469E-05  1.41957E-15  7.97081E-09
-1.60206E+00  2.90000E+01  2.22300E-01  1.37469E-04  1.38454E-04  1.37483E-04  1.38468E-04  9.38992E-13  1.50327E-08
-1.60206E+00  2.90000E+01  2.81177E-01  1.95527E-04  1.96927E-04  1.95554E-04  1.96955E-04  1.63139E-10  2.88739E-08
-1.60206E+00  2.90000E+01  3.55648E-01  2.78150E-04  2.80141E-04  2.78203E-04  2.80195E-04  9.86086E-09  5.56733E-08
-1.60206E+00  2.90000E+01  4.49843E-01  3.95732E-04  3.98563E-04  3.95836E-04  3.98668E-04  2.58600E-07  1.07681E-07
-1.60206E+00  2.90000E+01  5.68987E-01  5.62855E-04  5.66880E-04  5.63059E-04  5.67084E-04  3.50321E-06  2.08794E-07
-1.60206E+00  2.90000E+01  7.19686E-01  8.00580E-04  8.06300E-04  8.00980E-04  8.06699E-04  2.81403E-05  4.05672E-07
-1.60206E+00  2.90000E+01  9.10298E-01  1.13873E-03  1.14686E-03  1.13951E-03  1.14764E-03  1.49536E-04  7.89469E-07
-1.60206E+00  2.90000E+01  1.15140E+00  1.61986E-03  1.63140E-03  1.62138E-03  1.63292E-03  5.73703E-04  1.53836E-06
-1.60206E+00  2.90000E+01  1.45635E+00  2.30391E-03  2.32030E-03  2.30689E-03  2.32328E-03  1.70442E-03  3.00074E-06
-1.60206E+00  2.90000E+01  1.84207E+00  3.27690E-03  3.30016E-03  3.28274E-03  3.30599E-03  4.14429E-03  5.85808E-06
-1.60206E+00  2.90000E+01  2.32995E+00  4.66067E-03  4.69365E-03  4.67208E-03  4.70506E-03  8.60139E-03  1.14437E-05
-1.60206E+00  2.90000E+01  2.94705E+00  6.62842E-03  6.67516E-03  6.65074E-03  6.69747E-03  1.57015E-02  2.23668E-05
-1.60206E+00  2.90000E+01  3.72759E+00  9.42660E-03  9.49277E-03  9.47026E-03  9.53643E-03  2.57031E-02  4.37340E-05
-1.60206E+00  2.90000E+01  4.71487E+00  1.34051E-02  1.34987E-02  1.34905E-02  1.35841E-02  3.81479E-02  8.55414E-05
-1.60206E+00  2.90000E+01  5.96362E+00  1.90604E-02  1.91925E-02  1.92276E-02  1.93597E-02  5.16214E-02  1.67358E-04
-1.60206E+00  2.90000E+01  7.54312E+00  2.70986E-02  2.72848E-02  2.74259E-02  2.76121E-02  6.39314E-02  3.27495E-04
-1.60206E+00  2.90000E+01  9.54095E+00  3.85207E-02  3.87825E-02  3.91614E-02  3.94232E-02  7.28428E-02  6.40964E-04
-1.60206E+00  2.90000E+01  1.20679E+01  5.47460E-02  5.51129E-02  5.60003E-02  5.63672E-02  7.69759E-02  1.25464E-03
-1.60206E+00  2.90000E+01  1.52642E+01  7.77851E-02  7.82974E-02  8.02407E-02  8.07530E-02  7.62250E-02  2.45611E-03
-1.60206E+00  2.90000E+01  1.93070E+01  1.10481E-01  1.11193E-01  1.15289E-01  1.16001E-01  7.15041E-02  4.80852E-03
-1.60206E+00  2.90000E+01  2.44205E+01  1.56851E-01  1.57832E-01  1.66264E-01  1.67246E-01  6.41796E-02  9.41461E-03
-1.60206E+00  2.90000E+01  3.08884E+01  2.22546E-01  2.23889E-01  2.40979E-01  2.42321E-01  5.55881E-02  1.84338E-02
-1.60206E+00  2.90000E+01  3.90694E+01  3.15501E-01  3.17315E-01  3.51594E-01  3.53408E-01  4.67838E-02  3.60949E-02
-1.60206E+00  2.90000E+01  4.94171E+01  4.46779E-01  4.49189E-01  5.17456E-01  5.19866E-01  3.84724E-02  7.06790E-02
-1.60206E+00  2.90000E+01  6.25055E+01  6.31672E-01  6.34796E-01  7.70072E-01  7.73197E-01  3.10499E-02  1.38403E-01
-1.60206E+00  2.90000E+01  7.90604E+01  8.90976E-01  8.94878E-01  1.16200E+00  1.16590E+00  2.46796E-02  2.71024E-01
-1.60206E+00  2.90000E+01  1.00000E+02  1.25207E+00  1.25665E+00  1.78281E+00  1.78739E+00  1.93717E-02  5.30736E-01
