# nt =  1
# nd = 30
# ne = 50
# T =  0  2.50000E-02
# D =  0  1.00000E+19
-1.60206E+00  1.90000E+01  1.00000E-03  2.85380E+00  2.92876E+00  2.20327E+00  2.25389E+00  8.85931E-02  2.78300E-01
-1.60206E+00  1.90000E+01  1.26486E-03  3.11839E+00  3.16919E+00  2.53026E+00  2.58745E+00  1.08949E-01  2.72864E-01
-1.60206E+00  1.90000E+01  1.59986E-03  3.36118E+00  3.39668E+00  2.85952E+00  2.89975E+00  1.32253E-01  2.68841E-01
-1.60206E+00  1.90000E+01  2.02359E-03  3.60647E+00  3.65090E+00  3.20177E+00  3.23314E+00  1.58199E-01  2.65462E-01
-1.60206E+00  1.90000E+01  2.55955E-03  3.84203E+00  3.86759E+00  3.51102E+00  3.52423E+00  1.85874E-01  2.59285E-01
-1.60206E+00  1.90000E+01  3.23746E-03  4.10113E+00  4.11391E+00  3.83440E+00  3.84676E+00  2.13418E-01  2.48739E-01
-1.60206E+00  1.90000E+01  4.09492E-03  4.30637E+00  4.35779E+00  4.09556E+00  4.14961E+00  2.37756E-01  2.35867E-01
-1.60206E+00  1.90000E+01  5.17947E-03  4.57324E+00  4.57372E+00  4.41344E+00  4.41876E+00  2.54734E-01  2.21044E-01
-1.60206E+00  1.90000E+01  6.55129E-03  4.81315E+00  4.80922E+00  4.69918E+00  4.69566E+00  2.60100E-01  2.05061E-01
-1.60206E+00  1.90000E+01  8.28643E-03  5.02953E+00  5.03192E+00  4.94715E+00  4.94709E+00  2.51326E-01  1.81810E-01
-1.60206E+00  1.90000E+01  1.04811E-02  5.27132E+00  5.29824E+00  5.20645E+00  5.23331E+00  2.29247E-01  1.54160E-01
-1.60206E+00  1.90000E+01  1.32571E-02  5.49548E+00  5.55078E+00  5.44804E+00  5.50269E+00  1.98018E-01  1.31423E-01
-1.60206E+00  1.90000E+01  1.67683E-02  5.74472E+00  5.77125E+00  5.71388E+00  5.74004E+00  1.63224E-01  1.15326E-01
-1.60206E+00  1.90000E+01  2.12095E-02  5.96527E+00  5.96978E+00  5.94830E+00  5.95265E+00  1.29656E-01  1.01617E-01
-1.60206E+00  1.90000E+01  2.68270E-02  6.21363E+00  6.22112E+00  6.20673E+00  6.21414E+00  1.00201E-01  8.87047E-02
-1.60206E+00  1.90000E+01  3.39322E-02  6.44873E+00  6.44693E+00  6.44868E+00  6.44682E+00  7.59394E-02  7.70456E-02
-1.60206E+00  1.90000E+01  4.29193E-02  6.70638E+00  6.70553E+00  6.71153E+00  6.71063E+00  5.67784E-02  6.67899E-02
-1.60206E+00  1.90000E+01  5.42868E-02  6.93944E+00  6.93820E+00  6.94791E+00  6.94664E+00  4.20588E-02  5.75489E-02
-1.60206E+00  1.90000E+01  6.86649E-02  7.13573E+00  7.14078E+00  7.14588E+00  7.15092E+00  3.09556E-02  4.96258E-02
-1.60206E+00  1.90000E+01  8.68511E-02  7.41120E+00  7.40760E+00  7.42703E+00  7.42341E+00  2.26810E-02  4.72480E-02
-1.60206E+00  1.90000E+01  1.09854E-01  7.63898E+00  7.63514E+00  7.66042E+00  7.65657E+00  1.65643E-02  4.62546E-02
-1.60206E+00  1.90000E+01  1.38950E-01  7.83377E+00  7.82855E+00  7.85808E+00  7.85285E+00  1.20678E-02  4.37800E-02
-1.60206E+00  1.90000E+01  1.75751E-01  8.12872E+00  8.12669E+00  8.15166E+00  8.14963E+00  8.77533E-03  3.88283E-02
-1.60206E+00  1.90000E+01  2.22300E-01  8.36159E+00  8.36246E+00  8.38351E+00  8.38438E+00  6.37148E-03  3.44370E-02
-1.60206E+00  1.90000E+01  2.81177E-01  8.55256E+00  8.56261E+00  8.57326E+00  8.58331E+00  4.62025E-03  3.05427E-02
-1.60206E+00  1.90000E+01  3.55648E-01  8.82949E+00  8.84195E+00  8.84881E+00  8.86127E+00  3.34667E-03  2.70891E-02
-1.60206E+00  1.90000E+01  4.49843E-01  9.02709E+00  9.02895E+00  9.04514E+00  9.04700E+00  2.42179E-03  2.40262E-02
-1.60206E+00  1.90000E+01  5.68987E-01  9.30679E+00  9.30880E+00  9.32309E+00  9.32510E+00  1.75097E-03  2.13097E-02
-1.60206E+00  1.90000E+01  7.19686E-01  9.50227E+00  9.52053E+00  9.51722E+00  9.53548E+00  1.26494E-03  1.89005E-02
-1.60206E+00  1.90000E+01  9.10298E-01  9.77022E+00  9.78305E+00  9.78395E+00  9.79677E+00  9.13136E-04  1.67637E-02
-1.60206E+00  1.90000E+01  1.15140E+00  1.00056E+01  1.00022E+01  1.00180E+01  1.00146E+01  6.58712E-04  1.48685E-02
-1.60206E+00  1.90000E+01  1.45635E+00  1.02011E+01  1.02077E+01  1.02124E+01  1.02189E+01  4.74864E-04  1.31876E-02
-1.60206E+00  1.90000E+01  1.84207E+00  1.04302E+01  1.04420E+01  1.04404E+01  1.04522E+01  3.42114E-04  1.16968E-02
-1.60206E+00  1.90000E+01  2.32995E+00  1.06162E+01  1.06299E+01  1.06255E+01  1.06392E+01  2.46329E-04  1.03745E-02
-1.60206E+00  1.90000E+01  2.94705E+00  1.09839E+01  1.09953E+01  1.09922E+01  1.10035E+01  1.77262E-04  9.20172E-03
-1.60206E+00  1.90000E+01  3.72759E+00  1.11925E+01  1.11946E+01  1.11999E+01  1.12020E+01  1.27492E-04  8.16151E-03
-1.60206E+00  1.90000E+01  4.71487E+00  1.13860E+01  1.13922E+01  1.13927E+01  1.13989E+01  9.16490E-05  7.23890E-03
-1.60206E+00  1.90000E+01  5.96362E+00  1.16281E+01  1.16331E+01  1.16341E+01  1.16390E+01  6.58507E-05  6.42059E-03
-1.60206E+00  1.90000E+01  7.54312E+00  1.18636E+01  1.18715E+01  1.18689E+01  1.18769E+01  4.72922E-05  5.69478E-03
-1.60206E+00  1.90000E+01  9.54095E+00  1.20552E+01  1.20701E+01  1.20599E+01  1.20749E+01  3.39487E-05  5.05103E-03
-1.60206E+00  1.90000E+01  1.20679E+01  1.23519E+01  1.23615E+01  1.23561E+01  1.23657E+01  2.43597E-05  4.48005E-03
-1.60206E+00  1.90000E+01  1.52642E+01  1.25502E+01  1.25582E+01  1.25540E+01  1.25620E+01  1.74719E-05  3.97361E-03
-1.60206E+00  1.90000E+01  1.93070E+01  1.27657E+01  1.27692E+01  1.27691E+01  1.27726E+01  1.25267E-05  3.52442E-03
-1.60206E+00  1.90000E+01  2.44205E+01  1.31047E+01  1.31105E+01  1.31077E+01  1.31135E+01  8.97777E-06  3.12601E-03
-1.60206E+00  1.90000E+01  3.08884E+01  1.32848E+01  1.33019E+01  1.32874E+01  1.33046E+01  6.43192E-06  2.77264E-03
-1.60206E+00  1.90000E+01  3.90694E+01  1.34576E+01  1.34724E+01  1.34600E+01  1.34748E+01  4.60638E-06  2.45922E-03
-1.60206E+00  1.90000E+01  4.94171E+01  1.36304E+01  1.36548E+01  1.36325E+01  1.36569E+01  3.29785E-06  2.18122E-03
-1.60206E+00  1.90000E+01  6.25055E+01  1.39775E+01  1.39928E+01  1.39794E+01  1.39946E+01  2.36026E-06  1.93465E-03
-1.60206E+00  1.90000E+01  7.90604E+01  1.42689E+01  1.42835E+01  1.42706E+01  1.42851E+01  1.68870E-06  1.71596E-03
-1.60206E+00  1.90000E+01  1.00000E+02  1.45802E+01  1.45870E+01  1.45817E+01  1.45885E+01  1.20785E-06  1.52198E-03
# T =  0  2.50000E-02
# D =  1  2.21222E+19
-1.60206E+00  1.93448E+01  1.00000E-03  2.44399E+00  2.54657E+00  1.81750E+00  1.89748E+00  1.12874E-01  2.72105E-01
-1.60206E+00  1.93448E+01  1.26486E-03  2.69589E+00  2.79183E+00  2.13397E+00  2.21335E+00  1.41073E-01  2.68199E-01
-1.60206E+00  1.93448E+01  1.59986E-03  2.94782E+00  2.99833E+00  2.48485E+00  2.54143E+00  1.73624E-01  2.65218E-01
-1.60206E+00  1.93448E+01  2.02359E-03  3.22613E+00  3.23706E+00  2.81717E+00  2.82999E+00  2.10114E-01  2.62552E-01
-1.60206E+00  1.93448E+01  2.55955E-03  3.42965E+00  3.48585E+00  3.09725E+00  3.15416E+00  2.49266E-01  2.57100E-01
-1.60206E+00  1.93448E+01  3.23746E-03  3.67211E+00  3.72030E+00  3.41191E+00  3.45353E+00  2.88451E-01  2.47240E-01
-1.60206E+00  1.93448E+01  4.09492E-03  3.92686E+00  3.96871E+00  3.72270E+00  3.75864E+00  3.23301E-01  2.34776E-01
-1.60206E+00  1.93448E+01  5.17947E-03  4.16571E+00  4.17946E+00  4.01103E+00  4.02347E+00  3.47923E-01  2.20313E-01
-1.60206E+00  1.93448E+01  6.55129E-03  4.42162E+00  4.40936E+00  4.31259E+00  4.29916E+00  3.56315E-01  2.04467E-01
-1.60206E+00  1.93448E+01  8.28643E-03  4.62365E+00  4.62873E+00  4.54223E+00  4.55123E+00  3.44960E-01  1.81479E-01
-1.60206E+00  1.93448E+01  1.04811E-02  4.87951E+00  4.90276E+00  4.81361E+00  4.83555E+00  3.15082E-01  1.53986E-01
-1.60206E+00  1.93448E+01  1.32571E-02  5.14196E+00  5.14299E+00  5.09510E+00  5.09517E+00  2.72499E-01  1.31326E-01
-1.60206E+00  1.93448E+01  1.67683E-02  5.35655E+00  5.35864E+00  5.32546E+00  5.32781E+00  2.24942E-01  1.15225E-01
-1.60206E+00  1.93448E+01  2.12095E-02  5.61245E+00  5.61247E+00  5.59586E+00  5.59526E+00  1.78993E-01  1.01541E-01
-1.60206E+00  1.93448E+01  2.68270E-02  5.83299E+00  5.83302E+00  5.82594E+00  5.82599E+00  1.38609E-01  8.86456E-02
-1.60206E+00  1.93448E+01  3.39322E-02  6.08309E+00  6.08785E+00  6.08335E+00  6.08802E+00  1.05279E-01  7.69905E-02
-1.60206E+00  1.93448E+01  4.29193E-02  6.31749E+00  6.31409E+00  6.32269E+00  6.31919E+00  7.88950E-02  6.67446E-02
-1.60206E+00  1.93448E+01  5.42868E-02  6.50234E+00  6.51441E+00  6.51044E+00  6.52251E+00  5.85755E-02  5.75278E-02
-1.60206E+00  1.93448E+01  6.86649E-02  6.76603E+00  6.76585E+00  6.77653E+00  6.77632E+00  4.32086E-02  4.96284E-02
-1.60206E+00  1.93448E+01  8.68511E-02  7.01300E+00  7.00221E+00  7.02909E+00  7.01828E+00  3.17271E-02  4.72453E-02
-1.60206E+00  1.93448E+01  1.09854E-01  7.26568E+00  7.26874E+00  7.28683E+00  7.28988E+00  2.32184E-02  4.62523E-02
-1.60206E+00  1.93448E+01  1.38950E-01  7.46963E+00  7.46971E+00  7.49364E+00  7.49371E+00  1.69486E-02  4.37746E-02
-1.60206E+00  1.93448E+01  1.75751E-01  7.69931E+00  7.69657E+00  7.72256E+00  7.71981E+00  1.23473E-02  3.88113E-02
-1.60206E+00  1.93448E+01  2.22300E-01  7.96294E+00  7.96371E+00  7.98508E+00  7.98585E+00  8.98062E-03  3.44112E-02
-1.60206E+00  1.93448E+01  2.81177E-01  8.19712E+00  8.18735E+00  8.21756E+00  8.20779E+00  6.52295E-03  3.05104E-02
-1.60206E+00  1.93448E+01  3.55648E-01  8.41273E+00  8.41860E+00  8.43200E+00  8.43788E+00  4.73222E-03  2.70521E-02
-1.60206E+00  1.93448E+01  4.49843E-01  8.62407E+00  8.62548E+00  8.64185E+00  8.64325E+00  3.42945E-03  2.39859E-02
-1.60206E+00  1.93448E+01  5.68987E-01  8.89997E+00  8.89410E+00  8.91642E+00  8.91055E+00  2.48295E-03  2.12675E-02
-1.60206E+00  1.93448E+01  7.19686E-01  9.07683E+00  9.09436E+00  9.09195E+00  9.10948E+00  1.79608E-03  1.88572E-02
-1.60206E+00  1.93448E+01  9.10298E-01  9.37067E+00  9.38532E+00  9.38421E+00  9.39886E+00  1.29817E-03  1.67202E-02
-1.60206E+00  1.93448E+01  1.15140E+00  9.56439E+00  9.56961E+00  9.57677E+00  9.58199E+00  9.37563E-04  1.48254E-02
-1.60206E+00  1.93448E+01  1.45635E+00  9.83597E+00  9.83871E+00  9.84723E+00  9.84997E+00  6.76641E-04  1.31453E-02
-1.60206E+00  1.93448E+01  1.84207E+00  1.00750E+01  1.00784E+01  1.00851E+01  1.00885E+01  4.88002E-04  1.16557E-02
-1.60206E+00  1.93448E+01  2.32995E+00  1.02954E+01  1.03068E+01  1.03045E+01  1.03160E+01  3.51726E-04  1.03349E-02
-1.60206E+00  1.93448E+01  2.94705E+00  1.05034E+01  1.04952E+01  1.05116E+01  1.05034E+01  2.53351E-04  9.16375E-03
-1.60206E+00  1.93448E+01  3.72759E+00  1.07028E+01  1.07086E+01  1.07102E+01  1.07160E+01  1.82385E-04  8.12535E-03
-1.60206E+00  1.93448E+01  4.71487E+00  1.10549E+01  1.10632E+01  1.10615E+01  1.10698E+01  1.31224E-04  7.20461E-03
-1.60206E+00  1.93448E+01  5.96362E+00  1.12442E+01  1.12556E+01  1.12501E+01  1.12615E+01  9.43650E-05  6.38822E-03
-1.60206E+00  1.93448E+01  7.54312E+00  1.14446E+01  1.14526E+01  1.14499E+01  1.14579E+01  6.78248E-05  5.66434E-03
-1.60206E+00  1.93448E+01  9.54095E+00  1.16838E+01  1.16887E+01  1.16886E+01  1.16935E+01  4.87255E-05  5.02249E-03
-1.60206E+00  1.93448E+01  1.20679E+01  1.19168E+01  1.19381E+01  1.19211E+01  1.19423E+01  3.49884E-05  4.45337E-03
-1.60206E+00  1.93448E+01  1.52642E+01  1.21156E+01  1.21279E+01  1.21193E+01  1.21317E+01  2.51131E-05  3.94874E-03
-1.60206E+00  1.93448E+01  1.93070E+01  1.24100E+01  1.24117E+01  1.24134E+01  1.24151E+01  1.80174E-05  3.50129E-03
-1.60206E+00  1.93448E+01  2.44205E+01  1.26223E+01  1.26308E+01  1.26253E+01  1.26338E+01  1.29213E-05  3.10454E-03
-1.60206E+00  1.93448E+01  3.08884E+01  1.28325E+01  1.28372E+01  1.28351E+01  1.28399E+01  9.26297E-06  2.75276E-03
-1.60206E+00  1.93448E+01  3.90694E+01  1.31544E+01  1.31626E+01  1.31568E+01  1.31650E+01  6.63791E-06  2.44083E-03
-1.60206E+00  1.93448E+01  4.94171E+01  1.33293E+01  1.33426E+01  1.33314E+01  1.33447E+01  4.75505E-06  2.16425E-03
-1.60206E+00  1.93448E+01  6.25055E+01  1.35027E+01  1.35043E+01  1.35046E+01  1.35062E+01  3.40509E-06  1.91901E-03
-1.60206E+00  1.93448E+01  7.90604E+01  1.37110E+01  1.37108E+01  1.37127E+01  1.37125E+01  2.43756E-06  1.70156E-03
-1.60206E+00  1.93448E+01  1.00000E+02  1.40960E+01  1.41156E+01  1.40975E+01  1.41171E+01  1.74438E-06  1.50875E-03
# T =  0  2.50000E-02
# D =  2  4.89390E+19
-1.60206E+00  1.96897E+01  1.00000E-03  2.03819E+00  2.13883E+00  1.46629E+00  1.54753E+00  1.21357E-01  2.61910E-01
-1.60206E+00  1.96897E+01  1.26486E-03  2.28978E+00  2.37984E+00  1.78836E+00  1.83670E+00  1.55033E-01  2.60503E-01
-1.60206E+00  1.96897E+01  1.59986E-03  2.56687E+00  2.61479E+00  2.09335E+00  2.16243E+00  1.94576E-01  2.59195E-01
-1.60206E+00  1.96897E+01  2.02359E-03  2.80567E+00  2.85895E+00  2.40794E+00  2.45733E+00  2.39706E-01  2.57648E-01
-1.60206E+00  1.96897E+01  2.55955E-03  3.04007E+00  3.09641E+00  2.71724E+00  2.77022E+00  2.89184E-01  2.53386E-01
-1.60206E+00  1.96897E+01  3.23746E-03  3.28436E+00  3.30603E+00  3.02486E+00  3.03592E+00  3.40199E-01  2.44722E-01
-1.60206E+00  1.96897E+01  4.09492E-03  3.52603E+00  3.54679E+00  3.32835E+00  3.34416E+00  3.87787E-01  2.32951E-01
-1.60206E+00  1.96897E+01  5.17947E-03  3.77174E+00  3.79983E+00  3.62533E+00  3.64048E+00  4.24797E-01  2.19106E-01
-1.60206E+00  1.96897E+01  6.55129E-03  3.98907E+00  4.03482E+00  3.87555E+00  3.91538E+00  4.43253E-01  2.03453E-01
-1.60206E+00  1.96897E+01  8.28643E-03  4.24241E+00  4.24105E+00  4.16017E+00  4.16192E+00  4.37380E-01  1.80926E-01
-1.60206E+00  1.96897E+01  1.04811E-02  4.48197E+00  4.50197E+00  4.41907E+00  4.44012E+00  4.06883E-01  1.53722E-01
-1.60206E+00  1.96897E+01  1.32571E-02  4.73335E+00  4.73612E+00  4.68334E+00  4.68964E+00  3.57742E-01  1.31180E-01
-1.60206E+00  1.96897E+01  1.67683E-02  4.95908E+00  4.95128E+00  4.92879E+00  4.92050E+00  2.99454E-01  1.15066E-01
-1.60206E+00  1.96897E+01  2.12095E-02  5.19442E+00  5.20208E+00  5.17768E+00  5.18573E+00  2.40986E-01  1.01435E-01
-1.60206E+00  1.96897E+01  2.68270E-02  5.42419E+00  5.41574E+00  5.41239E+00  5.40914E+00  1.88283E-01  8.85859E-02
-1.60206E+00  1.96897E+01  3.39322E-02  5.67136E+00  5.66786E+00  5.67139E+00  5.66820E+00  1.44013E-01  7.69504E-02
-1.60206E+00  1.96897E+01  4.29193E-02  5.89704E+00  5.88479E+00  5.90228E+00  5.89000E+00  1.08523E-01  6.67154E-02
-1.60206E+00  1.96897E+01  5.42868E-02  6.14411E+00  6.14456E+00  6.15263E+00  6.15302E+00  8.09381E-02  5.74987E-02
-1.60206E+00  1.96897E+01  6.86649E-02  6.37636E+00  6.37181E+00  6.38665E+00  6.38213E+00  5.99297E-02  4.96121E-02
-1.60206E+00  1.96897E+01  8.68511E-02  6.63084E+00  6.62819E+00  6.64671E+00  6.64406E+00  4.41467E-02  4.72141E-02
-1.60206E+00  1.96897E+01  1.09854E-01  6.82155E+00  6.82184E+00  6.84311E+00  6.84339E+00  3.23983E-02  4.62278E-02
-1.60206E+00  1.96897E+01  1.38950E-01  7.06366E+00  7.05370E+00  7.08769E+00  7.07772E+00  2.37089E-02  4.37666E-02
-1.60206E+00  1.96897E+01  1.75751E-01  7.33058E+00  7.33152E+00  7.35360E+00  7.35455E+00  1.73113E-02  3.88278E-02
-1.60206E+00  1.96897E+01  2.22300E-01  7.57026E+00  7.55885E+00  7.59229E+00  7.58088E+00  1.26171E-02  3.44467E-02
-1.60206E+00  1.96897E+01  2.81177E-01  7.75317E+00  7.74331E+00  7.77403E+00  7.76418E+00  9.18176E-03  3.05604E-02
-1.60206E+00  1.96897E+01  3.55648E-01  8.03854E+00  8.03020E+00  8.05784E+00  8.04951E+00  6.67289E-03  2.71129E-02
-1.60206E+00  1.96897E+01  4.49843E-01  8.25491E+00  8.25057E+00  8.27269E+00  8.26835E+00  4.84385E-03  2.40546E-02
-1.60206E+00  1.96897E+01  5.68987E-01  8.46950E+00  8.46988E+00  8.48599E+00  8.48637E+00  3.51240E-03  2.13414E-02
-1.60206E+00  1.96897E+01  7.19686E-01  8.68341E+00  8.67873E+00  8.69845E+00  8.69377E+00  2.54445E-03  1.89343E-02
-1.60206E+00  1.96897E+01  9.10298E-01  8.94798E+00  8.95553E+00  8.96179E+00  8.96934E+00  1.84158E-03  1.67989E-02
-1.60206E+00  1.96897E+01  1.15140E+00  9.15508E+00  9.20259E+00  9.16759E+00  9.21510E+00  1.33175E-03  1.49043E-02
-1.60206E+00  1.96897E+01  1.45635E+00  9.42418E+00  9.43819E+00  9.43543E+00  9.44944E+00  9.62303E-04  1.32234E-02
-1.60206E+00  1.96897E+01  1.84207E+00  9.62570E+00  9.62719E+00  9.63592E+00  9.63740E+00  6.94829E-04  1.17321E-02
-1.60206E+00  1.96897E+01  2.32995E+00  9.90138E+00  9.90117E+00  9.91060E+00  9.91040E+00  5.01347E-04  1.04091E-02
-1.60206E+00  1.96897E+01  2.94705E+00  1.01052E+01  1.01311E+01  1.01134E+01  1.01393E+01  3.61502E-04  9.23520E-03
-1.60206E+00  1.96897E+01  3.72759E+00  1.03624E+01  1.03635E+01  1.03699E+01  1.03710E+01  2.60501E-04  8.19374E-03
-1.60206E+00  1.96897E+01  4.71487E+00  1.05535E+01  1.05554E+01  1.05602E+01  1.05621E+01  1.87606E-04  7.26973E-03
-1.60206E+00  1.96897E+01  5.96362E+00  1.08205E+01  1.08217E+01  1.08264E+01  1.08276E+01  1.35032E-04  6.44992E-03
-1.60206E+00  1.96897E+01  7.54312E+00  1.11069E+01  1.11089E+01  1.11122E+01  1.11143E+01  9.71381E-05  5.72257E-03
-1.60206E+00  1.96897E+01  9.54095E+00  1.12994E+01  1.12999E+01  1.13042E+01  1.13047E+01  6.98420E-05  5.07724E-03
-1.60206E+00  1.96897E+01  1.20679E+01  1.15440E+01  1.15587E+01  1.15483E+01  1.15630E+01  5.01913E-05  4.50469E-03
-1.60206E+00  1.96897E+01  1.52642E+01  1.17680E+01  1.17802E+01  1.17719E+01  1.17840E+01  3.60523E-05  3.99670E-03
-1.60206E+00  1.96897E+01  1.93070E+01  1.19957E+01  1.20014E+01  1.19991E+01  1.20048E+01  2.58845E-05  3.54600E-03
-1.60206E+00  1.96897E+01  2.44205E+01  1.22579E+01  1.22731E+01  1.22610E+01  1.22761E+01  1.85762E-05  3.14613E-03
-1.60206E+00  1.96897E+01  3.08884E+01  1.24763E+01  1.24776E+01  1.24790E+01  1.24803E+01  1.33258E-05  2.79134E-03
-1.60206E+00  1.96897E+01  3.90694E+01  1.26842E+01  1.26906E+01  1.26866E+01  1.26930E+01  9.55553E-06  2.47657E-03
-1.60206E+00  1.96897E+01  4.94171E+01  1.29896E+01  1.30007E+01  1.29917E+01  1.30028E+01  6.84933E-06  2.19729E-03
-1.60206E+00  1.96897E+01  6.25055E+01  1.32187E+01  1.32108E+01  1.32206E+01  1.32127E+01  4.90772E-06  1.94951E-03
-1.60206E+00  1.96897E+01  7.90604E+01  1.33760E+01  1.33828E+01  1.33777E+01  1.33845E+01  3.51525E-06  1.72967E-03
-1.60206E+00  1.96897E+01  1.00000E+02  1.35362E+01  1.35399E+01  1.35377E+01  1.35414E+01  2.51700E-06  1.53462E-03
# T =  0  2.50000E-02
# D =  3  1.08264E+20
-1.60206E+00  2.00345E+01  1.00000E-03  1.55211E+00  1.73884E+00  1.14559E+00  1.22583E+00  1.10546E-01  2.45259E-01
-1.60206E+00  2.00345E+01  1.26486E-03  1.83697E+00  1.98538E+00  1.43492E+00  1.51258E+00  1.45211E-01  2.47797E-01
-1.60206E+00  2.00345E+01  1.59986E-03  2.12174E+00  2.21875E+00  1.72255E+00  1.81203E+00  1.86986E-01  2.49168E-01
-1.60206E+00  2.00345E+01  2.02359E-03  2.38756E+00  2.45422E+00  2.01149E+00  2.07564E+00  2.35967E-01  2.49435E-01
-1.60206E+00  2.00345E+01  2.55955E-03  2.61834E+00  2.69424E+00  2.32912E+00  2.37744E+00  2.91424E-01  2.47087E-01
-1.60206E+00  2.00345E+01  3.23746E-03  2.88168E+00  2.90892E+00  2.62881E+00  2.67915E+00  3.51168E-01  2.40432E-01
-1.60206E+00  2.00345E+01  4.09492E-03  3.12019E+00  3.15861E+00  2.92679E+00  2.95981E+00  4.10786E-01  2.29890E-01
-1.60206E+00  2.00345E+01  5.17947E-03  3.36837E+00  3.39804E+00  3.21228E+00  3.25232E+00  4.63143E-01  2.17077E-01
-1.60206E+00  2.00345E+01  6.55129E-03  3.60944E+00  3.60188E+00  3.50063E+00  3.50084E+00  4.98989E-01  2.01721E-01
-1.60206E+00  2.00345E+01  8.28643E-03  3.83722E+00  3.85357E+00  3.76429E+00  3.77856E+00  5.09548E-01  1.79971E-01
-1.60206E+00  2.00345E+01  1.04811E-02  4.08320E+00  4.08487E+00  4.02239E+00  4.02129E+00  4.90594E-01  1.53358E-01
-1.60206E+00  2.00345E+01  1.32571E-02  4.30405E+00  4.34902E+00  4.26129E+00  4.30060E+00  4.45284E-01  1.30993E-01
-1.60206E+00  2.00345E+01  1.67683E-02  4.55774E+00  4.56319E+00  4.52826E+00  4.53286E+00  3.83022E-01  1.14816E-01
-1.60206E+00  2.00345E+01  2.12095E-02  4.79923E+00  4.80161E+00  4.78449E+00  4.78874E+00  3.15050E-01  1.01253E-01
-1.60206E+00  2.00345E+01  2.68270E-02  5.01212E+00  5.01669E+00  5.00566E+00  5.01001E+00  2.50319E-01  8.84838E-02
-1.60206E+00  2.00345E+01  3.39322E-02  5.26310E+00  5.25964E+00  5.26392E+00  5.26032E+00  1.93896E-01  7.68852E-02
-1.60206E+00  2.00345E+01  4.29193E-02  5.47659E+00  5.48166E+00  5.48222E+00  5.48709E+00  1.47506E-01  6.66765E-02
-1.60206E+00  2.00345E+01  5.42868E-02  5.72614E+00  5.72731E+00  5.73458E+00  5.73577E+00  1.10807E-01  5.74839E-02
-1.60206E+00  2.00345E+01  6.86649E-02  5.94982E+00  5.95429E+00  5.96035E+00  5.96480E+00  8.25078E-02  4.96430E-02
-1.60206E+00  2.00345E+01  8.68511E-02  6.20322E+00  6.20675E+00  6.21931E+00  6.22282E+00  6.10529E-02  4.71919E-02
-1.60206E+00  2.00345E+01  1.09854E-01  6.43468E+00  6.43521E+00  6.45601E+00  6.45651E+00  4.49725E-02  4.61918E-02
-1.60206E+00  2.00345E+01  1.38950E-01  6.68906E+00  6.69260E+00  6.71306E+00  6.71663E+00  3.30150E-02  4.37401E-02
-1.60206E+00  2.00345E+01  1.75751E-01  6.91155E+00  6.92213E+00  6.93487E+00  6.94544E+00  2.41730E-02  3.88347E-02
-1.60206E+00  2.00345E+01  2.22300E-01  7.13166E+00  7.12684E+00  7.15364E+00  7.14881E+00  1.76615E-02  3.44798E-02
-1.60206E+00  2.00345E+01  2.81177E-01  7.39089E+00  7.38858E+00  7.41164E+00  7.40933E+00  1.28811E-02  3.06139E-02
-1.60206E+00  2.00345E+01  3.55648E-01  7.62062E+00  7.62153E+00  7.64001E+00  7.64091E+00  9.38043E-03  2.71819E-02
-1.60206E+00  2.00345E+01  4.49843E-01  7.80724E+00  7.81044E+00  7.82534E+00  7.82854E+00  6.82198E-03  2.41349E-02
-1.60206E+00  2.00345E+01  5.68987E-01  8.10111E+00  8.11124E+00  8.11756E+00  8.12770E+00  4.95539E-03  2.14297E-02
-1.60206E+00  2.00345E+01  7.19686E-01  8.33601E+00  8.34356E+00  8.35115E+00  8.35869E+00  3.59559E-03  1.90279E-02
-1.60206E+00  2.00345E+01  9.10298E-01  8.53206E+00  8.54339E+00  8.54590E+00  8.55723E+00  2.60631E-03  1.68954E-02
-1.60206E+00  2.00345E+01  1.15140E+00  8.81628E+00  8.82468E+00  8.82886E+00  8.83727E+00  1.88746E-03  1.50019E-02
-1.60206E+00  2.00345E+01  1.45635E+00  8.99853E+00  9.02189E+00  9.01000E+00  9.03336E+00  1.36568E-03  1.33207E-02
-1.60206E+00  2.00345E+01  1.84207E+00  9.28706E+00  9.30129E+00  9.29733E+00  9.31156E+00  9.87342E-04  1.18279E-02
-1.60206E+00  2.00345E+01  2.32995E+00  9.48806E+00  9.50382E+00  9.49734E+00  9.51310E+00  7.13265E-04  1.05025E-02
-1.60206E+00  2.00345E+01  2.94705E+00  9.76156E+00  9.77218E+00  9.76994E+00  9.78056E+00  5.14895E-04  9.32557E-03
-1.60206E+00  2.00345E+01  3.72759E+00  9.98375E+00  9.98588E+00  9.99128E+00  9.99340E+00  3.71438E-04  8.28056E-03
-1.60206E+00  2.00345E+01  4.71487E+00  1.01763E+01  1.01913E+01  1.01831E+01  1.01981E+01  2.67776E-04  7.35266E-03
-1.60206E+00  2.00345E+01  5.96362E+00  1.03996E+01  1.04292E+01  1.04057E+01  1.04353E+01  1.92924E-04  6.52875E-03
-1.60206E+00  2.00345E+01  7.54312E+00  1.06103E+01  1.06156E+01  1.06157E+01  1.06210E+01  1.38914E-04  5.79716E-03
-1.60206E+00  2.00345E+01  9.54095E+00  1.09766E+01  1.09776E+01  1.09815E+01  1.09825E+01  9.99680E-05  5.14756E-03
-1.60206E+00  2.00345E+01  1.20679E+01  1.11690E+01  1.11694E+01  1.11734E+01  1.11737E+01  7.19023E-05  4.57075E-03
-1.60206E+00  2.00345E+01  1.52642E+01  1.13704E+01  1.13731E+01  1.13742E+01  1.13770E+01  5.16894E-05  4.05858E-03
-1.60206E+00  2.00345E+01  1.93070E+01  1.16094E+01  1.16195E+01  1.16128E+01  1.16229E+01  3.71405E-05  3.60380E-03
-1.60206E+00  2.00345E+01  2.44205E+01  1.18501E+01  1.18671E+01  1.18532E+01  1.18702E+01  2.66742E-05  3.19998E-03
-1.60206E+00  2.00345E+01  3.08884E+01  1.20400E+01  1.20599E+01  1.20428E+01  1.20626E+01  1.91486E-05  2.84141E-03
-1.60206E+00  2.00345E+01  3.90694E+01  1.23119E+01  1.23399E+01  1.23143E+01  1.23423E+01  1.37404E-05  2.52302E-03
-1.60206E+00  2.00345E+01  4.94171E+01  1.25409E+01  1.25480E+01  1.25431E+01  1.25501E+01  9.85551E-06  2.24030E-03
-1.60206E+00  2.00345E+01  6.25055E+01  1.27516E+01  1.27711E+01  1.27536E+01  1.27731E+01  7.06623E-06  1.98927E-03
-1.60206E+00  2.00345E+01  7.90604E+01  1.30322E+01  1.30416E+01  1.30339E+01  1.30433E+01  5.06442E-06  1.76636E-03
-1.60206E+00  2.00345E+01  1.00000E+02  1.32789E+01  1.32813E+01  1.32804E+01  1.32829E+01  3.62838E-06  1.56844E-03
# T =  0  2.50000E-02
# D =  4  2.39503E+20
-1.60206E+00  2.03793E+01  1.00000E-03  9.62331E-01  1.30187E+00  8.18312E-01  9.61306E-01  8.66410E-02  2.18270E-01
-1.60206E+00  2.03793E+01  1.26486E-03  1.35335E+00  1.56286E+00  1.07180E+00  1.19992E+00  1.17614E-01  2.26851E-01
-1.60206E+00  2.03793E+01  1.59986E-03  1.65278E+00  1.79287E+00  1.34244E+00  1.45464E+00  1.56239E-01  2.32493E-01
-1.60206E+00  2.03793E+01  2.02359E-03  1.94026E+00  2.04121E+00  1.64119E+00  1.73050E+00  2.03099E-01  2.35834E-01
-1.60206E+00  2.03793E+01  2.55955E-03  2.20322E+00  2.27510E+00  1.94314E+00  1.99108E+00  2.58192E-01  2.36466E-01
-1.60206E+00  2.03793E+01  3.23746E-03  2.46188E+00  2.50808E+00  2.22657E+00  2.27927E+00  3.20427E-01  2.32962E-01
-1.60206E+00  2.03793E+01  4.09492E-03  2.69501E+00  2.74809E+00  2.51248E+00  2.56239E+00  3.86879E-01  2.24759E-01
-1.60206E+00  2.03793E+01  5.17947E-03  2.96902E+00  2.98540E+00  2.83172E+00  2.84672E+00  4.51940E-01  2.13587E-01
-1.60206E+00  2.03793E+01  6.55129E-03  3.21405E+00  3.23193E+00  3.10581E+00  3.12975E+00  5.06975E-01  1.98853E-01
-1.60206E+00  2.03793E+01  8.28643E-03  3.45584E+00  3.45846E+00  3.38483E+00  3.38644E+00  5.41499E-01  1.78313E-01
-1.60206E+00  2.03793E+01  1.04811E-02  3.65813E+00  3.70077E+00  3.60715E+00  3.64519E+00  5.46625E-01  1.52889E-01
-1.60206E+00  2.03793E+01  1.32571E-02  3.91169E+00  3.91759E+00  3.86992E+00  3.87453E+00  5.19559E-01  1.30751E-01
-1.60206E+00  2.03793E+01  1.67683E-02  4.14248E+00  4.16418E+00  4.11412E+00  4.13689E+00  4.65755E-01  1.14447E-01
-1.60206E+00  2.03793E+01  2.12095E-02  4.40327E+00  4.40094E+00  4.38456E+00  4.38559E+00  3.96443E-01  1.00982E-01
-1.60206E+00  2.03793E+01  2.68270E-02  4.61442E+00  4.62163E+00  4.60864E+00  4.61581E+00  3.23518E-01  8.83491E-02
-1.60206E+00  2.03793E+01  3.39322E-02  4.86049E+00  4.88062E+00  4.86190E+00  4.88175E+00  2.55673E-01  7.68125E-02
-1.60206E+00  2.03793E+01  4.29193E-02  5.12473E+00  5.12535E+00  5.13058E+00  5.13111E+00  1.97399E-01  6.66376E-02
-1.60206E+00  2.03793E+01  5.42868E-02  5.33931E+00  5.34269E+00  5.34805E+00  5.35104E+00  1.49914E-01  5.74653E-02
-1.60206E+00  2.03793E+01  6.86649E-02  5.59436E+00  5.58411E+00  5.60479E+00  5.59488E+00  1.12543E-01  4.96970E-02
-1.60206E+00  2.03793E+01  8.68511E-02  5.81582E+00  5.81582E+00  5.83192E+00  5.83188E+00  8.38019E-02  4.71784E-02
-1.60206E+00  2.03793E+01  1.09854E-01  6.06311E+00  6.06343E+00  6.08460E+00  6.08490E+00  6.20372E-02  4.62065E-02
-1.60206E+00  2.03793E+01  1.38950E-01  6.26235E+00  6.28628E+00  6.28645E+00  6.31040E+00  4.57278E-02  4.37669E-02
-1.60206E+00  2.03793E+01  1.75751E-01  6.48989E+00  6.49852E+00  6.51299E+00  6.52163E+00  3.35958E-02  3.88260E-02
-1.60206E+00  2.03793E+01  2.22300E-01  6.74823E+00  6.74632E+00  6.77030E+00  6.76840E+00  2.46188E-02  3.44419E-02
-1.60206E+00  2.03793E+01  2.81177E-01  6.97884E+00  6.96822E+00  6.99964E+00  6.98902E+00  1.80024E-02  3.05538E-02
-1.60206E+00  2.03793E+01  3.55648E-01  7.25350E+00  7.26294E+00  7.27272E+00  7.28216E+00  1.31407E-02  2.71052E-02
-1.60206E+00  2.03793E+01  4.49843E-01  7.44790E+00  7.45329E+00  7.46578E+00  7.47116E+00  9.57708E-03  2.40463E-02
-1.60206E+00  2.03793E+01  5.68987E-01  7.68193E+00  7.68084E+00  7.69840E+00  7.69730E+00  6.97032E-03  2.13329E-02
-1.60206E+00  2.03793E+01  7.19686E-01  7.93925E+00  7.94033E+00  7.95438E+00  7.95546E+00  5.06681E-03  1.89259E-02
-1.60206E+00  2.03793E+01  9.10298E-01  8.17394E+00  8.17895E+00  8.18759E+00  8.19260E+00  3.67897E-03  1.67906E-02
-1.60206E+00  2.03793E+01  1.15140E+00  8.38707E+00  8.40341E+00  8.39955E+00  8.41589E+00  2.66848E-03  1.48964E-02
-1.60206E+00  2.03793E+01  1.45635E+00  8.59721E+00  8.61631E+00  8.60850E+00  8.62760E+00  1.93367E-03  1.32159E-02
-1.60206E+00  2.03793E+01  1.84207E+00  8.87324E+00  8.88810E+00  8.88346E+00  8.89833E+00  1.39993E-03  1.17251E-02
-1.60206E+00  2.03793E+01  2.32995E+00  9.05526E+00  9.06894E+00  9.06451E+00  9.07819E+00  1.01266E-03  1.04025E-02
-1.60206E+00  2.03793E+01  2.94705E+00  9.35803E+00  9.36511E+00  9.36627E+00  9.37336E+00  7.31937E-04  9.22905E-03
-1.60206E+00  2.03793E+01  3.72759E+00  9.55020E+00  9.55002E+00  9.55763E+00  9.55744E+00  5.28634E-04  8.18802E-03
-1.60206E+00  2.03793E+01  4.71487E+00  9.81468E+00  9.83600E+00  9.82136E+00  9.84268E+00  3.81529E-04  7.26443E-03
-1.60206E+00  2.03793E+01  5.96362E+00  1.00423E+01  1.00624E+01  1.00482E+01  1.00684E+01  2.75173E-04  6.44503E-03
-1.60206E+00  2.03793E+01  7.54312E+00  1.02702E+01  1.02917E+01  1.02755E+01  1.02970E+01  1.98338E-04  5.71806E-03
-1.60206E+00  2.03793E+01  9.54095E+00  1.04650E+01  1.04875E+01  1.04698E+01  1.04923E+01  1.42869E-04  5.07310E-03
-1.60206E+00  2.03793E+01  1.20679E+01  1.06611E+01  1.06838E+01  1.06654E+01  1.06881E+01  1.02854E-04  4.50088E-03
-1.60206E+00  2.03793E+01  1.52642E+01  1.10270E+01  1.10391E+01  1.10308E+01  1.10429E+01  7.40053E-05  3.99322E-03
-1.60206E+00  2.03793E+01  1.93070E+01  1.12239E+01  1.12392E+01  1.12273E+01  1.12426E+01  5.32199E-05  3.54281E-03
-1.60206E+00  2.03793E+01  2.44205E+01  1.14061E+01  1.14257E+01  1.14091E+01  1.14288E+01  3.82531E-05  3.14321E-03
-1.60206E+00  2.03793E+01  3.08884E+01  1.16559E+01  1.16768E+01  1.16586E+01  1.16795E+01  2.74820E-05  2.78868E-03
-1.60206E+00  2.03793E+01  3.90694E+01  1.19080E+01  1.19316E+01  1.19104E+01  1.19340E+01  1.97346E-05  2.47414E-03
-1.60206E+00  2.03793E+01  4.94171E+01  1.21000E+01  1.21178E+01  1.21022E+01  1.21199E+01  1.41650E-05  2.19507E-03
-1.60206E+00  2.03793E+01  6.25055E+01  1.23728E+01  1.23888E+01  1.23747E+01  1.23907E+01  1.01630E-05  1.94749E-03
-1.60206E+00  2.03793E+01  7.90604E+01  1.25949E+01  1.26081E+01  1.25966E+01  1.26098E+01  7.28867E-06  1.72783E-03
-1.60206E+00  2.03793E+01  1.00000E+02  1.28174E+01  1.28216E+01  1.28189E+01  1.28231E+01  5.22522E-06  1.53294E-03
# T =  0  2.50000E-02
# D =  5  5.29832E+20
-1.60206E+00  2.07241E+01  1.00000E-03  3.64540E-01  7.69214E-01  4.49386E-01  6.94696E-01  5.96355E-02  1.78769E-01
-1.60206E+00  2.07241E+01  1.26486E-03  5.82772E-01  1.06433E+00  6.62509E-01  9.06351E-01  8.39202E-02  1.94895E-01
-1.60206E+00  2.07241E+01  1.59986E-03  1.08165E+00  1.34547E+00  9.60630E-01  1.12326E+00  1.15460E-01  2.06514E-01
-1.60206E+00  2.07241E+01  2.02359E-03  1.44727E+00  1.61032E+00  1.24518E+00  1.37527E+00  1.55291E-01  2.14128E-01
-1.60206E+00  2.07241E+01  2.55955E-03  1.73609E+00  1.85857E+00  1.55068E+00  1.64350E+00  2.04101E-01  2.18462E-01
-1.60206E+00  2.07241E+01  3.23746E-03  2.01612E+00  2.09412E+00  1.83478E+00  1.91446E+00  2.61893E-01  2.19455E-01
-1.60206E+00  2.07241E+01  4.09492E-03  2.27759E+00  2.32527E+00  2.11624E+00  2.19760E+00  3.27427E-01  2.15697E-01
-1.60206E+00  2.07241E+01  5.17947E-03  2.54628E+00  2.56325E+00  2.41891E+00  2.47022E+00  3.97406E-01  2.07273E-01
-1.60206E+00  2.07241E+01  6.55129E-03  2.77976E+00  2.79841E+00  2.69057E+00  2.70788E+00  4.65603E-01  1.94140E-01
-1.60206E+00  2.07241E+01  8.28643E-03  3.02492E+00  3.03888E+00  2.95418E+00  2.97337E+00  5.22604E-01  1.75433E-01
-1.60206E+00  2.07241E+01  1.04811E-02  3.26574E+00  3.28959E+00  3.21364E+00  3.23144E+00  5.57294E-01  1.52195E-01
-1.60206E+00  2.07241E+01  1.32571E-02  3.51041E+00  3.52800E+00  3.47368E+00  3.49259E+00  5.60733E-01  1.30395E-01
-1.60206E+00  2.07241E+01  1.67683E-02  3.76083E+00  3.75461E+00  3.73457E+00  3.72963E+00  5.30805E-01  1.13899E-01
-1.60206E+00  2.07241E+01  2.12095E-02  3.97003E+00  4.01280E+00  3.95756E+00  3.99944E+00  4.73962E-01  1.00552E-01
-1.60206E+00  2.07241E+01  2.68270E-02  4.22558E+00  4.22718E+00  4.21560E+00  4.22183E+00  4.02163E-01  8.81115E-02
-1.60206E+00  2.07241E+01  3.39322E-02  4.45799E+00  4.45256E+00  4.45858E+00  4.45326E+00  3.27513E-01  7.66606E-02
-1.60206E+00  2.07241E+01  4.29193E-02  4.71746E+00  4.72574E+00  4.72355E+00  4.73199E+00  2.58566E-01  6.65265E-02
-1.60206E+00  2.07241E+01  5.42868E-02  4.93407E+00  4.93185E+00  4.94340E+00  4.94094E+00  1.99594E-01  5.74016E-02
-1.60206E+00  2.07241E+01  6.86649E-02  5.18472E+00  5.18509E+00  5.19587E+00  5.19544E+00  1.51639E-01  4.97673E-02
-1.60206E+00  2.07241E+01  8.68511E-02  5.40398E+00  5.40011E+00  5.42027E+00  5.41637E+00  1.13922E-01  4.71186E-02
-1.60206E+00  2.07241E+01  1.09854E-01  5.65002E+00  5.64640E+00  5.67160E+00  5.66792E+00  8.49090E-02  4.61813E-02
-1.60206E+00  2.07241E+01  1.38950E-01  5.86701E+00  5.87234E+00  5.89119E+00  5.89649E+00  6.29224E-02  4.37669E-02
-1.60206E+00  2.07241E+01  1.75751E-01  6.12400E+00  6.12271E+00  6.14730E+00  6.14600E+00  4.64300E-02  3.88326E-02
-1.60206E+00  2.07241E+01  2.22300E-01  6.36109E+00  6.34746E+00  6.38317E+00  6.36953E+00  3.41480E-02  3.44428E-02
-1.60206E+00  2.07241E+01  2.81177E-01  6.61445E+00  6.61029E+00  6.63514E+00  6.63097E+00  2.50491E-02  3.05507E-02
-1.60206E+00  2.07241E+01  3.55648E-01  6.80517E+00  6.80557E+00  6.82456E+00  6.82495E+00  1.83350E-02  2.70994E-02
-1.60206E+00  2.07241E+01  4.49843E-01  7.03340E+00  7.03558E+00  7.05129E+00  7.05348E+00  1.33959E-02  2.40387E-02
-1.60206E+00  2.07241E+01  5.68987E-01  7.31126E+00  7.31338E+00  7.32765E+00  7.32977E+00  9.77161E-03  2.13242E-02
-1.60206E+00  2.07241E+01  7.19686E-01  7.50217E+00  7.50119E+00  7.51722E+00  7.51625E+00  7.11775E-03  1.89165E-02
-1.60206E+00  2.07241E+01  9.10298E-01  7.72849E+00  7.73932E+00  7.74225E+00  7.75308E+00  5.17799E-03  1.67809E-02
-1.60206E+00  2.07241E+01  1.15140E+00  7.99820E+00  8.01524E+00  8.01068E+00  8.02772E+00  3.76243E-03  1.48866E-02
-1.60206E+00  2.07241E+01  1.45635E+00  8.23971E+00  8.23885E+00  8.25096E+00  8.25010E+00  2.73089E-03  1.32063E-02
-1.60206E+00  2.07241E+01  1.84207E+00  8.46096E+00  8.46207E+00  8.47118E+00  8.47228E+00  1.98017E-03  1.17157E-02
-1.60206E+00  2.07241E+01  2.32995E+00  8.67218E+00  8.67560E+00  8.68136E+00  8.68479E+00  1.43447E-03  1.03934E-02
-1.60206E+00  2.07241E+01  2.94705E+00  8.93165E+00  8.93334E+00  8.93994E+00  8.94163E+00  1.03824E-03  9.22038E-03
-1.60206E+00  2.07241E+01  3.72759E+00  9.13623E+00  9.13098E+00  9.14368E+00  9.13842E+00  7.50828E-04  8.17979E-03
-1.60206E+00  2.07241E+01  4.71487E+00  9.41967E+00  9.42457E+00  9.42632E+00  9.43121E+00  5.42557E-04  7.25665E-03
-1.60206E+00  2.07241E+01  5.96362E+00  9.60604E+00  9.60834E+00  9.61200E+00  9.61431E+00  3.91768E-04  6.43771E-03
-1.60206E+00  2.07241E+01  7.54312E+00  9.87859E+00  9.88366E+00  9.88393E+00  9.88901E+00  2.82688E-04  5.71120E-03
-1.60206E+00  2.07241E+01  9.54095E+00  1.01065E+01  1.01126E+01  1.01113E+01  1.01174E+01  2.03844E-04  5.06668E-03
-1.60206E+00  2.07241E+01  1.20679E+01  1.03428E+01  1.03473E+01  1.03470E+01  1.03516E+01  1.46897E-04  4.49491E-03
-1.60206E+00  2.07241E+01  1.52642E+01  1.05293E+01  1.05385E+01  1.05332E+01  1.05423E+01  1.05796E-04  3.98766E-03
-1.60206E+00  2.07241E+01  1.93070E+01  1.07921E+01  1.07962E+01  1.07955E+01  1.07996E+01  7.61506E-05  3.53766E-03
-1.60206E+00  2.07241E+01  2.44205E+01  1.10883E+01  1.10938E+01  1.10913E+01  1.10968E+01  5.47825E-05  3.13844E-03
-1.60206E+00  2.07241E+01  3.08884E+01  1.12902E+01  1.12910E+01  1.12929E+01  1.12937E+01  3.93898E-05  2.78427E-03
-1.60206E+00  2.07241E+01  3.90694E+01  1.15216E+01  1.15244E+01  1.15240E+01  1.15268E+01  2.83081E-05  2.47007E-03
-1.60206E+00  2.07241E+01  4.94171E+01  1.17369E+01  1.17426E+01  1.17390E+01  1.17447E+01  2.03343E-05  2.19133E-03
-1.60206E+00  2.07241E+01  6.25055E+01  1.19686E+01  1.19899E+01  1.19705E+01  1.19918E+01  1.45999E-05  1.94405E-03
-1.60206E+00  2.07241E+01  7.90604E+01  1.22586E+01  1.22790E+01  1.22603E+01  1.22807E+01  1.04780E-05  1.72467E-03
-1.60206E+00  2.07241E+01  1.00000E+02  1.24388E+01  1.24575E+01  1.24403E+01  1.24590E+01  7.51671E-06  1.53004E-03
# T =  0  2.50000E-02
# D =  6  1.17210E+21
-1.60206E+00  2.10690E+01  1.00000E-03  1.78275E-01  4.04771E-01  2.62037E-01  4.47444E-01  3.67213E-02  1.24219E-01
-1.60206E+00  2.10690E+01  1.26486E-03  2.70173E-01  5.59018E-01  3.55696E-01  5.74609E-01  5.37049E-02  1.45503E-01
-1.60206E+00  2.10690E+01  1.59986E-03  4.12817E-01  7.69140E-01  4.90033E-01  7.46439E-01  7.66975E-02  1.64437E-01
-1.60206E+00  2.10690E+01  2.02359E-03  6.52135E-01  1.10456E+00  7.41745E-01  1.00394E+00  1.07021E-01  1.79828E-01
-1.60206E+00  2.10690E+01  2.55955E-03  1.16855E+00  1.38937E+00  1.09924E+00  1.25186E+00  1.45877E-01  1.90781E-01
-1.60206E+00  2.10690E+01  3.23746E-03  1.50542E+00  1.65336E+00  1.41240E+00  1.51150E+00  1.94110E-01  1.97483E-01
-1.60206E+00  2.10690E+01  4.09492E-03  1.79870E+00  1.90515E+00  1.70559E+00  1.77393E+00  2.51841E-01  1.99759E-01
-1.60206E+00  2.10690E+01  5.17947E-03  2.08573E+00  2.13636E+00  1.98382E+00  2.06951E+00  3.17891E-01  1.96001E-01
-1.60206E+00  2.10690E+01  6.55129E-03  2.35440E+00  2.40769E+00  2.28293E+00  2.33101E+00  3.88945E-01  1.86066E-01
-1.60206E+00  2.10690E+01  8.28643E-03  2.61107E+00  2.64650E+00  2.55206E+00  2.59102E+00  4.58659E-01  1.70436E-01
-1.60206E+00  2.10690E+01  1.04811E-02  2.84983E+00  2.88663E+00  2.80808E+00  2.84464E+00  5.17403E-01  1.50481E-01
-1.60206E+00  2.10690E+01  1.32571E-02  3.09081E+00  3.12853E+00  3.05951E+00  3.09766E+00  5.53806E-01  1.29711E-01
-1.60206E+00  2.10690E+01  1.67683E-02  3.34008E+00  3.37106E+00  3.30935E+00  3.35277E+00  5.58722E-01  1.13056E-01
-1.60206E+00  2.10690E+01  2.12095E-02  3.57989E+00  3.58284E+00  3.57116E+00  3.57166E+00  5.29954E-01  9.97967E-02
-1.60206E+00  2.10690E+01  2.68270E-02  3.81061E+00  3.83678E+00  3.80735E+00  3.83332E+00  4.73982E-01  8.76635E-02
-1.60206E+00  2.10690E+01  3.39322E-02  4.06913E+00  4.06756E+00  4.06928E+00  4.07023E+00  4.02803E-01  7.64066E-02
-1.60206E+00  2.10690E+01  4.29193E-02  4.28481E+00  4.32178E+00  4.29261E+00  4.32688E+00  3.28553E-01  6.63608E-02
-1.60206E+00  2.10690E+01  5.42868E-02  4.54035E+00  4.53409E+00  4.55027E+00  4.54385E+00  2.59812E-01  5.73206E-02
-1.60206E+00  2.10690E+01  6.86649E-02  4.78177E+00  4.77372E+00  4.79303E+00  4.78492E+00  2.00890E-01  4.94552E-02
-1.60206E+00  2.10690E+01  8.68511E-02  4.99431E+00  4.99893E+00  5.00643E+00  5.01096E+00  1.52875E-01  4.26242E-02
-1.60206E+00  2.10690E+01  1.09854E-01  5.24509E+00  5.23736E+00  5.25743E+00  5.24963E+00  1.15034E-01  3.67202E-02
-1.60206E+00  2.10690E+01  1.38950E-01  5.46351E+00  5.45999E+00  5.47744E+00  5.47389E+00  8.58686E-02  3.33881E-02
-1.60206E+00  2.10690E+01  1.75751E-01  5.71527E+00  5.71170E+00  5.73339E+00  5.72983E+00  6.37248E-02  3.36327E-02
-1.60206E+00  2.10690E+01  2.22300E-01  5.93244E+00  5.93290E+00  5.95406E+00  5.95455E+00  4.70854E-02  3.39602E-02
-1.60206E+00  2.10690E+01  2.81177E-01  6.18752E+00  6.18149E+00  6.21203E+00  6.20602E+00  3.46733E-02  3.42909E-02
-1.60206E+00  2.10690E+01  3.55648E-01  6.41528E+00  6.41206E+00  6.44215E+00  6.43892E+00  2.54641E-02  3.46246E-02
-1.60206E+00  2.10690E+01  4.49843E-01  6.67780E+00  6.68396E+00  6.70659E+00  6.71275E+00  1.86590E-02  3.49614E-02
-1.60206E+00  2.10690E+01  5.68987E-01  6.89507E+00  6.90159E+00  6.92554E+00  6.93206E+00  1.36463E-02  3.53015E-02
-1.60206E+00  2.10690E+01  7.19686E-01  7.10078E+00  7.10844E+00  7.13256E+00  7.14022E+00  9.96367E-03  3.56447E-02
-1.60206E+00  2.10690E+01  9.10298E-01  7.37413E+00  7.37538E+00  7.40705E+00  7.40829E+00  7.26401E-03  3.59913E-02
-1.60206E+00  2.10690E+01  1.15140E+00  7.60673E+00  7.59937E+00  7.64066E+00  7.63329E+00  5.28871E-03  3.63412E-02
-1.60206E+00  2.10690E+01  1.45635E+00  7.79619E+00  7.80365E+00  7.83101E+00  7.83847E+00  3.84582E-03  3.66945E-02
-1.60206E+00  2.10690E+01  1.84207E+00  8.08546E+00  8.08909E+00  8.12099E+00  8.12462E+00  2.79342E-03  3.70512E-02
-1.60206E+00  2.10690E+01  2.32995E+00  8.32625E+00  8.32855E+00  8.36245E+00  8.36475E+00  2.02688E-03  3.74114E-02
-1.60206E+00  2.10690E+01  2.94705E+00  8.52135E+00  8.52806E+00  8.55818E+00  8.56489E+00  1.46924E-03  3.77750E-02
-1.60206E+00  2.10690E+01  3.72759E+00  8.80292E+00  8.80592E+00  8.84031E+00  8.84331E+00  1.06404E-03  3.81421E-02
-1.60206E+00  2.10690E+01  4.71487E+00  8.98251E+00  8.99241E+00  9.02045E+00  9.03035E+00  7.69921E-04  3.85128E-02
-1.60206E+00  2.10690E+01  5.96362E+00  9.24830E+00  9.25823E+00  9.28671E+00  9.29665E+00  5.56650E-04  3.88871E-02
-1.60206E+00  2.10690E+01  7.54312E+00  9.47549E+00  9.47732E+00  9.51437E+00  9.51621E+00  4.02147E-04  3.92650E-02
-1.60206E+00  2.10690E+01  9.54095E+00  9.74217E+00  9.75529E+00  9.78152E+00  9.79464E+00  2.90316E-04  3.96466E-02
-1.60206E+00  2.10690E+01  1.20679E+01  9.94865E+00  9.96633E+00  9.98845E+00  1.00061E+01  2.09440E-04  4.00319E-02
-1.60206E+00  2.10690E+01  1.52642E+01  1.01669E+01  1.01790E+01  1.02071E+01  1.02192E+01  1.50995E-04  4.04210E-02
-1.60206E+00  2.10690E+01  1.93070E+01  1.03977E+01  1.04100E+01  1.04383E+01  1.04506E+01  1.08792E-04  4.08138E-02
-1.60206E+00  2.10690E+01  2.44205E+01  1.05864E+01  1.05974E+01  1.06275E+01  1.06385E+01  7.83378E-05  4.12104E-02
-1.60206E+00  2.10690E+01  3.08884E+01  1.09598E+01  1.09682E+01  1.10014E+01  1.10097E+01  5.63770E-05  4.16109E-02
-1.60206E+00  2.10690E+01  3.90694E+01  1.11467E+01  1.11600E+01  1.11886E+01  1.12019E+01  4.05508E-05  4.20153E-02
-1.60206E+00  2.10690E+01  4.94171E+01  1.13398E+01  1.13478E+01  1.13822E+01  1.13902E+01  2.91524E-05  4.24236E-02
-1.60206E+00  2.10690E+01  6.25055E+01  1.15922E+01  1.15981E+01  1.16349E+01  1.16409E+01  2.09476E-05  4.28359E-02
-1.60206E+00  2.10690E+01  7.90604E+01  1.18249E+01  1.18397E+01  1.18681E+01  1.18829E+01  1.50449E-05  4.32522E-02
-1.60206E+00  2.10690E+01  1.00000E+02  1.20161E+01  1.20226E+01  1.20598E+01  1.20663E+01  1.08007E-05  4.36725E-02
# T =  0  2.50000E-02
# D =  7  2.59294E+21
-1.60206E+00  2.14138E+01  1.00000E-03  9.19912E-02  2.06507E-01  1.43766E-01  2.59317E-01  2.03739E-02  6.90767E-02
-1.60206E+00  2.14138E+01  1.26486E-03  1.36809E-01  2.88742E-01  1.99856E-01  3.41188E-01  3.11860E-02  8.87091E-02
-1.60206E+00  2.14138E+01  1.59986E-03  2.04303E-01  4.02408E-01  2.75327E-01  4.47779E-01  4.63886E-02  1.08552E-01
-1.60206E+00  2.14138E+01  2.02359E-03  3.06540E-01  5.58408E-01  3.80358E-01  5.88877E-01  6.72793E-02  1.27838E-01
-1.60206E+00  2.14138E+01  2.55955E-03  4.63381E-01  7.72402E-01  5.32141E-01  7.79712E-01  9.52658E-02  1.45041E-01
-1.60206E+00  2.14138E+01  3.23746E-03  7.24026E-01  1.11262E+00  8.15303E-01  1.07957E+00  1.31697E-01  1.58409E-01
-1.60206E+00  2.14138E+01  4.09492E-03  1.25178E+00  1.42853E+00  1.21660E+00  1.36647E+00  1.77604E-01  1.67622E-01
-1.60206E+00  2.14138E+01  5.17947E-03  1.57979E+00  1.69412E+00  1.53202E+00  1.63231E+00  2.33316E-01  1.72074E-01
-1.60206E+00  2.14138E+01  6.55129E-03  1.87129E+00  1.94636E+00  1.83305E+00  1.88892E+00  2.97874E-01  1.70640E-01
-1.60206E+00  2.14138E+01  8.28643E-03  2.16248E+00  2.21724E+00  2.12242E+00  2.17676E+00  3.68202E-01  1.61836E-01
-1.60206E+00  2.14138E+01  1.04811E-02  2.42286E+00  2.45892E+00  2.38922E+00  2.42724E+00  4.38203E-01  1.46576E-01
-1.60206E+00  2.14138E+01  1.32571E-02  2.66290E+00  2.69847E+00  2.63788E+00  2.67871E+00  4.98431E-01  1.28549E-01
-1.60206E+00  2.14138E+01  1.67683E-02  2.93417E+00  2.93884E+00  2.92098E+00  2.92387E+00  5.37503E-01  1.11939E-01
-1.60206E+00  2.14138E+01  2.12095E-02  3.18154E+00  3.18386E+00  3.17149E+00  3.17574E+00  5.45951E-01  9.86948E-02
-1.60206E+00  2.14138E+01  2.68270E-02  3.42743E+00  3.43148E+00  3.42860E+00  3.43052E+00  5.20982E-01  8.70143E-02
-1.60206E+00  2.14138E+01  3.39322E-02  3.64343E+00  3.67419E+00  3.64448E+00  3.67927E+00  4.68442E-01  7.60837E-02
-1.60206E+00  2.14138E+01  4.29193E-02  3.89874E+00  3.89011E+00  3.90477E+00  3.89886E+00  3.99931E-01  6.61618E-02
-1.60206E+00  2.14138E+01  5.42868E-02  4.12587E+00  4.14589E+00  4.13702E+00  4.15459E+00  3.27495E-01  5.72400E-02
-1.60206E+00  2.14138E+01  6.86649E-02  4.38016E+00  4.38184E+00  4.39125E+00  4.39343E+00  2.59846E-01  4.94110E-02
-1.60206E+00  2.14138E+01  8.68511E-02  4.59269E+00  4.59761E+00  4.60525E+00  4.61007E+00  2.01495E-01  4.26076E-02
-1.60206E+00  2.14138E+01  1.09854E-01  4.83936E+00  4.83558E+00  4.85200E+00  4.84812E+00  1.53717E-01  3.67311E-02
-1.60206E+00  2.14138E+01  1.38950E-01  5.10549E+00  5.10407E+00  5.11968E+00  5.11823E+00  1.15920E-01  3.34522E-02
-1.60206E+00  2.14138E+01  1.75751E-01  5.31686E+00  5.32041E+00  5.33510E+00  5.33861E+00  8.66966E-02  3.35903E-02
-1.60206E+00  2.14138E+01  2.22300E-01  5.57009E+00  5.57235E+00  5.59180E+00  5.59401E+00  6.44499E-02  3.39386E-02
-1.60206E+00  2.14138E+01  2.81177E-01  5.79157E+00  5.79787E+00  5.81612E+00  5.82243E+00  4.76949E-02  3.42902E-02
-1.60206E+00  2.14138E+01  3.55648E-01  6.05198E+00  6.04500E+00  6.07891E+00  6.07193E+00  3.51715E-02  3.46452E-02
-1.60206E+00  2.14138E+01  4.49843E-01  6.24495E+00  6.23888E+00  6.27383E+00  6.26776E+00  2.58631E-02  3.50038E-02
-1.60206E+00  2.14138E+01  5.68987E-01  6.47861E+00  6.47065E+00  6.50911E+00  6.50114E+00  1.89736E-02  3.53659E-02
-1.60206E+00  2.14138E+01  7.19686E-01  6.73049E+00  6.73768E+00  6.76237E+00  6.76955E+00  1.38914E-02  3.57316E-02
-1.60206E+00  2.14138E+01  9.10298E-01  6.96154E+00  6.95811E+00  6.99461E+00  6.99118E+00  1.01528E-02  3.61011E-02
-1.60206E+00  2.14138E+01  1.15140E+00  7.23346E+00  7.22913E+00  7.26751E+00  7.26317E+00  7.40874E-03  3.64742E-02
-1.60206E+00  2.14138E+01  1.45635E+00  7.43124E+00  7.42878E+00  7.46617E+00  7.46371E+00  5.39874E-03  3.68512E-02
-1.60206E+00  2.14138E+01  1.84207E+00  7.65919E+00  7.65551E+00  7.69491E+00  7.69123E+00  3.92899E-03  3.72321E-02
-1.60206E+00  2.14138E+01  2.32995E+00  7.92643E+00  7.93050E+00  7.96288E+00  7.96694E+00  2.85598E-03  3.76168E-02
-1.60206E+00  2.14138E+01  2.94705E+00  8.14723E+00  8.15778E+00  8.18427E+00  8.19482E+00  2.07373E-03  3.80055E-02
-1.60206E+00  2.14138E+01  3.72759E+00  8.37851E+00  8.38787E+00  8.41615E+00  8.42552E+00  1.50419E-03  3.83981E-02
-1.60206E+00  2.14138E+01  4.71487E+00  8.58660E+00  8.58747E+00  8.62480E+00  8.62567E+00  1.09003E-03  3.87948E-02
-1.60206E+00  2.14138E+01  5.96362E+00  8.85721E+00  8.85842E+00  8.89594E+00  8.89715E+00  7.89195E-04  3.91956E-02
-1.60206E+00  2.14138E+01  7.54312E+00  9.04675E+00  9.04325E+00  9.08600E+00  9.08249E+00  5.70902E-04  3.96006E-02
-1.60206E+00  2.14138E+01  9.54095E+00  9.34293E+00  9.33989E+00  9.38264E+00  9.37960E+00  4.12659E-04  4.00097E-02
-1.60206E+00  2.14138E+01  1.20679E+01  9.54371E+00  9.53431E+00  9.58389E+00  9.57449E+00  2.98053E-04  4.04230E-02
-1.60206E+00  2.14138E+01  1.52642E+01  9.79881E+00  9.80434E+00  9.83947E+00  9.84500E+00  2.15122E-04  4.08406E-02
-1.60206E+00  2.14138E+01  1.93070E+01  1.00329E+01  1.00298E+01  1.00740E+01  1.00709E+01  1.55161E-04  4.12624E-02
-1.60206E+00  2.14138E+01  2.44205E+01  1.02688E+01  1.02676E+01  1.03103E+01  1.03092E+01  1.11841E-04  4.16887E-02
-1.60206E+00  2.14138E+01  3.08884E+01  1.04582E+01  1.04611E+01  1.05003E+01  1.05031E+01  8.05662E-05  4.21193E-02
-1.60206E+00  2.14138E+01  3.90694E+01  1.06583E+01  1.06563E+01  1.07008E+01  1.06988E+01  5.80031E-05  4.25544E-02
-1.60206E+00  2.14138E+01  4.94171E+01  1.10169E+01  1.10161E+01  1.10599E+01  1.10590E+01  4.17358E-05  4.29940E-02
-1.60206E+00  2.14138E+01  6.25055E+01  1.11973E+01  1.12039E+01  1.12407E+01  1.12473E+01  3.00148E-05  4.34381E-02
-1.60206E+00  2.14138E+01  7.90604E+01  1.14144E+01  1.14078E+01  1.14583E+01  1.14516E+01  2.15746E-05  4.38868E-02
-1.60206E+00  2.14138E+01  1.00000E+02  1.16512E+01  1.16431E+01  1.16955E+01  1.16874E+01  1.55003E-05  4.43402E-02
# T =  0  2.50000E-02
# D =  8  5.73615E+21
-1.60206E+00  2.17586E+01  1.00000E-03  4.92419E-02  1.04482E-01  7.56369E-02  1.36946E-01  1.00337E-02  3.37882E-02
-1.60206E+00  2.17586E+01  1.26486E-03  7.21779E-02  1.46900E-01  1.06833E-01  1.84714E-01  1.63723E-02  4.55863E-02
-1.60206E+00  2.17586E+01  1.59986E-03  1.06095E-01  2.06202E-01  1.50461E-01  2.49087E-01  2.56393E-02  6.03492E-02
-1.60206E+00  2.17586E+01  2.02359E-03  1.56432E-01  2.88838E-01  2.11297E-01  3.35622E-01  3.88598E-02  7.79245E-02
-1.60206E+00  2.17586E+01  2.55955E-03  2.31495E-01  4.03502E-01  2.94995E-01  4.50429E-01  5.72932E-02  9.62552E-02
-1.60206E+00  2.17586E+01  3.23746E-03  3.44082E-01  5.61842E-01  4.12197E-01  6.03577E-01  8.23724E-02  1.13840E-01
-1.60206E+00  2.17586E+01  4.09492E-03  5.14984E-01  7.80246E-01  5.81032E-01  8.10267E-01  1.15554E-01  1.28622E-01
-1.60206E+00  2.17586E+01  5.17947E-03  7.97794E-01  1.14186E+00  9.48179E-01  1.15134E+00  1.58057E-01  1.39547E-01
-1.60206E+00  2.17586E+01  6.55129E-03  1.32247E+00  1.46644E+00  1.32355E+00  1.43860E+00  2.10468E-01  1.45178E-01
-1.60206E+00  2.17586E+01  8.28643E-03  1.64215E+00  1.73942E+00  1.65687E+00  1.72879E+00  2.72154E-01  1.44766E-01
-1.60206E+00  2.17586E+01  1.04811E-02  1.93365E+00  2.02599E+00  1.95419E+00  2.00837E+00  3.40445E-01  1.37415E-01
-1.60206E+00  2.17586E+01  1.32571E-02  2.22778E+00  2.26447E+00  2.21783E+00  2.25732E+00  4.09725E-01  1.24451E-01
-1.60206E+00  2.17586E+01  1.67683E-02  2.50398E+00  2.52658E+00  2.49404E+00  2.51118E+00  4.70998E-01  1.09568E-01
-1.60206E+00  2.17586E+01  2.12095E-02  2.74062E+00  2.76634E+00  2.74142E+00  2.76551E+00  5.13066E-01  9.64676E-02
-1.60206E+00  2.17586E+01  2.68270E-02  2.98791E+00  3.00329E+00  2.99323E+00  3.00914E+00  5.26121E-01  8.54248E-02
-1.60206E+00  2.17586E+01  3.39322E-02  3.23560E+00  3.25447E+00  3.23987E+00  3.26211E+00  5.06491E-01  7.51280E-02
-1.60206E+00  2.17586E+01  4.29193E-02  3.48147E+00  3.48927E+00  3.48971E+00  3.49905E+00  4.58980E-01  6.55181E-02
-1.60206E+00  2.17586E+01  5.42868E-02  3.72871E+00  3.73081E+00  3.73885E+00  3.74239E+00  3.94476E-01  5.68566E-02
-1.60206E+00  2.17586E+01  6.86649E-02  3.94324E+00  3.98625E+00  3.95635E+00  3.99906E+00  3.24826E-01  4.91542E-02
-1.60206E+00  2.17586E+01  8.68511E-02  4.20227E+00  4.19247E+00  4.21565E+00  4.20547E+00  2.58904E-01  4.24360E-02
-1.60206E+00  2.17586E+01  1.09854E-01  4.43807E+00  4.43711E+00  4.45118E+00  4.45012E+00  2.01516E-01  3.66777E-02
-1.60206E+00  2.17586E+01  1.38950E-01  4.69862E+00  4.69491E+00  4.71316E+00  4.70937E+00  1.54210E-01  3.34544E-02
-1.60206E+00  2.17586E+01  1.75751E-01  4.91744E+00  4.91438E+00  4.93570E+00  4.93258E+00  1.16596E-01  3.33923E-02
-1.60206E+00  2.17586E+01  2.22300E-01  5.16007E+00  5.15155E+00  5.18173E+00  5.17318E+00  8.73973E-02  3.37555E-02
-1.60206E+00  2.17586E+01  2.81177E-01  5.38202E+00  5.37683E+00  5.40651E+00  5.40129E+00  6.50975E-02  3.41221E-02
-1.60206E+00  2.17586E+01  3.55648E-01  5.63163E+00  5.62776E+00  5.65845E+00  5.65457E+00  4.82570E-02  3.44923E-02
-1.60206E+00  2.17586E+01  4.49843E-01  5.85068E+00  5.84759E+00  5.87946E+00  5.87636E+00  3.56407E-02  3.48662E-02
-1.60206E+00  2.17586E+01  5.68987E-01  6.10659E+00  6.10440E+00  6.13701E+00  6.13481E+00  2.62444E-02  3.52439E-02
-1.60206E+00  2.17586E+01  7.19686E-01  6.34014E+00  6.33041E+00  6.37193E+00  6.36220E+00  1.92776E-02  3.56255E-02
-1.60206E+00  2.17586E+01  9.10298E-01  6.59802E+00  6.59033E+00  6.63099E+00  6.62329E+00  1.41303E-02  3.60110E-02
-1.60206E+00  2.17586E+01  1.15140E+00  6.79219E+00  6.78910E+00  6.82619E+00  6.82310E+00  1.03383E-02  3.64007E-02
-1.60206E+00  2.17586E+01  1.45635E+00  7.02052E+00  7.01960E+00  7.05542E+00  7.05450E+00  7.55154E-03  3.67944E-02
-1.60206E+00  2.17586E+01  1.84207E+00  7.29264E+00  7.29175E+00  7.32831E+00  7.32742E+00  5.50780E-03  3.71923E-02
-1.60206E+00  2.17586E+01  2.32995E+00  7.49696E+00  7.48751E+00  7.53336E+00  7.52391E+00  4.01175E-03  3.75945E-02
-1.60206E+00  2.17586E+01  2.94705E+00  7.72770E+00  7.72197E+00  7.76476E+00  7.75903E+00  2.91844E-03  3.80009E-02
-1.60206E+00  2.17586E+01  3.72759E+00  7.99185E+00  7.99333E+00  8.02953E+00  8.03100E+00  2.12064E-03  3.84117E-02
-1.60206E+00  2.17586E+01  4.71487E+00  8.20998E+00  8.22025E+00  8.24820E+00  8.25848E+00  1.53929E-03  3.88269E-02
-1.60206E+00  2.17586E+01  5.96362E+00  8.44202E+00  8.44121E+00  8.48080E+00  8.47999E+00  1.11619E-03  3.92466E-02
-1.60206E+00  2.17586E+01  7.54312E+00  8.64416E+00  8.64690E+00  8.68346E+00  8.68620E+00  8.08626E-04  3.96708E-02
-1.60206E+00  2.17586E+01  9.54095E+00  8.91418E+00  8.90837E+00  8.95399E+00  8.94818E+00  5.85296E-04  4.00995E-02
-1.60206E+00  2.17586E+01  1.20679E+01  9.10776E+00  9.10750E+00  9.14807E+00  9.14781E+00  4.23294E-04  4.05329E-02
-1.60206E+00  2.17586E+01  1.52642E+01  9.41281E+00  9.40262E+00  9.45359E+00  9.44340E+00  3.05892E-04  4.09710E-02
-1.60206E+00  2.17586E+01  1.93070E+01  9.59323E+00  9.59089E+00  9.63450E+00  9.63216E+00  2.20888E-04  4.14137E-02
-1.60206E+00  2.17586E+01  2.44205E+01  9.86200E+00  9.85748E+00  9.90375E+00  9.89923E+00  1.59394E-04  4.18613E-02
-1.60206E+00  2.17586E+01  3.08884E+01  1.00926E+01  1.00862E+01  1.01348E+01  1.01284E+01  1.14942E-04  4.23137E-02
-1.60206E+00  2.17586E+01  3.90694E+01  1.03230E+01  1.03268E+01  1.03657E+01  1.03695E+01  8.28350E-05  4.27709E-02
-1.60206E+00  2.17586E+01  4.94171E+01  1.05155E+01  1.05217E+01  1.05587E+01  1.05648E+01  5.96603E-05  4.32332E-02
-1.60206E+00  2.17586E+01  6.25055E+01  1.07465E+01  1.07480E+01  1.07901E+01  1.07916E+01  4.29446E-05  4.37004E-02
-1.60206E+00  2.17586E+01  7.90604E+01  1.10767E+01  1.10848E+01  1.11208E+01  1.11289E+01  3.08953E-05  4.41726E-02
-1.60206E+00  2.17586E+01  1.00000E+02  1.12708E+01  1.12754E+01  1.13154E+01  1.13200E+01  2.22152E-05  4.46499E-02
# T =  0  2.50000E-02
# D =  9  1.26896E+22
-1.60206E+00  2.21034E+01  1.00000E-03  2.70078E-02  5.30370E-02  3.96675E-02  6.85687E-02  4.18341E-03  1.58154E-02
-1.60206E+00  2.21034E+01  1.26486E-03  3.91534E-02  7.47431E-02  5.63192E-02  9.44151E-02  7.54694E-03  2.17934E-02
-1.60206E+00  2.21034E+01  1.59986E-03  5.68753E-02  1.05238E-01  7.98649E-02  1.29823E-01  1.27555E-02  2.97268E-02
-1.60206E+00  2.21034E+01  2.02359E-03  8.27958E-02  1.48033E-01  1.13016E-01  1.78194E-01  2.05208E-02  3.99352E-02
-1.60206E+00  2.21034E+01  2.55955E-03  1.20809E-01  2.07914E-01  1.59542E-01  2.44021E-01  3.17739E-02  5.25749E-02
-1.60206E+00  2.21034E+01  3.23746E-03  1.76734E-01  2.91488E-01  2.24763E-01  3.33325E-01  4.76933E-02  6.74679E-02
-1.60206E+00  2.21034E+01  4.09492E-03  2.59359E-01  4.07774E-01  3.15738E-01  4.53487E-01  6.96801E-02  8.32250E-02
-1.60206E+00  2.21034E+01  5.17947E-03  3.82131E-01  5.68938E-01  4.43869E-01  6.15042E-01  9.92432E-02  9.81255E-02
-1.60206E+00  2.21034E+01  6.55129E-03  5.66634E-01  7.92383E-01  6.28141E-01  8.33641E-01  1.37761E-01  1.09816E-01
-1.60206E+00  2.21034E+01  8.28643E-03  8.81141E-01  1.16987E+00  9.68624E-01  1.20346E+00  1.86090E-01  1.17172E-01
-1.60206E+00  2.21034E+01  1.04811E-02  1.37736E+00  1.50276E+00  1.41875E+00  1.51029E+00  2.43979E-01  1.19197E-01
-1.60206E+00  2.21034E+01  1.32571E-02  1.70957E+00  1.79016E+00  1.73849E+00  1.80250E+00  3.09268E-01  1.14922E-01
-1.60206E+00  2.21034E+01  1.67683E-02  2.00829E+00  2.06566E+00  2.01704E+00  2.07757E+00  3.76962E-01  1.05192E-01
-1.60206E+00  2.21034E+01  2.12095E-02  2.30344E+00  2.32990E+00  2.31153E+00  2.33685E+00  4.38695E-01  9.34208E-02
-1.60206E+00  2.21034E+01  2.68270E-02  2.54450E+00  2.57065E+00  2.55828E+00  2.57606E+00  4.83621E-01  8.29946E-02
-1.60206E+00  2.21034E+01  3.39322E-02  2.81001E+00  2.81102E+00  2.82252E+00  2.82355E+00  5.01657E-01  7.36559E-02
-1.60206E+00  2.21034E+01  4.29193E-02  3.05651E+00  3.06261E+00  3.06884E+00  3.06967E+00  4.88143E-01  6.46754E-02
-1.60206E+00  2.21034E+01  5.42868E-02  3.30082E+00  3.30522E+00  3.31245E+00  3.31357E+00  4.46606E-01  5.63762E-02
-1.60206E+00  2.21034E+01  6.86649E-02  3.55620E+00  3.55340E+00  3.57045E+00  3.56459E+00  3.86991E-01  4.88762E-02
-1.60206E+00  2.21034E+01  8.68511E-02  3.78721E+00  3.80674E+00  3.80150E+00  3.82011E+00  3.20818E-01  4.22658E-02
-1.60206E+00  2.21034E+01  1.09854E-01  4.03834E+00  4.04394E+00  4.05223E+00  4.05775E+00  2.57110E-01  3.67171E-02
-1.60206E+00  2.21034E+01  1.38950E-01  4.25426E+00  4.26213E+00  4.26935E+00  4.27523E+00  2.01003E-01  3.35385E-02
-1.60206E+00  2.21034E+01  1.75751E-01  4.52014E+00  4.51263E+00  4.53844E+00  4.53097E+00  1.54371E-01  3.32235E-02
-1.60206E+00  2.21034E+01  2.22300E-01  4.76080E+00  4.75711E+00  4.78258E+00  4.77882E+00  1.17064E-01  3.36732E-02
-1.60206E+00  2.21034E+01  2.81177E-01  4.97590E+00  4.97375E+00  5.00051E+00  4.99835E+00  8.79685E-02  3.41280E-02
-1.60206E+00  2.21034E+01  3.55648E-01  5.22162E+00  5.21819E+00  5.24862E+00  5.24518E+00  6.56640E-02  3.45880E-02
-1.60206E+00  2.21034E+01  4.49843E-01  5.43597E+00  5.44617E+00  5.46497E+00  5.47514E+00  4.87684E-02  3.50537E-02
-1.60206E+00  2.21034E+01  5.68987E-01  5.68755E+00  5.69229E+00  5.71827E+00  5.72300E+00  3.60783E-02  3.55250E-02
-1.60206E+00  2.21034E+01  7.19686E-01  5.91751E+00  5.91489E+00  5.94970E+00  5.94708E+00  2.66063E-02  3.60023E-02
-1.60206E+00  2.21034E+01  9.10298E-01  6.16476E+00  6.16351E+00  6.19821E+00  6.19696E+00  1.95697E-02  3.64857E-02
-1.60206E+00  2.21034E+01  1.15140E+00  6.38726E+00  6.39513E+00  6.42183E+00  6.42970E+00  1.43620E-02  3.69752E-02
-1.60206E+00  2.21034E+01  1.45635E+00  6.66201E+00  6.65266E+00  6.69757E+00  6.68822E+00  1.05196E-02  3.74712E-02
-1.60206E+00  2.21034E+01  1.84207E+00  6.88119E+00  6.87646E+00  6.91767E+00  6.91293E+00  7.69194E-03  3.79736E-02
-1.60206E+00  2.21034E+01  2.32995E+00  7.07239E+00  7.07907E+00  7.10968E+00  7.11636E+00  5.61557E-03  3.84826E-02
-1.60206E+00  2.21034E+01  2.94705E+00  7.36648E+00  7.35391E+00  7.40452E+00  7.39195E+00  4.09389E-03  3.89983E-02
-1.60206E+00  2.21034E+01  3.72759E+00  7.58943E+00  7.59937E+00  7.62821E+00  7.63814E+00  2.98066E-03  3.95209E-02
-1.60206E+00  2.21034E+01  4.71487E+00  7.79043E+00  7.79241E+00  7.82989E+00  7.83188E+00  2.16753E-03  4.00504E-02
-1.60206E+00  2.21034E+01  5.96362E+00  8.06126E+00  8.05494E+00  8.10138E+00  8.09506E+00  1.57446E-03  4.05869E-02
-1.60206E+00  2.21034E+01  7.54312E+00  8.28177E+00  8.27709E+00  8.32252E+00  8.31785E+00  1.14246E-03  4.11306E-02
-1.60206E+00  2.21034E+01  9.54095E+00  8.49472E+00  8.49760E+00  8.53611E+00  8.53899E+00  8.28190E-04  4.16815E-02
-1.60206E+00  2.21034E+01  1.20679E+01  8.78472E+00  8.78427E+00  8.82672E+00  8.82627E+00  5.99816E-04  4.22397E-02
-1.60206E+00  2.21034E+01  1.52642E+01  8.96970E+00  8.96727E+00  9.01232E+00  9.00989E+00  4.34041E-04  4.28055E-02
-1.60206E+00  2.21034E+01  1.93070E+01  9.22013E+00  9.22939E+00  9.26337E+00  9.27263E+00  3.13827E-04  4.33787E-02
-1.60206E+00  2.21034E+01  2.44205E+01  9.45613E+00  9.45977E+00  9.49997E+00  9.50362E+00  2.26733E-04  4.39597E-02
-1.60206E+00  2.21034E+01  3.08884E+01  9.73038E+00  9.73295E+00  9.77484E+00  9.77741E+00  1.63690E-04  4.45484E-02
-1.60206E+00  2.21034E+01  3.90694E+01  9.92702E+00  9.93358E+00  9.97210E+00  9.97865E+00  1.18094E-04  4.51450E-02
-1.60206E+00  2.21034E+01  4.94171E+01  1.01524E+01  1.01567E+01  1.01981E+01  1.02024E+01  8.51433E-05  4.57495E-02
-1.60206E+00  2.21034E+01  6.25055E+01  1.03764E+01  1.03845E+01  1.04227E+01  1.04308E+01  6.13482E-05  4.63622E-02
-1.60206E+00  2.21034E+01  7.90604E+01  1.05725E+01  1.05762E+01  1.06194E+01  1.06232E+01  4.41769E-05  4.69830E-02
-1.60206E+00  2.21034E+01  1.00000E+02  1.09327E+01  1.09350E+01  1.09802E+01  1.09826E+01  3.17938E-05  4.76122E-02
# T =  0  2.50000E-02
# D = 10  2.80722E+22
-1.60206E+00  2.24483E+01  1.00000E-03  1.49995E-02  2.70453E-02  2.06549E-02  3.35180E-02  1.34729E-03  6.99502E-03
-1.60206E+00  2.24483E+01  1.26486E-03  2.15766E-02  3.81811E-02  2.93091E-02  4.67437E-02  2.86167E-03  9.67482E-03
-1.60206E+00  2.24483E+01  1.59986E-03  3.10789E-02  5.38656E-02  4.15855E-02  6.50930E-02  5.46597E-03  1.33113E-02
-1.60206E+00  2.24483E+01  2.02359E-03  4.48294E-02  7.59199E-02  5.89967E-02  9.05058E-02  9.64207E-03  1.81934E-02
-1.60206E+00  2.24483E+01  2.55955E-03  6.47630E-02  1.06906E-01  8.36554E-02  1.25634E-01  1.60215E-02  2.46260E-02
-1.60206E+00  2.24483E+01  3.23746E-03  9.37146E-02  1.50368E-01  1.18516E-01  1.74051E-01  2.54348E-02  3.28820E-02
-1.60206E+00  2.24483E+01  4.09492E-03  1.35854E-01  2.11227E-01  1.67807E-01  2.40665E-01  3.89553E-02  4.31964E-02
-1.60206E+00  2.24483E+01  5.17947E-03  1.97353E-01  2.96240E-01  2.37501E-01  3.32016E-01  5.79059E-02  5.55526E-02
-1.60206E+00  2.24483E+01  6.55129E-03  2.87428E-01  4.14657E-01  3.35644E-01  4.56274E-01  8.37888E-02  6.89523E-02
-1.60206E+00  2.24483E+01  8.28643E-03  4.20077E-01  5.79228E-01  4.73407E-01  6.23608E-01  1.18090E-01  8.06989E-02
-1.60206E+00  2.24483E+01  1.04811E-02  6.17495E-01  8.08160E-01  6.71915E-01  8.51620E-01  1.61912E-01  8.97798E-02
-1.60206E+00  2.24483E+01  1.32571E-02  9.78665E-01  1.19982E+00  1.02996E+00  1.22416E+00  2.15406E-01  9.53027E-02
-1.60206E+00  2.24483E+01  1.67683E-02  1.44694E+00  1.53838E+00  1.48527E+00  1.56336E+00  2.76971E-01  9.44856E-02
-1.60206E+00  2.24483E+01  2.12095E-02  1.76569E+00  1.83285E+00  1.82158E+00  1.85221E+00  3.42324E-01  8.86138E-02
-1.60206E+00  2.24483E+01  2.68270E-02  2.06986E+00  2.12391E+00  2.08783E+00  2.14184E+00  4.03847E-01  7.97257E-02
-1.60206E+00  2.24483E+01  3.39322E-02  2.35402E+00  2.37160E+00  2.37200E+00  2.38934E+00  4.51194E-01  7.14101E-02
-1.60206E+00  2.24483E+01  4.29193E-02  2.61367E+00  2.65621E+00  2.63066E+00  2.67435E+00  4.74123E-01  6.35585E-02
-1.60206E+00  2.24483E+01  5.42868E-02  2.86031E+00  2.90065E+00  2.87818E+00  2.91794E+00  4.66996E-01  5.58642E-02
-1.60206E+00  2.24483E+01  6.86649E-02  3.14306E+00  3.15038E+00  3.15873E+00  3.16561E+00  4.31950E-01  4.87282E-02
-1.60206E+00  2.24483E+01  8.68511E-02  3.35740E+00  3.39793E+00  3.37203E+00  3.41349E+00  3.77806E-01  4.22988E-02
-1.60206E+00  2.24483E+01  1.09854E-01  3.60652E+00  3.60557E+00  3.62164E+00  3.62039E+00  3.15625E-01  3.70768E-02
-1.60206E+00  2.24483E+01  1.38950E-01  3.86734E+00  3.86649E+00  3.87522E+00  3.88267E+00  2.54523E-01  3.39084E-02
-1.60206E+00  2.24483E+01  1.75751E-01  4.10180E+00  4.11750E+00  4.11080E+00  4.13633E+00  1.99974E-01  3.32126E-02
-1.60206E+00  2.24483E+01  2.22300E-01  4.35477E+00  4.35497E+00  4.37691E+00  4.37707E+00  1.54199E-01  3.37241E-02
-1.60206E+00  2.24483E+01  2.81177E-01  4.55853E+00  4.57352E+00  4.58349E+00  4.59847E+00  1.17320E-01  3.42707E-02
-1.60206E+00  2.24483E+01  3.55648E-01  4.81718E+00  4.81324E+00  4.84454E+00  4.84058E+00  8.84038E-02  3.48245E-02
-1.60206E+00  2.24483E+01  4.49843E-01  5.07767E+00  5.07878E+00  5.10709E+00  5.10819E+00  6.61439E-02  3.53859E-02
-1.60206E+00  2.24483E+01  5.68987E-01  5.29653E+00  5.29932E+00  5.32773E+00  5.33052E+00  4.92249E-02  3.59553E-02
-1.60206E+00  2.24483E+01  7.19686E-01  5.55343E+00  5.54666E+00  5.58618E+00  5.57941E+00  3.64812E-02  3.65330E-02
-1.60206E+00  2.24483E+01  9.10298E-01  5.77027E+00  5.78174E+00  5.80438E+00  5.81585E+00  2.69463E-02  3.71193E-02
-1.60206E+00  2.24483E+01  1.15140E+00  6.02572E+00  6.02706E+00  6.06105E+00  6.06239E+00  1.98483E-02  3.77145E-02
-1.60206E+00  2.24483E+01  1.45635E+00  6.22328E+00  6.22622E+00  6.25970E+00  6.26264E+00  1.45855E-02  3.83187E-02
-1.60206E+00  2.24483E+01  1.84207E+00  6.44573E+00  6.45213E+00  6.48316E+00  6.48956E+00  1.06960E-02  3.89323E-02
-1.60206E+00  2.24483E+01  2.32995E+00  6.72339E+00  6.71790E+00  6.76176E+00  6.75626E+00  7.82946E-03  3.95554E-02
-1.60206E+00  2.24483E+01  2.94705E+00  6.94030E+00  6.94252E+00  6.97955E+00  6.98177E+00  5.72174E-03  4.01882E-02
-1.60206E+00  2.24483E+01  3.72759E+00  7.20176E+00  7.20226E+00  7.24185E+00  7.24235E+00  4.17518E-03  4.08310E-02
-1.60206E+00  2.24483E+01  4.71487E+00  7.40750E+00  7.41609E+00  7.44838E+00  7.45698E+00  3.04249E-03  4.14840E-02
-1.60206E+00  2.24483E+01  5.96362E+00  7.64026E+00  7.64649E+00  7.68194E+00  7.68817E+00  2.21428E-03  4.21472E-02
-1.60206E+00  2.24483E+01  7.54312E+00  7.84148E+00  7.83373E+00  7.88394E+00  7.87619E+00  1.60963E-03  4.28210E-02
-1.60206E+00  2.24483E+01  9.54095E+00  8.11920E+00  8.13145E+00  8.16241E+00  8.17466E+00  1.16882E-03  4.35054E-02
-1.60206E+00  2.24483E+01  1.20679E+01  8.36389E+00  8.37232E+00  8.40786E+00  8.41628E+00  8.47858E-04  4.42008E-02
-1.60206E+00  2.24483E+01  1.52642E+01  8.56568E+00  8.56843E+00  8.61041E+00  8.61316E+00  6.14445E-04  4.49072E-02
-1.60206E+00  2.24483E+01  1.93070E+01  8.85474E+00  8.84775E+00  8.90022E+00  8.89323E+00  4.44889E-04  4.56248E-02
-1.60206E+00  2.24483E+01  2.44205E+01  9.04613E+00  9.03362E+00  9.09237E+00  9.07987E+00  3.21849E-04  4.63539E-02
-1.60206E+00  2.24483E+01  3.08884E+01  9.30828E+00  9.29858E+00  9.35529E+00  9.34558E+00  2.32651E-04  4.70946E-02
-1.60206E+00  2.24483E+01  3.90694E+01  9.51541E+00  9.51435E+00  9.56318E+00  9.56212E+00  1.68046E-04  4.78472E-02
-1.60206E+00  2.24483E+01  4.94171E+01  9.78657E+00  9.78414E+00  9.83513E+00  9.83270E+00  1.21294E-04  4.86117E-02
-1.60206E+00  2.24483E+01  6.25055E+01  1.00047E+01  1.00037E+01  1.00541E+01  1.00531E+01  8.74899E-05  4.93884E-02
-1.60206E+00  2.24483E+01  7.90604E+01  1.02423E+01  1.02486E+01  1.02925E+01  1.02987E+01  6.30659E-05  5.01776E-02
-1.60206E+00  2.24483E+01  1.00000E+02  1.04287E+01  1.04382E+01  1.04796E+01  1.04891E+01  4.54323E-05  5.09793E-02
# T =  0  2.50000E-02
# D = 11  6.21017E+22
-1.60206E+00  2.27931E+01  1.00000E-03  8.34830E-03  1.38053E-02  1.07877E-02  1.63943E-02  2.87389E-04  2.99739E-03
-1.60206E+00  2.27931E+01  1.26486E-03  1.19486E-02  1.95293E-02  1.53341E-02  2.30741E-02  7.95228E-04  4.18615E-03
-1.60206E+00  2.27931E+01  1.59986E-03  1.71154E-02  2.76050E-02  2.17857E-02  3.24218E-02  1.85382E-03  5.81657E-03
-1.60206E+00  2.27931E+01  2.02359E-03  2.45379E-02  3.89907E-02  3.09428E-02  4.54881E-02  3.79689E-03  8.04034E-03
-1.60206E+00  2.27931E+01  2.55955E-03  3.52120E-02  5.50196E-02  4.39500E-02  6.37287E-02  7.05673E-03  1.10593E-02
-1.60206E+00  2.27931E+01  3.23746E-03  5.05794E-02  7.75611E-02  6.24475E-02  8.91781E-02  1.21940E-02  1.51406E-02
-1.60206E+00  2.27931E+01  4.09492E-03  7.27316E-02  1.09228E-01  8.86981E-02  1.24581E-01  1.99435E-02  2.05391E-02
-1.60206E+00  2.27931E+01  5.17947E-03  1.04709E-01  1.53628E-01  1.25829E-01  1.73597E-01  3.12645E-02  2.74387E-02
-1.60206E+00  2.27931E+01  6.55129E-03  1.50941E-01  2.15788E-01  1.78409E-01  2.41365E-01  4.73718E-02  3.60796E-02
-1.60206E+00  2.27931E+01  8.28643E-03  2.17920E-01  3.02619E-01  2.52826E-01  3.34702E-01  6.97081E-02  4.64550E-02
-1.60206E+00  2.27931E+01  1.04811E-02  3.15242E-01  4.23657E-01  3.58171E-01  4.62701E-01  9.98023E-02  5.81360E-02
-1.60206E+00  2.27931E+01  1.32571E-02  4.57347E-01  5.92099E-01  5.06145E-01  6.35959E-01  1.38954E-01  6.84169E-02
-1.60206E+00  2.27931E+01  1.67683E-02  6.66844E-01  8.26814E-01  7.17824E-01  8.72054E-01  1.87693E-01  7.57407E-02
-1.60206E+00  2.27931E+01  2.12095E-02  1.02956E+00  1.22105E+00  1.09475E+00  1.25769E+00  2.44998E-01  7.99290E-02
-1.60206E+00  2.27931E+01  2.68270E-02  1.49903E+00  1.60478E+00  1.53515E+00  1.63634E+00  3.07344E-01  7.85863E-02
-1.60206E+00  2.27931E+01  3.39322E-02  1.84280E+00  1.90238E+00  1.87646E+00  1.93232E+00  3.67953E-01  7.20120E-02
-1.60206E+00  2.27931E+01  4.29193E-02  2.14245E+00  2.16934E+00  2.16788E+00  2.19294E+00  4.17105E-01  6.26900E-02
-1.60206E+00  2.27931E+01  5.42868E-02  2.41278E+00  2.45549E+00  2.43393E+00  2.47494E+00  4.44542E-01  5.44834E-02
-1.60206E+00  2.27931E+01  6.86649E-02  2.69849E+00  2.70411E+00  2.71889E+00  2.72416E+00  4.43743E-01  4.78936E-02
-1.60206E+00  2.27931E+01  8.68511E-02  2.95179E+00  2.94764E+00  2.96665E+00  2.96544E+00  4.15413E-01  4.19700E-02
-1.60206E+00  2.27931E+01  1.09854E-01  3.20079E+00  3.19707E+00  3.21757E+00  3.21389E+00  3.67119E-01  3.71650E-02
-1.60206E+00  2.27931E+01  1.38950E-01  3.44840E+00  3.44695E+00  3.46506E+00  3.46384E+00  3.09328E-01  3.40613E-02
-1.60206E+00  2.27931E+01  1.75751E-01  3.69914E+00  3.69976E+00  3.71820E+00  3.71918E+00  2.51169E-01  3.30309E-02
-1.60206E+00  2.27931E+01  2.22300E-01  3.91435E+00  3.96650E+00  3.93683E+00  3.98895E+00  1.98428E-01  3.35572E-02
-1.60206E+00  2.27931E+01  2.81177E-01  4.17314E+00  4.17838E+00  4.19848E+00  4.20341E+00  1.53686E-01  3.43206E-02
-1.60206E+00  2.27931E+01  3.55648E-01  4.41208E+00  4.41680E+00  4.43993E+00  4.44462E+00  1.17353E-01  3.50974E-02
-1.60206E+00  2.27931E+01  4.49843E-01  4.67939E+00  4.66632E+00  4.70945E+00  4.69638E+00  8.86946E-02  3.58885E-02
-1.60206E+00  2.27931E+01  5.68987E-01  4.89035E+00  4.89514E+00  4.92237E+00  4.92715E+00  6.65305E-02  3.66950E-02
-1.60206E+00  2.27931E+01  7.19686E-01  5.13535E+00  5.13885E+00  5.16913E+00  5.17263E+00  4.96213E-02  3.75174E-02
-1.60206E+00  2.27931E+01  9.10298E-01  5.36023E+00  5.35648E+00  5.39562E+00  5.39186E+00  3.68458E-02  3.83567E-02
-1.60206E+00  2.27931E+01  1.15140E+00  5.60557E+00  5.60913E+00  5.64242E+00  5.64597E+00  2.72621E-02  3.92134E-02
-1.60206E+00  2.27931E+01  1.45635E+00  5.83489E+00  5.82411E+00  5.87309E+00  5.86231E+00  2.01116E-02  4.00882E-02
-1.60206E+00  2.27931E+01  1.84207E+00  6.07795E+00  6.09409E+00  6.11744E+00  6.13358E+00  1.47994E-02  4.09816E-02
-1.60206E+00  2.27931E+01  2.32995E+00  6.31605E+00  6.31666E+00  6.35676E+00  6.35737E+00  1.08666E-02  4.18942E-02
-1.60206E+00  2.27931E+01  2.94705E+00  6.57639E+00  6.57057E+00  6.61827E+00  6.61245E+00  7.96355E-03  4.28266E-02
-1.60206E+00  2.27931E+01  3.72759E+00  6.77386E+00  6.76625E+00  6.81689E+00  6.80928E+00  5.82592E-03  4.37793E-02
-1.60206E+00  2.27931E+01  4.71487E+00  6.99916E+00  7.00185E+00  7.04332E+00  7.04601E+00  4.25539E-03  4.47528E-02
-1.60206E+00  2.27931E+01  5.96362E+00  7.27367E+00  7.26574E+00  7.31895E+00  7.31102E+00  3.10376E-03  4.57477E-02
-1.60206E+00  2.27931E+01  7.54312E+00  7.47639E+00  7.47703E+00  7.52279E+00  7.52343E+00  2.26080E-03  4.67644E-02
-1.60206E+00  2.27931E+01  9.54095E+00  7.69458E+00  7.69986E+00  7.74209E+00  7.74737E+00  1.64475E-03  4.78035E-02
-1.60206E+00  2.27931E+01  1.20679E+01  7.96414E+00  7.97050E+00  8.01277E+00  8.01914E+00  1.19520E-03  4.88656E-02
-1.60206E+00  2.27931E+01  1.52642E+01  8.19285E+00  8.18289E+00  8.24262E+00  8.23266E+00  8.67599E-04  4.99511E-02
-1.60206E+00  2.27931E+01  1.93070E+01  8.42358E+00  8.41697E+00  8.47450E+00  8.46789E+00  6.29162E-04  5.10607E-02
-1.60206E+00  2.27931E+01  2.44205E+01  8.62791E+00  8.63453E+00  8.67999E+00  8.68661E+00  4.55825E-04  5.21948E-02
-1.60206E+00  2.27931E+01  3.08884E+01  8.90027E+00  8.90428E+00  8.95353E+00  8.95755E+00  3.29951E-04  5.33541E-02
-1.60206E+00  2.27931E+01  3.90694E+01  9.08957E+00  9.09710E+00  9.14404E+00  9.15157E+00  2.38638E-04  5.45390E-02
-1.60206E+00  2.27931E+01  4.94171E+01  9.38119E+00  9.37921E+00  9.43689E+00  9.43490E+00  1.72460E-04  5.57502E-02
-1.60206E+00  2.27931E+01  6.25055E+01  9.56933E+00  9.58190E+00  9.62628E+00  9.63885E+00  1.24541E-04  5.69883E-02
-1.60206E+00  2.27931E+01  7.90604E+01  9.83585E+00  9.84431E+00  9.89406E+00  9.90253E+00  8.98737E-05  5.82538E-02
-1.60206E+00  2.27931E+01  1.00000E+02  1.00725E+01  1.00680E+01  1.01320E+01  1.01275E+01  6.48128E-05  5.95474E-02
# T =  0  2.50000E-02
# D = 12  1.37382E+23
-1.60206E+00  2.31379E+01  1.00000E-03  4.62007E-03  7.03209E-03  5.51708E-03  7.93605E-03  3.20238E-05  1.12111E-03
-1.60206E+00  2.31379E+01  1.26486E-03  6.59292E-03  9.96724E-03  7.85230E-03  1.12302E-02  1.34482E-04  1.57883E-03
-1.60206E+00  2.31379E+01  1.59986E-03  9.41245E-03  1.41193E-02  1.11764E-02  1.58781E-02  4.31674E-04  2.21856E-03
-1.60206E+00  2.31379E+01  2.02359E-03  1.34441E-02  1.99854E-02  1.59041E-02  2.24223E-02  1.12672E-03  3.10548E-03
-1.60206E+00  2.31379E+01  2.55955E-03  1.92124E-02  2.82669E-02  2.26192E-02  3.16171E-02  2.51286E-03  4.32005E-03
-1.60206E+00  2.31379E+01  3.23746E-03  2.74712E-02  3.99425E-02  3.21510E-02  4.45080E-02  4.97794E-03  5.96626E-03
-1.60206E+00  2.31379E+01  4.09492E-03  3.93030E-02  5.63878E-02  4.56742E-02  6.25502E-02  9.02241E-03  8.17237E-03
-1.60206E+00  2.31379E+01  5.17947E-03  5.62654E-02  7.95117E-02  6.48376E-02  8.77297E-02  1.52961E-02  1.10744E-02
-1.60206E+00  2.31379E+01  6.55129E-03  8.06005E-02  1.11985E-01  9.19957E-02  1.22813E-01  2.46477E-02  1.48373E-02
-1.60206E+00  2.31379E+01  8.28643E-03  1.15544E-01  1.57512E-01  1.30473E-01  1.71580E-01  3.81704E-02  1.96082E-02
-1.60206E+00  2.31379E+01  1.04811E-02  1.65770E-01  2.21232E-01  1.84963E-01  2.39183E-01  5.72080E-02  2.54616E-02
-1.60206E+00  2.31379E+01  1.32571E-02  2.38065E-01  3.10212E-01  2.61809E-01  3.32261E-01  8.32696E-02  3.20051E-02
-1.60206E+00  2.31379E+01  1.67683E-02  3.42348E-01  4.34230E-01  3.69645E-01  4.59342E-01  1.17780E-01  3.79763E-02
-1.60206E+00  2.31379E+01  2.12095E-02  4.93389E-01  6.06851E-01  5.22910E-01  6.33737E-01  1.61597E-01  4.30403E-02
-1.60206E+00  2.31379E+01  2.68270E-02  7.14032E-01  8.47535E-01  7.43671E-01  8.74246E-01  2.14259E-01  4.63722E-02
-1.60206E+00  2.31379E+01  3.39322E-02  1.08480E+00  1.25213E+00  1.11022E+00  1.26750E+00  2.73023E-01  4.57379E-02
-1.60206E+00  2.31379E+01  4.29193E-02  1.56558E+00  1.63751E+00  1.58131E+00  1.65220E+00  3.32011E-01  4.21580E-02
-1.60206E+00  2.31379E+01  5.42868E-02  1.90092E+00  1.94281E+00  1.91234E+00  1.95488E+00  3.82246E-01  3.70495E-02
-1.60206E+00  2.31379E+01  6.86649E-02  2.20657E+00  2.25248E+00  2.21581E+00  2.26226E+00  4.13620E-01  3.28109E-02
-1.60206E+00  2.31379E+01  8.68511E-02  2.50222E+00  2.50092E+00  2.51053E+00  2.50973E+00  4.18860E-01  2.92319E-02
-1.60206E+00  2.31379E+01  1.09854E-01  2.75087E+00  2.77249E+00  2.75998E+00  2.77562E+00  3.97265E-01  2.62256E-02
-1.60206E+00  2.31379E+01  1.38950E-01  3.01644E+00  3.02093E+00  3.02569E+00  3.03013E+00  3.55057E-01  2.42124E-02
-1.60206E+00  2.31379E+01  1.75751E-01  3.26893E+00  3.26742E+00  3.27938E+00  3.27806E+00  3.01971E-01  2.34669E-02
-1.60206E+00  2.31379E+01  2.22300E-01  3.52991E+00  3.53360E+00  3.54349E+00  3.54714E+00  2.47049E-01  2.38707E-02
-1.60206E+00  2.31379E+01  2.81177E-01  3.75177E+00  3.75512E+00  3.76791E+00  3.77125E+00  1.96354E-01  2.46248E-02
-1.60206E+00  2.31379E+01  3.55648E-01  4.01684E+00  4.01359E+00  4.03532E+00  4.03203E+00  1.52817E-01  2.53984E-02
-1.60206E+00  2.31379E+01  4.49843E-01  4.22847E+00  4.22906E+00  4.24904E+00  4.24962E+00  1.17150E-01  2.61919E-02
-1.60206E+00  2.31379E+01  5.68987E-01  4.49305E+00  4.48789E+00  4.51552E+00  4.51035E+00  8.88302E-02  2.70068E-02
-1.60206E+00  2.31379E+01  7.19686E-01  4.73651E+00  4.72753E+00  4.76071E+00  4.75172E+00  6.68159E-02  2.78442E-02
-1.60206E+00  2.31379E+01  9.10298E-01  4.95820E+00  4.94047E+00  4.98399E+00  4.96626E+00  4.99522E-02  2.87053E-02
-1.60206E+00  2.31379E+01  1.15140E+00  5.20174E+00  5.20041E+00  5.22899E+00  5.22767E+00  3.71682E-02  2.95912E-02
-1.60206E+00  2.31379E+01  1.45635E+00  5.42466E+00  5.40918E+00  5.45330E+00  5.43782E+00  2.75508E-02  3.05029E-02
-1.60206E+00  2.31379E+01  1.84207E+00  5.66455E+00  5.66894E+00  5.69451E+00  5.69890E+00  2.03579E-02  3.14416E-02
-1.60206E+00  2.31379E+01  2.32995E+00  5.89439E+00  5.88712E+00  5.92562E+00  5.91836E+00  1.50027E-02  3.24080E-02
-1.60206E+00  2.31379E+01  2.94705E+00  6.15357E+00  6.14122E+00  6.18604E+00  6.17369E+00  1.10306E-02  3.34034E-02
-1.60206E+00  2.31379E+01  3.72759E+00  6.37786E+00  6.36289E+00  6.41154E+00  6.39658E+00  8.09362E-03  3.44288E-02
-1.60206E+00  2.31379E+01  4.71487E+00  6.63718E+00  6.62998E+00  6.67208E+00  6.66487E+00  5.92773E-03  3.54850E-02
-1.60206E+00  2.31379E+01  5.96362E+00  6.86860E+00  6.86489E+00  6.90471E+00  6.90100E+00  4.33424E-03  3.65732E-02
-1.60206E+00  2.31379E+01  7.54312E+00  7.07348E+00  7.06098E+00  7.11081E+00  7.09831E+00  3.16431E-03  3.76945E-02
-1.60206E+00  2.31379E+01  9.54095E+00  7.34619E+00  7.32752E+00  7.38474E+00  7.36608E+00  2.30695E-03  3.88498E-02
-1.60206E+00  2.31379E+01  1.20679E+01  7.57839E+00  7.56483E+00  7.61820E+00  7.60464E+00  1.67972E-03  4.00403E-02
-1.60206E+00  2.31379E+01  1.52642E+01  7.76130E+00  7.76266E+00  7.80239E+00  7.80374E+00  1.22156E-03  4.12672E-02
-1.60206E+00  2.31379E+01  1.93070E+01  8.03473E+00  8.04201E+00  8.07712E+00  8.08440E+00  8.87379E-04  4.25314E-02
-1.60206E+00  2.31379E+01  2.44205E+01  8.26503E+00  8.25800E+00  8.30875E+00  8.30172E+00  6.43944E-04  4.38342E-02
-1.60206E+00  2.31379E+01  3.08884E+01  8.48561E+00  8.47447E+00  8.53069E+00  8.51956E+00  4.66833E-04  4.51769E-02
-1.60206E+00  2.31379E+01  3.90694E+01  8.76418E+00  8.75558E+00  8.81067E+00  8.80207E+00  3.38123E-04  4.65606E-02
-1.60206E+00  2.31379E+01  4.94171E+01  8.96059E+00  8.93817E+00  9.00853E+00  8.98610E+00  2.44688E-04  4.79866E-02
-1.60206E+00  2.31379E+01  6.25055E+01  9.20955E+00  9.18927E+00  9.25896E+00  9.23868E+00  1.76927E-04  4.94562E-02
-1.60206E+00  2.31379E+01  7.90604E+01  9.45308E+00  9.45819E+00  9.50402E+00  9.50913E+00  1.27832E-04  5.09708E-02
-1.60206E+00  2.31379E+01  1.00000E+02  9.63753E+00  9.63249E+00  9.69003E+00  9.68500E+00  9.22930E-05  5.25317E-02
# T =  0  2.50000E-02
# D = 13  3.03920E+23
-1.60206E+00  2.34828E+01  1.00000E-03  2.52995E-03  3.57078E-03  2.84136E-03  3.87420E-03  1.32058E-06  3.97184E-04
-1.60206E+00  2.34828E+01  1.26486E-03  3.60433E-03  5.06877E-03  4.03388E-03  5.48651E-03  1.04792E-05  5.51418E-04
-1.60206E+00  2.34828E+01  1.59986E-03  5.13619E-03  7.19206E-03  5.72617E-03  7.76450E-03  5.53165E-05  7.62926E-04
-1.60206E+00  2.34828E+01  2.02359E-03  7.32090E-03  1.01997E-02  8.12754E-03  1.09801E-02  2.12122E-04  1.05164E-03
-1.60206E+00  2.34828E+01  2.55955E-03  1.04376E-02  1.44557E-02  1.15350E-02  1.55139E-02  6.34694E-04  1.44363E-03
-1.60206E+00  2.34828E+01  3.23746E-03  1.48853E-02  2.04741E-02  1.63691E-02  2.18991E-02  1.57007E-03  1.97152E-03
-1.60206E+00  2.34828E+01  4.09492E-03  2.12341E-02  2.89732E-02  2.32269E-02  3.08779E-02  3.36229E-03  2.67680E-03
-1.60206E+00  2.34828E+01  5.17947E-03  3.02995E-02  4.09638E-02  3.29556E-02  4.34887E-02  6.45998E-03  3.61033E-03
-1.60206E+00  2.34828E+01  6.55129E-03  4.32482E-02  5.78543E-02  4.67489E-02  6.11616E-02  1.14409E-02  4.82259E-03
-1.60206E+00  2.34828E+01  8.28643E-03  6.17488E-02  8.16137E-02  6.62748E-02  8.58588E-02  1.90544E-02  6.34155E-03
-1.60206E+00  2.34828E+01  1.04811E-02  8.81888E-02  1.14984E-01  9.38934E-02  1.20288E-01  3.02717E-02  8.17188E-03
-1.60206E+00  2.34828E+01  1.32571E-02  1.25986E-01  1.61753E-01  1.32970E-01  1.68181E-01  4.63152E-02  1.02940E-02
-1.60206E+00  2.34828E+01  1.67683E-02  1.80046E-01  2.27184E-01  1.88224E-01  2.34617E-01  6.86224E-02  1.25539E-02
-1.60206E+00  2.34828E+01  2.12095E-02  2.57417E-01  3.18523E-01  2.66352E-01  3.26496E-01  9.86677E-02  1.46192E-02
-1.60206E+00  2.34828E+01  2.68270E-02  3.68301E-01  4.45768E-01  3.77256E-01  4.53541E-01  1.37559E-01  1.61961E-02
-1.60206E+00  2.34828E+01  3.39322E-02  5.27696E-01  6.22789E-01  5.35616E-01  6.29341E-01  1.85341E-01  1.69474E-02
-1.60206E+00  2.34828E+01  4.29193E-02  7.58504E-01  8.69458E-01  7.64013E-01  8.73503E-01  2.40042E-01  1.65046E-02
-1.60206E+00  2.34828E+01  5.42868E-02  1.11451E+00  1.26754E+00  1.11719E+00  1.27782E+00  2.96727E-01  1.49729E-02
-1.60206E+00  2.34828E+01  6.86649E-02  1.62761E+00  1.68063E+00  1.62280E+00  1.67683E+00  3.47271E-01  1.35346E-02
-1.60206E+00  2.34828E+01  8.68511E-02  1.96942E+00  2.00218E+00  1.96680E+00  1.99878E+00  3.81880E-01  1.22802E-02
-1.60206E+00  2.34828E+01  1.09854E-01  2.25321E+00  2.28782E+00  2.24992E+00  2.28521E+00  3.92704E-01  1.11963E-02
-1.60206E+00  2.34828E+01  1.38950E-01  2.54352E+00  2.56203E+00  2.53999E+00  2.55670E+00  3.77708E-01  1.04936E-02
-1.60206E+00  2.34828E+01  1.75751E-01  2.81592E+00  2.81508E+00  2.81558E+00  2.81466E+00  3.41707E-01  1.03191E-02
-1.60206E+00  2.34828E+01  2.22300E-01  3.06833E+00  3.10524E+00  3.06982E+00  3.10667E+00  2.93573E-01  1.06442E-02
-1.60206E+00  2.34828E+01  2.81177E-01  3.32173E+00  3.35864E+00  3.32499E+00  3.36202E+00  2.42156E-01  1.11313E-02
-1.60206E+00  2.34828E+01  3.55648E-01  3.57783E+00  3.57506E+00  3.58263E+00  3.58025E+00  1.93732E-01  1.16378E-02
-1.60206E+00  2.34828E+01  4.49843E-01  3.84387E+00  3.83798E+00  3.84978E+00  3.84451E+00  1.51574E-01  1.21645E-02
-1.60206E+00  2.34828E+01  5.68987E-01  4.06967E+00  4.07131E+00  4.07806E+00  4.07969E+00  1.16695E-01  1.27128E-02
-1.60206E+00  2.34828E+01  7.19686E-01  4.33269E+00  4.31853E+00  4.34246E+00  4.32830E+00  8.87989E-02  1.32840E-02
-1.60206E+00  2.34828E+01  9.10298E-01  4.53544E+00  4.54970E+00  4.54648E+00  4.56075E+00  6.69915E-02  1.38793E-02
-1.60206E+00  2.34828E+01  1.15140E+00  4.79530E+00  4.78693E+00  4.80752E+00  4.79915E+00  5.02114E-02  1.45001E-02
-1.60206E+00  2.34828E+01  1.45635E+00  5.00151E+00  5.05162E+00  5.01484E+00  5.06494E+00  3.74440E-02  1.51476E-02
-1.60206E+00  2.34828E+01  1.84207E+00  5.27983E+00  5.27886E+00  5.29420E+00  5.29323E+00  2.78096E-02  1.58231E-02
-1.60206E+00  2.34828E+01  2.32995E+00  5.52385E+00  5.53534E+00  5.53921E+00  5.55070E+00  2.05849E-02  1.65281E-02
-1.60206E+00  2.34828E+01  2.94705E+00  5.74001E+00  5.75540E+00  5.75635E+00  5.77173E+00  1.51938E-02  1.72639E-02
-1.60206E+00  2.34828E+01  3.72759E+00  6.01432E+00  6.00563E+00  6.03162E+00  6.02293E+00  1.11871E-02  1.80320E-02
-1.60206E+00  2.34828E+01  4.71487E+00  6.20968E+00  6.20965E+00  6.22793E+00  6.22791E+00  8.21904E-03  1.88339E-02
-1.60206E+00  2.34828E+01  5.96362E+00  6.43005E+00  6.43971E+00  6.44926E+00  6.45892E+00  6.02674E-03  1.96712E-02
-1.60206E+00  2.34828E+01  7.54312E+00  6.68813E+00  6.68733E+00  6.70830E+00  6.70751E+00  4.41146E-03  2.05453E-02
-1.60206E+00  2.34828E+01  9.54095E+00  6.92583E+00  6.93682E+00  6.94700E+00  6.95798E+00  3.22394E-03  2.14582E-02
-1.60206E+00  2.34828E+01  1.20679E+01  7.11860E+00  7.13051E+00  7.14078E+00  7.15269E+00  2.35263E-03  2.24113E-02
-1.60206E+00  2.34828E+01  1.52642E+01  7.38179E+00  7.39918E+00  7.40502E+00  7.42241E+00  1.71447E-03  2.34067E-02
-1.60206E+00  2.34828E+01  1.93070E+01  7.63703E+00  7.62690E+00  7.66133E+00  7.65120E+00  1.24785E-03  2.44462E-02
-1.60206E+00  2.34828E+01  2.44205E+01  7.82360E+00  7.82207E+00  7.84902E+00  7.84749E+00  9.07160E-04  2.55317E-02
-1.60206E+00  2.34828E+01  3.08884E+01  8.09082E+00  8.08858E+00  8.11739E+00  8.11516E+00  6.58767E-04  2.66654E-02
-1.60206E+00  2.34828E+01  3.90694E+01  8.35942E+00  8.35267E+00  8.38720E+00  8.38045E+00  4.77898E-04  2.78493E-02
-1.60206E+00  2.34828E+01  4.94171E+01  8.55304E+00  8.55216E+00  8.58207E+00  8.58119E+00  3.46355E-04  2.90857E-02
-1.60206E+00  2.34828E+01  6.25055E+01  8.82571E+00  8.82750E+00  8.85604E+00  8.85784E+00  2.50793E-04  3.03770E-02
-1.60206E+00  2.34828E+01  7.90604E+01  9.01986E+00  9.01615E+00  9.05155E+00  9.04784E+00  1.81443E-04  3.17255E-02
-1.60206E+00  2.34828E+01  1.00000E+02  9.28314E+00  9.27659E+00  9.31625E+00  9.30969E+00  1.31164E-04  3.31339E-02
# T =  0  2.50000E-02
# D = 14  6.72336E+23
-1.60206E+00  2.38276E+01  1.00000E-03  1.36744E-03  1.80713E-03  1.49749E-03  1.93278E-03  1.22826E-08  1.61227E-04
-1.60206E+00  2.38276E+01  1.26486E-03  1.94658E-03  2.56764E-03  2.12716E-03  2.74200E-03  2.52427E-07  2.24838E-04
-1.60206E+00  2.38276E+01  1.59986E-03  2.77127E-03  3.64738E-03  3.02089E-03  3.88819E-03  2.82358E-06  3.12374E-04
-1.60206E+00  2.38276E+01  2.02359E-03  3.94571E-03  5.17941E-03  4.28912E-03  5.51033E-03  1.95349E-05  4.32271E-04
-1.60206E+00  2.38276E+01  2.55955E-03  5.61846E-03  7.35168E-03  6.08872E-03  7.80429E-03  9.25823E-05  5.95880E-04
-1.60206E+00  2.38276E+01  3.23746E-03  8.00152E-03  1.04307E-02  8.64186E-03  1.10461E-02  3.26415E-04  8.17508E-04
-1.60206E+00  2.38276E+01  4.09492E-03  1.13967E-02  1.47903E-02  1.22614E-02  1.56199E-02  9.15454E-04  1.11387E-03
-1.60206E+00  2.38276E+01  5.17947E-03  1.62344E-02  2.09590E-02  1.73902E-02  2.20652E-02  2.15566E-03  1.50482E-03
-1.60206E+00  2.38276E+01  6.55129E-03  2.31281E-02  2.96761E-02  2.46490E-02  3.11275E-02  4.44749E-03  2.00735E-03
-1.60206E+00  2.38276E+01  8.28643E-03  3.29519E-02  4.19817E-02  3.49105E-02  4.38431E-02  8.30794E-03  2.63233E-03
-1.60206E+00  2.38276E+01  1.04811E-02  4.69512E-02  5.93250E-02  4.94046E-02  6.16440E-02  1.44016E-02  3.37956E-03
-1.60206E+00  2.38276E+01  1.32571E-02  6.69001E-02  8.37342E-02  6.98932E-02  8.65430E-02  2.35869E-02  4.25426E-03
-1.60206E+00  2.38276E+01  1.67683E-02  9.53233E-02  1.18018E-01  9.88789E-02  1.21326E-01  3.69584E-02  5.25374E-03
-1.60206E+00  2.38276E+01  2.12095E-02  1.35813E-01  1.66079E-01  1.39766E-01  1.69704E-01  5.58466E-02  6.20888E-03
-1.60206E+00  2.38276E+01  2.68270E-02  1.93483E-01  2.33300E-01  1.97497E-01  2.36893E-01  8.17071E-02  6.96425E-03
-1.60206E+00  2.38276E+01  3.39322E-02  2.75626E-01  3.27108E-01  2.79298E-01  3.30257E-01  1.15807E-01  7.46314E-03
-1.60206E+00  2.38276E+01  4.29193E-02  3.92681E-01  4.57693E-01  3.95352E-01  4.59742E-01  1.58615E-01  7.44391E-03
-1.60206E+00  2.38276E+01  5.42868E-02  5.59797E-01  6.39174E-01  5.60678E-01  6.39360E-01  2.08884E-01  6.76008E-03
-1.60206E+00  2.38276E+01  6.86649E-02  7.99778E-01  8.91709E-01  7.98525E-01  8.89735E-01  2.62638E-01  5.81578E-03
-1.60206E+00  2.38276E+01  8.68511E-02  1.16067E+00  1.28528E+00  1.15756E+00  1.28061E+00  3.12697E-01  5.10968E-03
-1.60206E+00  2.38276E+01  1.09854E-01  1.69183E+00  1.72316E+00  1.68535E+00  1.71819E+00  3.49755E-01  4.70986E-03
-1.60206E+00  2.38276E+01  1.38950E-01  2.03242E+00  2.04291E+00  2.02768E+00  2.03768E+00  3.65578E-01  4.48808E-03
-1.60206E+00  2.38276E+01  1.75751E-01  2.33434E+00  2.35412E+00  2.33041E+00  2.34978E+00  3.56914E-01  4.49130E-03
-1.60206E+00  2.38276E+01  2.22300E-01  2.60496E+00  2.64927E+00  2.60207E+00  2.64635E+00  3.27140E-01  4.71522E-03
-1.60206E+00  2.38276E+01  2.81177E-01  2.90350E+00  2.89792E+00  2.90193E+00  2.89612E+00  2.84148E-01  5.01785E-03
-1.60206E+00  2.38276E+01  3.55648E-01  3.16428E+00  3.15893E+00  3.16393E+00  3.15853E+00  2.36476E-01  5.33808E-03
-1.60206E+00  2.38276E+01  4.49843E-01  3.41398E+00  3.41099E+00  3.41434E+00  3.41178E+00  1.90542E-01  5.67704E-03
-1.60206E+00  2.38276E+01  5.68987E-01  3.67729E+00  3.67325E+00  3.67917E+00  3.67528E+00  1.49935E-01  6.03612E-03
-1.60206E+00  2.38276E+01  7.19686E-01  3.88200E+00  3.88375E+00  3.88512E+00  3.88687E+00  1.15972E-01  6.41674E-03
-1.60206E+00  2.38276E+01  9.10298E-01  4.14828E+00  4.15105E+00  4.15241E+00  4.15516E+00  8.85878E-02  6.82037E-03
-1.60206E+00  2.38276E+01  1.15140E+00  4.39248E+00  4.39818E+00  4.39754E+00  4.40324E+00  6.70479E-02  7.24858E-03
-1.60206E+00  2.38276E+01  1.45635E+00  4.60707E+00  4.65443E+00  4.61301E+00  4.66036E+00  5.03922E-02  7.70298E-03
-1.60206E+00  2.38276E+01  1.84207E+00  4.86981E+00  4.87278E+00  4.87657E+00  4.87954E+00  3.76686E-02  8.18530E-03
-1.60206E+00  2.38276E+01  2.32995E+00  5.11734E+00  5.10668E+00  5.12490E+00  5.11424E+00  2.80352E-02  8.69733E-03
-1.60206E+00  2.38276E+01  2.94705E+00  5.34956E+00  5.33708E+00  5.35789E+00  5.34541E+00  2.07907E-02  9.24099E-03
-1.60206E+00  2.38276E+01  3.72759E+00  5.58911E+00  5.58104E+00  5.59820E+00  5.59014E+00  1.53714E-02  9.81829E-03
-1.60206E+00  2.38276E+01  4.71487E+00  5.81615E+00  5.81908E+00  5.82600E+00  5.82894E+00  1.13349E-02  1.04314E-02
-1.60206E+00  2.38276E+01  5.96362E+00  6.06968E+00  6.06260E+00  6.08031E+00  6.07323E+00  8.33911E-03  1.10825E-02
-1.60206E+00  2.38276E+01  7.54312E+00  6.29069E+00  6.29956E+00  6.30210E+00  6.31097E+00  6.12248E-03  1.17741E-02
-1.60206E+00  2.38276E+01  9.54095E+00  6.50510E+00  6.49437E+00  6.51732E+00  6.50659E+00  4.48672E-03  1.25086E-02
-1.60206E+00  2.38276E+01  1.20679E+01  6.76289E+00  6.74775E+00  6.77595E+00  6.76081E+00  3.28243E-03  1.32889E-02
-1.60206E+00  2.38276E+01  1.52642E+01  6.98963E+00  6.98773E+00  7.00357E+00  7.00167E+00  2.39768E-03  1.41177E-02
-1.60206E+00  2.38276E+01  1.93070E+01  7.25367E+00  7.24607E+00  7.26853E+00  7.26093E+00  1.74890E-03  1.49981E-02
-1.60206E+00  2.38276E+01  2.44205E+01  7.45997E+00  7.44148E+00  7.47579E+00  7.45730E+00  1.27399E-03  1.59333E-02
-1.60206E+00  2.38276E+01  3.08884E+01  7.69020E+00  7.70035E+00  7.70703E+00  7.71719E+00  9.26903E-04  1.69267E-02
-1.60206E+00  2.38276E+01  3.90694E+01  7.95818E+00  7.96450E+00  7.97609E+00  7.98241E+00  6.73605E-04  1.79821E-02
-1.60206E+00  2.38276E+01  4.94171E+01  8.17177E+00  8.17457E+00  8.19081E+00  8.19362E+00  4.89003E-04  1.91031E-02
-1.60206E+00  2.38276E+01  6.25055E+01  8.41524E+00  8.40467E+00  8.43549E+00  8.42492E+00  3.54635E-04  2.02941E-02
-1.60206E+00  2.38276E+01  7.90604E+01  8.62386E+00  8.59704E+00  8.64538E+00  8.61856E+00  2.56947E-04  2.15592E-02
-1.60206E+00  2.38276E+01  1.00000E+02  8.89790E+00  8.88011E+00  8.92077E+00  8.90299E+00  1.86003E-04  2.29032E-02
# T =  0  2.50000E-02
# D = 15  1.48735E+24
-1.60206E+00  2.41724E+01  1.00000E-03  7.29046E-04  9.11470E-04  7.75655E-04  9.56485E-04  1.24544E-11  5.73973E-05
-1.60206E+00  2.41724E+01  1.26486E-03  1.03738E-03  1.29577E-03  1.10215E-03  1.35829E-03  1.05470E-09  8.00897E-05
-1.60206E+00  2.41724E+01  1.59986E-03  1.47621E-03  1.84188E-03  1.56581E-03  1.92831E-03  3.61357E-08  1.11325E-04
-1.60206E+00  2.41724E+01  2.02359E-03  2.10076E-03  2.61757E-03  2.22408E-03  2.73643E-03  6.05407E-07  1.54110E-04
-1.60206E+00  2.41724E+01  2.55955E-03  2.98965E-03  3.71920E-03  3.15849E-03  3.88177E-03  5.76221E-06  2.12416E-04
-1.60206E+00  2.41724E+01  3.23746E-03  4.25483E-03  5.28289E-03  4.48462E-03  5.50389E-03  3.50991E-05  2.91368E-04
-1.60206E+00  2.41724E+01  4.09492E-03  6.05562E-03  7.50116E-03  6.36577E-03  7.79902E-03  1.50532E-04  3.96974E-04
-1.60206E+00  2.41724E+01  5.17947E-03  8.61878E-03  1.06466E-02  9.03250E-03  1.10432E-02  4.91094E-04  5.35806E-04
-1.60206E+00  2.41724E+01  6.55129E-03  1.22671E-02  1.51033E-02  1.28103E-02  1.56228E-02  1.29763E-03  7.14290E-04
-1.60206E+00  2.41724E+01  8.28643E-03  1.74599E-02  2.14124E-02  1.81603E-02  2.20801E-02  2.92030E-03  9.39075E-04
-1.60206E+00  2.41724E+01  1.04811E-02  2.48505E-02  3.03351E-02  2.57345E-02  3.11742E-02  5.82226E-03  1.21527E-03
-1.60206E+00  2.41724E+01  1.32571E-02  3.53671E-02  4.29375E-02  3.64508E-02  4.39602E-02  1.05971E-02  1.54040E-03
-1.60206E+00  2.41724E+01  1.67683E-02  5.03286E-02  6.07125E-02  5.16154E-02  6.19173E-02  1.80053E-02  1.91124E-03
-1.60206E+00  2.41724E+01  2.12095E-02  7.16060E-02  8.57429E-02  7.30451E-02  8.70730E-02  2.90189E-02  2.28424E-03
-1.60206E+00  2.41724E+01  2.68270E-02  1.01852E-01  1.20919E-01  1.03341E-01  1.22266E-01  4.48441E-02  2.62000E-03
-1.60206E+00  2.41724E+01  3.39322E-02  1.44822E-01  1.70245E-01  1.46200E-01  1.71441E-01  6.68656E-02  2.86910E-03
-1.60206E+00  2.41724E+01  4.29193E-02  2.05824E-01  2.39246E-01  2.06831E-01  2.40024E-01  9.64217E-02  2.94062E-03
-1.60206E+00  2.41724E+01  5.42868E-02  2.92370E-01  3.35499E-01  2.92640E-01  3.35494E-01  1.34300E-01  2.73465E-03
-1.60206E+00  2.41724E+01  6.86649E-02  4.15105E-01  4.69412E-01  4.14415E-01  4.68403E-01  1.79897E-01  2.38512E-03
-1.60206E+00  2.41724E+01  8.68511E-02  5.89271E-01  6.55296E-01  5.87634E-01  6.53311E-01  2.30176E-01  2.11488E-03
-1.60206E+00  2.41724E+01  1.09854E-01  8.37441E-01  9.13436E-01  8.34948E-01  9.10591E-01  2.78970E-01  1.97180E-03
-1.60206E+00  2.41724E+01  1.38950E-01  1.20299E+00  1.28443E+00  1.19974E+00  1.28087E+00  3.17636E-01  1.90659E-03
-1.60206E+00  2.41724E+01  1.75751E-01  1.72122E+00  1.76459E+00  1.71742E+00  1.76063E+00  3.37767E-01  1.94384E-03
-1.60206E+00  2.41724E+01  2.22300E-01  2.06976E+00  2.12082E+00  2.06625E+00  2.11642E+00  3.35049E-01  2.08510E-03
-1.60206E+00  2.41724E+01  2.81177E-01  2.39430E+00  2.39406E+00  2.39106E+00  2.39110E+00  3.11428E-01  2.26835E-03
-1.60206E+00  2.41724E+01  3.55648E-01  2.69369E+00  2.69147E+00  2.69146E+00  2.68921E+00  2.73710E-01  2.46662E-03
-1.60206E+00  2.41724E+01  4.49843E-01  2.94716E+00  2.95708E+00  2.94568E+00  2.95563E+00  2.29994E-01  2.68121E-03
-1.60206E+00  2.41724E+01  5.68987E-01  3.20264E+00  3.22618E+00  3.20201E+00  3.22557E+00  1.86762E-01  2.91363E-03
-1.60206E+00  2.41724E+01  7.19686E-01  3.47287E+00  3.48046E+00  3.47305E+00  3.48064E+00  1.47879E-01  3.16546E-03
-1.60206E+00  2.41724E+01  9.10298E-01  3.72260E+00  3.72328E+00  3.72353E+00  3.72419E+00  1.14962E-01  3.43844E-03
-1.60206E+00  2.41724E+01  1.15140E+00  3.96986E+00  3.98658E+00  3.97155E+00  3.98826E+00  8.81834E-02  3.73443E-03
-1.60206E+00  2.41724E+01  1.45635E+00  4.20746E+00  4.20321E+00  4.20983E+00  4.20558E+00  6.69754E-02  4.05545E-03
-1.60206E+00  2.41724E+01  1.84207E+00  4.46694E+00  4.46762E+00  4.46998E+00  4.47066E+00  5.04876E-02  4.40367E-03
-1.60206E+00  2.41724E+01  2.32995E+00  4.71095E+00  4.70580E+00  4.71463E+00  4.70947E+00  3.78372E-02  4.78147E-03
-1.60206E+00  2.41724E+01  2.94705E+00  4.93077E+00  4.93881E+00  4.93507E+00  4.94311E+00  2.82243E-02  5.19138E-03
-1.60206E+00  2.41724E+01  3.72759E+00  5.16633E+00  5.18210E+00  5.17125E+00  5.18703E+00  2.09727E-02  5.63620E-03
-1.60206E+00  2.41724E+01  4.71487E+00  5.39859E+00  5.40702E+00  5.40414E+00  5.41257E+00  1.55337E-02  6.11892E-03
-1.60206E+00  2.41724E+01  5.96362E+00  5.64947E+00  5.65151E+00  5.65566E+00  5.65770E+00  1.14731E-02  6.64280E-03
-1.60206E+00  2.41724E+01  7.54312E+00  5.87997E+00  5.88432E+00  5.88682E+00  5.89117E+00  8.45312E-03  7.21138E-03
-1.60206E+00  2.41724E+01  9.54095E+00  6.13027E+00  6.12090E+00  6.13781E+00  6.12845E+00  6.21447E-03  7.82850E-03
-1.60206E+00  2.41724E+01  1.20679E+01  6.36092E+00  6.36299E+00  6.36919E+00  6.37126E+00  4.55969E-03  8.49832E-03
-1.60206E+00  2.41724E+01  1.52642E+01  6.61394E+00  6.62139E+00  6.62298E+00  6.63043E+00  3.33958E-03  9.22534E-03
-1.60206E+00  2.41724E+01  1.93070E+01  6.84321E+00  6.84271E+00  6.85308E+00  6.85259E+00  2.44195E-03  1.00145E-02
-1.60206E+00  2.41724E+01  2.44205E+01  7.03569E+00  7.03942E+00  7.04645E+00  7.05018E+00  1.78291E-03  1.08711E-02
-1.60206E+00  2.41724E+01  3.08884E+01  7.32167E+00  7.32131E+00  7.33338E+00  7.33302E+00  1.29993E-03  1.18008E-02
-1.60206E+00  2.41724E+01  3.90694E+01  7.56580E+00  7.55974E+00  7.57854E+00  7.57248E+00  9.46561E-04  1.28101E-02
-1.60206E+00  2.41724E+01  4.94171E+01  7.75049E+00  7.74575E+00  7.76434E+00  7.75960E+00  6.88427E-04  1.39056E-02
-1.60206E+00  2.41724E+01  6.25055E+01  8.02033E+00  8.00822E+00  8.03538E+00  8.02327E+00  5.00127E-04  1.50948E-02
-1.60206E+00  2.41724E+01  7.90604E+01  8.23868E+00  8.25608E+00  8.25503E+00  8.27243E+00  3.62951E-04  1.63856E-02
-1.60206E+00  2.41724E+01  1.00000E+02  8.46712E+00  8.48281E+00  8.48488E+00  8.50057E+00  2.63141E-04  1.77868E-02
# T =  0  2.50000E-02
# D = 16  3.29034E+24
-1.60206E+00  2.45172E+01  1.00000E-03  3.83582E-04  4.58138E-04  3.94430E-04  4.68500E-04  4.67312E-16  1.44253E-05
-1.60206E+00  2.45172E+01  1.26486E-03  5.45664E-04  6.51443E-04  5.61446E-04  6.66538E-04  3.25407E-13  2.08607E-05
-1.60206E+00  2.45172E+01  1.59986E-03  7.76333E-04  9.26343E-04  7.99203E-04  9.48243E-04  5.89346E-11  3.00791E-05
-1.60206E+00  2.45172E+01  2.02359E-03  1.10444E-03  1.31699E-03  1.13729E-03  1.34848E-03  3.68290E-09  4.30772E-05
-1.60206E+00  2.45172E+01  2.55955E-03  1.57136E-03  1.87230E-03  1.61792E-03  1.91694E-03  9.92311E-08  6.10541E-05
-1.60206E+00  2.45172E+01  3.23746E-03  2.23570E-03  2.66128E-03  2.30072E-03  2.72358E-03  1.37488E-06  8.55298E-05
-1.60206E+00  2.45172E+01  4.09492E-03  3.18085E-03  3.78196E-03  3.27031E-03  3.86763E-03  1.12626E-05  1.18462E-04
-1.60206E+00  2.45172E+01  5.17947E-03  4.52558E-03  5.37326E-03  4.64668E-03  5.48907E-03  6.09550E-05  1.62027E-04
-1.60206E+00  2.45172E+01  6.55129E-03  6.43875E-03  7.63168E-03  6.59995E-03  7.78552E-03  2.38325E-04  2.18819E-04
-1.60206E+00  2.45172E+01  8.28643E-03  9.16051E-03  1.08356E-02  9.37111E-03  1.10360E-02  7.23761E-04  2.91467E-04
-1.60206E+00  2.45172E+01  1.04811E-02  1.30320E-02  1.53774E-02  1.33019E-02  1.56332E-02  1.81037E-03  3.82946E-04
-1.60206E+00  2.45172E+01  1.32571E-02  1.85382E-02  2.18104E-02  1.88753E-02  2.21284E-02  3.90808E-03  4.94555E-04
-1.60206E+00  2.45172E+01  1.67683E-02  2.63675E-02  3.09140E-02  2.67680E-02  3.12885E-02  7.54961E-03  6.18294E-04
-1.60206E+00  2.45172E+01  2.12095E-02  3.74975E-02  4.37813E-02  3.79570E-02  4.42060E-02  1.34132E-02  7.58901E-04
-1.60206E+00  2.45172E+01  2.68270E-02  5.33129E-02  6.19442E-02  5.38085E-02  6.23935E-02  2.23613E-02  9.03349E-04
-1.60206E+00  2.45172E+01  3.39322E-02  7.57732E-02  8.75371E-02  7.62390E-02  8.79424E-02  3.54740E-02  1.01540E-03
-1.60206E+00  2.45172E+01  4.29193E-02  1.07648E-01  1.23531E-01  1.08004E-01  1.23809E-01  5.40331E-02  1.08740E-03
-1.60206E+00  2.45172E+01  5.42868E-02  1.52841E-01  1.74036E-01  1.52965E-01  1.74062E-01  7.93737E-02  1.08423E-03
-1.60206E+00  2.45172E+01  6.86649E-02  2.16844E-01  2.44705E-01  2.16595E-01  2.44336E-01  1.12494E-01  9.89844E-04
-1.60206E+00  2.45172E+01  8.68511E-02  3.07365E-01  3.43293E-01  3.06686E-01  3.42473E-01  1.53320E-01  8.90140E-04
-1.60206E+00  2.45172E+01  1.09854E-01  4.35236E-01  4.80393E-01  4.34127E-01  4.79125E-01  1.99690E-01  8.36454E-04
-1.60206E+00  2.45172E+01  1.38950E-01  6.15753E-01  6.70495E-01  6.14214E-01  6.68785E-01  2.46495E-01  8.16522E-04
-1.60206E+00  2.45172E+01  1.75751E-01  8.71154E-01  9.33860E-01  8.69219E-01  9.31755E-01  2.85901E-01  8.45261E-04
-1.60206E+00  2.45172E+01  2.22300E-01  1.24081E+00  1.30641E+00  1.23855E+00  1.30399E+00  3.09564E-01  9.25588E-04
-1.60206E+00  2.45172E+01  2.81177E-01  1.78076E+00  1.79083E+00  1.77773E+00  1.78824E+00  3.12295E-01  1.02916E-03
-1.60206E+00  2.45172E+01  3.55648E-01  2.14613E+00  2.15485E+00  2.14386E+00  2.15252E+00  2.94656E-01  1.14373E-03
-1.60206E+00  2.45172E+01  4.49843E-01  2.42934E+00  2.47516E+00  2.42743E+00  2.47311E+00  2.62279E-01  1.27051E-03
-1.60206E+00  2.45172E+01  5.68987E-01  2.73493E+00  2.76050E+00  2.73346E+00  2.75902E+00  2.22700E-01  1.41086E-03
-1.60206E+00  2.45172E+01  7.19686E-01  3.01968E+00  3.01493E+00  3.01871E+00  3.01396E+00  1.82370E-01  1.56631E-03
-1.60206E+00  2.45172E+01  9.10298E-01  3.28457E+00  3.27046E+00  3.28414E+00  3.27002E+00  1.45385E-01  1.73851E-03
-1.60206E+00  2.45172E+01  1.15140E+00  3.53514E+00  3.54567E+00  3.53521E+00  3.54575E+00  1.13648E-01  1.92933E-03
-1.60206E+00  2.45172E+01  1.45635E+00  3.79973E+00  3.79525E+00  3.80033E+00  3.79585E+00  8.75717E-02  2.14082E-03
-1.60206E+00  2.45172E+01  1.84207E+00  4.03866E+00  4.04326E+00  4.03976E+00  4.04436E+00  6.67634E-02  2.37525E-03
-1.60206E+00  2.45172E+01  2.32995E+00  4.29988E+00  4.30990E+00  4.30147E+00  4.31148E+00  5.04903E-02  2.63513E-03
-1.60206E+00  2.45172E+01  2.94705E+00  4.52433E+00  4.52295E+00  4.52640E+00  4.52502E+00  3.79445E-02  2.92326E-03
-1.60206E+00  2.45172E+01  3.72759E+00  4.77174E+00  4.77605E+00  4.77429E+00  4.77861E+00  2.83731E-02  3.24274E-03
-1.60206E+00  2.45172E+01  4.71487E+00  4.97561E+00  4.98226E+00  4.97865E+00  4.98531E+00  2.11286E-02  3.59698E-03
-1.60206E+00  2.45172E+01  5.96362E+00  5.26362E+00  5.26888E+00  5.26716E+00  5.27243E+00  1.56792E-02  3.98981E-03
-1.60206E+00  2.45172E+01  7.54312E+00  5.50187E+00  5.52499E+00  5.50594E+00  5.52906E+00  1.16004E-02  4.42542E-03
-1.60206E+00  2.45172E+01  9.54095E+00  5.74662E+00  5.74824E+00  5.75124E+00  5.75286E+00  8.56027E-03  4.90849E-03
-1.60206E+00  2.45172E+01  1.20679E+01  5.91927E+00  5.98550E+00  5.92449E+00  5.99072E+00  6.30215E-03  5.44421E-03
-1.60206E+00  2.45172E+01  1.52642E+01  6.18497E+00  6.19416E+00  6.19083E+00  6.20002E+00  4.63002E-03  6.03833E-03
-1.60206E+00  2.45172E+01  1.93070E+01  6.42541E+00  6.42623E+00  6.43196E+00  6.43278E+00  3.39512E-03  6.69722E-03
-1.60206E+00  2.45172E+01  2.44205E+01  6.67090E+00  6.69212E+00  6.67821E+00  6.69943E+00  2.48529E-03  7.42794E-03
-1.60206E+00  2.45172E+01  3.08884E+01  6.91293E+00  6.92306E+00  6.92108E+00  6.93120E+00  1.81639E-03  8.23835E-03
-1.60206E+00  2.45172E+01  3.90694E+01  7.10371E+00  7.11967E+00  7.11277E+00  7.12874E+00  1.32558E-03  9.13713E-03
-1.60206E+00  2.45172E+01  4.94171E+01  7.37496E+00  7.38812E+00  7.38503E+00  7.39820E+00  9.66088E-04  1.01339E-02
-1.60206E+00  2.45172E+01  6.25055E+01  7.60906E+00  7.63102E+00  7.62026E+00  7.64222E+00  7.03202E-04  1.12394E-02
-1.60206E+00  2.45172E+01  7.90604E+01  7.81509E+00  7.82043E+00  7.82752E+00  7.83286E+00  5.11250E-04  1.24655E-02
-1.60206E+00  2.45172E+01  1.00000E+02  8.07871E+00  8.08843E+00  8.09251E+00  8.10223E+00  3.71289E-04  1.38253E-02
# T =  0  2.50000E-02
# D = 17  7.27895E+24
-1.60206E+00  2.48621E+01  1.00000E-03  1.99286E-04  2.29368E-04  2.02788E-04  2.32736E-04  0.00000E+00  4.64548E-06
-1.60206E+00  2.48621E+01  1.26486E-03  2.83487E-04  3.26209E-04  2.88616E-04  3.31147E-04  2.63165E-18  6.75257E-06
-1.60206E+00  2.48621E+01  1.59986E-03  4.03324E-04  4.63988E-04  4.10823E-04  4.71218E-04  4.48835E-15  9.80571E-06
-1.60206E+00  2.48621E+01  2.02359E-03  5.73727E-04  6.59820E-04  5.84633E-04  6.70346E-04  1.98732E-12  1.41803E-05
-1.60206E+00  2.48621E+01  2.55955E-03  8.16221E-04  9.38345E-04  8.31940E-04  9.53528E-04  2.51775E-10  2.03665E-05
-1.60206E+00  2.48621E+01  3.23746E-03  1.16108E-03  1.33419E-03  1.18351E-03  1.35586E-03  1.18611E-08  2.90230E-05
-1.60206E+00  2.48621E+01  4.09492E-03  1.65174E-03  1.89691E-03  1.68345E-03  1.92756E-03  2.55605E-07  4.10486E-05
-1.60206E+00  2.48621E+01  5.17947E-03  2.34963E-03  2.69655E-03  2.39407E-03  2.73948E-03  2.96823E-06  5.76362E-05
-1.60206E+00  2.48621E+01  6.55129E-03  3.34229E-03  3.83256E-03  3.40400E-03  3.89217E-03  2.11505E-05  8.03544E-05
-1.60206E+00  2.48621E+01  8.28643E-03  4.75434E-03  5.44622E-03  4.83901E-03  5.52797E-03  1.02580E-04  1.10965E-04
-1.60206E+00  2.48621E+01  1.04811E-02  6.76266E-03  7.73713E-03  6.87679E-03  7.84720E-03  3.68175E-04  1.51107E-04
-1.60206E+00  2.48621E+01  1.32571E-02  9.61868E-03  1.09883E-02  9.76939E-03  1.11334E-02  1.04662E-03  2.02556E-04
-1.60206E+00  2.48621E+01  1.67683E-02  1.36796E-02  1.55994E-02  1.38714E-02  1.57835E-02  2.48910E-03  2.64224E-04
-1.60206E+00  2.48621E+01  2.12095E-02  1.94524E-02  2.21341E-02  1.96887E-02  2.23600E-02  5.17121E-03  3.36984E-04
-1.60206E+00  2.48621E+01  2.68270E-02  2.76564E-02  3.13874E-02  2.79327E-02  3.16496E-02  9.70202E-03  4.15373E-04
-1.60206E+00  2.48621E+01  3.39322E-02  3.93105E-02  4.44749E-02  3.96075E-02  4.47530E-02  1.68507E-02  4.87676E-04
-1.60206E+00  2.48621E+01  4.29193E-02  5.58573E-02  6.29623E-02  5.61428E-02  6.32230E-02  2.75804E-02  5.44698E-04
-1.60206E+00  2.48621E+01  5.42868E-02  7.93347E-02  8.90340E-02  7.95528E-02  8.92200E-02  4.30558E-02  5.66662E-04
-1.60206E+00  2.48621E+01  6.86649E-02  1.12616E-01  1.25731E-01  1.12684E-01  1.25759E-01  6.45566E-02  5.30741E-04
-1.60206E+00  2.48621E+01  8.68511E-02  1.59740E-01  1.77266E-01  1.59585E-01  1.77059E-01  9.31903E-02  4.49596E-04
-1.60206E+00  2.48621E+01  1.09854E-01  2.26364E-01  2.49426E-01  2.25953E-01  2.48954E-01  1.29287E-01  3.67293E-04
-1.60206E+00  2.48621E+01  1.38950E-01  3.20379E-01  3.50130E-01  3.19718E-01  3.49397E-01  1.71458E-01  3.19857E-04
-1.60206E+00  2.48621E+01  1.75751E-01  4.52780E-01  4.90158E-01  4.51857E-01  4.89156E-01  2.15635E-01  2.88155E-04
-1.60206E+00  2.48621E+01  2.22300E-01  6.38912E-01  6.84142E-01  6.37714E-01  6.82861E-01  2.54924E-01  2.60144E-04
-1.60206E+00  2.48621E+01  2.81177E-01  9.00622E-01  9.52281E-01  8.99147E-01  9.50723E-01  2.81279E-01  2.35129E-04
-1.60206E+00  2.48621E+01  3.55648E-01  1.27397E+00  1.32737E+00  1.27223E+00  1.32556E+00  2.88858E-01  2.12725E-04
-1.60206E+00  2.48621E+01  4.49843E-01  1.80580E+00  1.85691E+00  1.80386E+00  1.85493E+00  2.76928E-01  1.92601E-04
-1.60206E+00  2.48621E+01  5.68987E-01  2.18337E+00  2.21429E+00  2.18146E+00  2.21236E+00  2.49890E-01  1.74482E-04
-1.60206E+00  2.48621E+01  7.19686E-01  2.51563E+00  2.51154E+00  2.51384E+00  2.50973E+00  2.14591E-01  1.58140E-04
-1.60206E+00  2.48621E+01  9.10298E-01  2.80518E+00  2.80239E+00  2.80356E+00  2.80076E+00  1.77348E-01  1.43379E-04
-1.60206E+00  2.48621E+01  1.15140E+00  3.06063E+00  3.10474E+00  3.05920E+00  3.10330E+00  1.42432E-01  1.30033E-04
-1.60206E+00  2.48621E+01  1.45635E+00  3.36697E+00  3.37315E+00  3.36575E+00  3.37192E+00  1.12011E-01  1.17955E-04
-1.60206E+00  2.48621E+01  1.84207E+00  3.59266E+00  3.63759E+00  3.59161E+00  3.63656E+00  8.67380E-02  1.07018E-04
-1.60206E+00  2.48621E+01  2.32995E+00  3.85652E+00  3.85620E+00  3.85566E+00  3.85534E+00  6.64013E-02  9.71080E-05
-1.60206E+00  2.48621E+01  2.94705E+00  4.12495E+00  4.11218E+00  4.12424E+00  4.11148E+00  5.03924E-02  8.81252E-05
-1.60206E+00  2.48621E+01  3.72759E+00  4.36237E+00  4.36380E+00  4.36180E+00  4.36323E+00  3.79851E-02  7.99802E-05
-1.60206E+00  2.48621E+01  4.71487E+00  4.59137E+00  4.57815E+00  4.59091E+00  4.57770E+00  2.84780E-02  7.25928E-05
-1.60206E+00  2.48621E+01  5.96362E+00  4.86000E+00  4.84524E+00  4.85963E+00  4.84488E+00  2.12557E-02  6.58912E-05
-1.60206E+00  2.48621E+01  7.54312E+00  5.09019E+00  5.09954E+00  5.08990E+00  5.09926E+00  1.58059E-02  5.98108E-05
-1.60206E+00  2.48621E+01  9.54095E+00  5.31964E+00  5.31027E+00  5.31942E+00  5.31005E+00  1.17157E-02  5.42933E-05
-1.60206E+00  2.48621E+01  1.20679E+01  5.56471E+00  5.56976E+00  5.56454E+00  5.56959E+00  8.65971E-03  4.92861E-05
-1.60206E+00  2.48621E+01  1.52642E+01  5.80340E+00  5.80042E+00  5.80327E+00  5.80028E+00  6.38497E-03  4.47416E-05
-1.60206E+00  2.48621E+01  1.93070E+01  6.04716E+00  6.04943E+00  6.04706E+00  6.04933E+00  4.69732E-03  4.06168E-05
-1.60206E+00  2.48621E+01  2.44205E+01  6.28646E+00  6.27676E+00  6.28639E+00  6.27669E+00  3.44880E-03  3.68727E-05
-1.60206E+00  2.48621E+01  3.08884E+01  6.49178E+00  6.47812E+00  6.49172E+00  6.47807E+00  2.52751E-03  3.34741E-05
-1.60206E+00  2.48621E+01  3.90694E+01  6.73250E+00  6.73597E+00  6.73246E+00  6.73593E+00  1.84922E-03  3.03890E-05
-1.60206E+00  2.48621E+01  4.94171E+01  6.98114E+00  6.97555E+00  6.98111E+00  6.97552E+00  1.35088E-03  2.75884E-05
-1.60206E+00  2.48621E+01  6.25055E+01  7.24413E+00  7.22902E+00  7.24411E+00  7.22900E+00  9.85430E-04  2.50460E-05
-1.60206E+00  2.48621E+01  7.90604E+01  7.44240E+00  7.44096E+00  7.44239E+00  7.44095E+00  7.17894E-04  2.27381E-05
-1.60206E+00  2.48621E+01  1.00000E+02  7.67242E+00  7.69177E+00  7.67242E+00  7.69176E+00  5.22349E-04  2.06428E-05
# T =  0  2.50000E-02
# D = 18  1.61026E+25
-1.60206E+00  2.52069E+01  1.00000E-03  1.02373E-04  1.14375E-04  1.03651E-04  1.15619E-04  0.00000E+00  1.63302E-06
-1.60206E+00  2.52069E+01  1.26486E-03  1.45619E-04  1.62675E-04  1.47374E-04  1.64380E-04  0.00000E+00  2.25828E-06
-1.60206E+00  2.52069E+01  1.59986E-03  2.07140E-04  2.31374E-04  2.09543E-04  2.33707E-04  0.00000E+00  3.11797E-06
-1.60206E+00  2.52069E+01  2.02359E-03  2.94682E-04  3.29111E-04  2.97972E-04  3.32302E-04  2.91648E-17  4.30625E-06
-1.60206E+00  2.52069E+01  2.55955E-03  4.19217E-04  4.68111E-04  4.23733E-04  4.72487E-04  3.70065E-14  5.96046E-06
-1.60206E+00  2.52069E+01  3.23746E-03  5.96318E-04  6.65720E-04  6.02545E-04  6.71750E-04  1.07632E-11  8.27693E-06
-1.60206E+00  2.52069E+01  4.09492E-03  8.48331E-04  9.46811E-04  8.56948E-04  9.55149E-04  9.78130E-10  1.15258E-05
-1.60206E+00  2.52069E+01  5.17947E-03  1.20668E-03  1.34631E-03  1.21866E-03  1.35790E-03  3.54347E-08  1.61042E-05
-1.60206E+00  2.52069E+01  6.55129E-03  1.71651E-03  1.91435E-03  1.73324E-03  1.93053E-03  6.20407E-07  2.25658E-05
-1.60206E+00  2.52069E+01  8.28643E-03  2.44156E-03  2.72164E-03  2.46498E-03  2.74428E-03  6.11391E-06  3.16746E-05
-1.60206E+00  2.52069E+01  1.04811E-02  3.47283E-03  3.86887E-03  3.50528E-03  3.90022E-03  3.82734E-05  4.41029E-05
-1.60206E+00  2.52069E+01  1.32571E-02  4.93945E-03  5.49867E-03  4.98353E-03  5.54124E-03  1.67679E-04  6.05164E-05
-1.60206E+00  2.52069E+01  1.67683E-02  7.02489E-03  7.81320E-03  7.08353E-03  7.86973E-03  5.56036E-04  8.17351E-05
-1.60206E+00  2.52069E+01  2.12095E-02  9.98983E-03  1.10988E-02  1.00644E-02  1.11704E-02  1.48725E-03  1.06925E-04
-1.60206E+00  2.52069E+01  2.68270E-02  1.42044E-02  1.57603E-02  1.42945E-02  1.58464E-02  3.37637E-03  1.35264E-04
-1.60206E+00  2.52069E+01  3.39322E-02  2.01940E-02  2.23703E-02  2.02962E-02  2.24671E-02  6.77045E-03  1.65019E-04
-1.60206E+00  2.52069E+01  4.29193E-02  2.87030E-02  3.17352E-02  2.88081E-02  3.18329E-02  1.23606E-02  1.91632E-04
-1.60206E+00  2.52069E+01  5.42868E-02  4.07859E-02  4.49897E-02  4.08761E-02  4.50702E-02  2.10080E-02  2.08883E-04
-1.60206E+00  2.52069E+01  6.86649E-02  5.79330E-02  6.37267E-02  5.79851E-02  6.37661E-02  3.37618E-02  2.13270E-04
-1.60206E+00  2.52069E+01  8.68511E-02  8.22482E-02  9.01728E-02  8.22287E-02  9.01369E-02  5.18147E-02  1.96856E-04
-1.60206E+00  2.52069E+01  1.09854E-01  1.16693E-01  1.27430E-01  1.16572E-01  1.27288E-01  7.63050E-02  1.65824E-04
-1.60206E+00  2.52069E+01  1.38950E-01  1.65421E-01  1.79798E-01  1.65192E-01  1.79543E-01  1.07840E-01  1.45085E-04
-1.60206E+00  2.52069E+01  1.75751E-01  2.34237E-01  2.53193E-01  2.33886E-01  2.52812E-01  1.45671E-01  1.29883E-04
-1.60206E+00  2.52069E+01  2.22300E-01  3.31199E-01  3.55693E-01  3.30710E-01  3.55170E-01  1.86707E-01  1.15956E-04
-1.60206E+00  2.52069E+01  2.81177E-01  4.67426E-01  4.98233E-01  4.66786E-01  4.97555E-01  2.25075E-01  1.03492E-04
-1.60206E+00  2.52069E+01  3.55648E-01  6.58231E-01  6.95514E-01  6.57432E-01  6.94674E-01  2.53244E-01  9.24711E-05
-1.60206E+00  2.52069E+01  4.49843E-01  9.25049E-01  9.67585E-01  9.24090E-01  9.66586E-01  2.64974E-01  8.26953E-05
-1.60206E+00  2.52069E+01  5.68987E-01  1.30142E+00  1.34520E+00  1.30031E+00  1.34406E+00  2.58378E-01  7.40029E-05
-1.60206E+00  2.52069E+01  7.19686E-01  1.82900E+00  1.87930E+00  1.82773E+00  1.87805E+00  2.36597E-01  6.62590E-05
-1.60206E+00  2.52069E+01  9.10298E-01  2.24030E+00  2.24608E+00  2.23906E+00  2.24486E+00  2.05675E-01  5.93500E-05
-1.60206E+00  2.52069E+01  1.15140E+00  2.55771E+00  2.57717E+00  2.55658E+00  2.57603E+00  1.71683E-01  5.31786E-05
-1.60206E+00  2.52069E+01  1.45635E+00  2.85138E+00  2.89136E+00  2.85033E+00  2.89032E+00  1.39001E-01  4.76611E-05
-1.60206E+00  2.52069E+01  1.84207E+00  3.16060E+00  3.14949E+00  3.15968E+00  3.14858E+00  1.10033E-01  4.27245E-05
-1.60206E+00  2.52069E+01  2.32995E+00  3.42524E+00  3.42796E+00  3.42445E+00  3.42716E+00  8.56679E-02  3.83053E-05
-1.60206E+00  2.52069E+01  2.94705E+00  3.69234E+00  3.69479E+00  3.69166E+00  3.69412E+00  6.58779E-02  3.43475E-05
-1.60206E+00  2.52069E+01  3.72759E+00  3.93499E+00  3.95037E+00  3.93443E+00  3.94981E+00  5.01859E-02  3.08017E-05
-1.60206E+00  2.52069E+01  4.71487E+00  4.17244E+00  4.18128E+00  4.17198E+00  4.18082E+00  3.79531E-02  2.76240E-05
-1.60206E+00  2.52069E+01  5.96362E+00  4.42254E+00  4.44195E+00  4.42216E+00  4.44157E+00  2.85348E-02  2.47757E-05
-1.60206E+00  2.52069E+01  7.54312E+00  4.69211E+00  4.68734E+00  4.69181E+00  4.68703E+00  2.13512E-02  2.22221E-05
-1.60206E+00  2.52069E+01  9.54095E+00  4.91699E+00  4.90975E+00  4.91675E+00  4.90951E+00  1.59120E-02  1.99325E-05
-1.60206E+00  2.52069E+01  1.20679E+01  5.15114E+00  5.16712E+00  5.15095E+00  5.16692E+00  1.18176E-02  1.78793E-05
-1.60206E+00  2.52069E+01  1.52642E+01  5.38604E+00  5.38440E+00  5.38588E+00  5.38425E+00  8.75053E-03  1.60380E-05
-1.60206E+00  2.52069E+01  1.93070E+01  5.62645E+00  5.64727E+00  5.62633E+00  5.64714E+00  6.46231E-03  1.43866E-05
-1.60206E+00  2.52069E+01  2.44205E+01  5.85930E+00  5.85712E+00  5.85920E+00  5.85702E+00  4.76116E-03  1.29055E-05
-1.60206E+00  2.52069E+01  3.08884E+01  6.10172E+00  6.12108E+00  6.10164E+00  6.12101E+00  3.50035E-03  1.15769E-05
-1.60206E+00  2.52069E+01  3.90694E+01  6.35516E+00  6.34239E+00  6.35510E+00  6.34233E+00  2.56843E-03  1.03852E-05
-1.60206E+00  2.52069E+01  4.94171E+01  6.59917E+00  6.62274E+00  6.59912E+00  6.62270E+00  1.88128E-03  9.31629E-06
-1.60206E+00  2.52069E+01  6.25055E+01  6.80155E+00  6.81166E+00  6.80151E+00  6.81162E+00  1.37573E-03  8.35742E-06
-1.60206E+00  2.52069E+01  7.90604E+01  7.03135E+00  7.04471E+00  7.03132E+00  7.04468E+00  1.00453E-03  7.49727E-06
-1.60206E+00  2.52069E+01  1.00000E+02  7.29599E+00  7.32014E+00  7.29597E+00  7.32012E+00  7.32466E-04  6.72568E-06
# T =  0  2.50000E-02
# D = 19  3.56225E+25
-1.60206E+00  2.55517E+01  1.00000E-03  5.20608E-05  5.68012E-05  5.24409E-05  5.71729E-05  0.00000E+00  4.87341E-07
-1.60206E+00  2.55517E+01  1.26486E-03  7.40796E-05  8.08209E-05  7.46019E-05  8.13311E-05  0.00000E+00  6.74765E-07
-1.60206E+00  2.55517E+01  1.59986E-03  1.05363E-04  1.14946E-04  1.06080E-04  1.15645E-04  0.00000E+00  9.33171E-07
-1.60206E+00  2.55517E+01  2.02359E-03  1.49861E-04  1.63480E-04  1.50844E-04  1.64439E-04  0.00000E+00  1.29140E-06
-1.60206E+00  2.55517E+01  2.55955E-03  2.13155E-04  2.32509E-04  2.14509E-04  2.33828E-04  0.00000E+00  1.79120E-06
-1.60206E+00  2.55517E+01  3.23746E-03  3.03253E-04  3.30752E-04  3.05125E-04  3.32576E-04  3.44200E-16  2.49390E-06
-1.60206E+00  2.55517E+01  4.09492E-03  4.31328E-04  4.70383E-04  4.33936E-04  4.72922E-04  2.64935E-13  3.49074E-06
-1.60206E+00  2.55517E+01  5.17947E-03  6.13511E-04  6.68962E-04  6.17177E-04  6.72529E-04  5.21348E-11  4.91763E-06
-1.60206E+00  2.55517E+01  6.55129E-03  8.72741E-04  9.51433E-04  8.77949E-04  9.56502E-04  3.47885E-09  6.98372E-06
-1.60206E+00  2.55517E+01  8.28643E-03  1.24135E-03  1.35296E-03  1.24884E-03  1.36025E-03  9.87201E-08  1.00018E-05
-1.60206E+00  2.55517E+01  1.04811E-02  1.76577E-03  1.92398E-03  1.77657E-03  1.93450E-03  1.42494E-06  1.43644E-05
-1.60206E+00  2.55517E+01  1.32571E-02  2.51151E-03  2.73556E-03  2.52695E-03  2.75062E-03  1.20554E-05  2.04860E-05
-1.60206E+00  2.55517E+01  1.67683E-02  3.57213E-03  3.88911E-03  3.59391E-03  3.91035E-03  6.69159E-05  2.88945E-05
-1.60206E+00  2.55517E+01  2.12095E-02  5.08034E-03  5.52818E-03  5.11042E-03  5.55750E-03  2.66802E-04  4.01082E-05
-1.60206E+00  2.55517E+01  2.68270E-02  7.22473E-03  7.85652E-03  7.26542E-03  7.89616E-03  8.22347E-04  5.47902E-05
-1.60206E+00  2.55517E+01  3.39322E-02  1.02731E-02  1.11627E-02  1.03257E-02  1.12138E-02  2.07940E-03  7.23117E-05
-1.60206E+00  2.55517E+01  4.29193E-02  1.46057E-02  1.58550E-02  1.46693E-02  1.59165E-02  4.52238E-03  9.10986E-05
-1.60206E+00  2.55517E+01  5.42868E-02  2.07619E-02  2.25113E-02  2.08316E-02  2.25783E-02  8.77477E-03  1.07976E-04
-1.60206E+00  2.55517E+01  6.86649E-02  2.95060E-02  3.19466E-02  2.95725E-02  3.20095E-02  1.56119E-02  1.19335E-04
-1.60206E+00  2.55517E+01  8.68511E-02  4.19194E-02  4.53087E-02  4.19657E-02  4.53502E-02  2.59779E-02  1.18707E-04
-1.60206E+00  2.55517E+01  1.09854E-01  5.95320E-02  6.42114E-02  5.95370E-02  6.42101E-02  4.09673E-02  1.03228E-04
-1.60206E+00  2.55517E+01  1.38950E-01  8.45006E-02  9.09142E-02  8.44496E-02  9.08550E-02  6.16942E-02  8.08641E-05
-1.60206E+00  2.55517E+01  1.75751E-01  1.19859E-01  1.28569E-01  1.19747E-01  1.28447E-01  8.89337E-02  6.32804E-05
-1.60206E+00  2.55517E+01  2.22300E-01  1.69860E-01  1.81550E-01  1.69686E-01  1.81363E-01  1.22431E-01  5.40523E-05
-1.60206E+00  2.55517E+01  2.81177E-01  2.40435E-01  2.55886E-01  2.40190E-01  2.55626E-01  1.59966E-01  4.75384E-05
-1.60206E+00  2.55517E+01  3.55648E-01  3.39802E-01  3.59815E-01  3.39476E-01  3.59472E-01  1.96700E-01  4.18674E-05
-1.60206E+00  2.55517E+01  4.49843E-01  4.79245E-01  5.04466E-01  4.78830E-01  5.04033E-01  2.25807E-01  3.69100E-05
-1.60206E+00  2.55517E+01  5.68987E-01  6.74161E-01  7.04729E-01  6.73654E-01  7.04202E-01  2.40917E-01  3.25651E-05
-1.60206E+00  2.55517E+01  7.19686E-01  9.45615E-01  9.80526E-01  9.45015E-01  9.79907E-01  2.39173E-01  2.87493E-05
-1.60206E+00  2.55517E+01  9.10298E-01  1.32487E+00  1.36081E+00  1.32419E+00  1.36011E+00  2.22478E-01  2.53927E-05
-1.60206E+00  2.55517E+01  1.15140E+00  1.87114E+00  1.90917E+00  1.87038E+00  1.90840E+00  1.95974E-01  2.24365E-05
-1.60206E+00  2.55517E+01  1.45635E+00  2.28232E+00  2.28292E+00  2.28157E+00  2.28217E+00  1.65370E-01  1.98303E-05
-1.60206E+00  2.55517E+01  1.84207E+00  2.62494E+00  2.61651E+00  2.62412E+00  2.61580E+00  1.35077E-01  1.75309E-05
-1.60206E+00  2.55517E+01  2.32995E+00  2.92845E+00  2.93195E+00  2.92781E+00  2.93131E+00  1.07698E-01  1.55010E-05
-1.60206E+00  2.55517E+01  2.94705E+00  3.19728E+00  3.20352E+00  3.19670E+00  3.20295E+00  8.43470E-02  1.37080E-05
-1.60206E+00  2.55517E+01  3.72759E+00  3.47037E+00  3.48905E+00  3.46987E+00  3.48855E+00  6.51821E-02  1.21239E-05
-1.60206E+00  2.55517E+01  4.71487E+00  3.73715E+00  3.73741E+00  3.73673E+00  3.73699E+00  4.98624E-02  1.07238E-05
-1.60206E+00  2.55517E+01  5.96362E+00  4.00793E+00  4.00827E+00  4.00757E+00  4.00791E+00  3.78426E-02  9.48602E-06
-1.60206E+00  2.55517E+01  7.54312E+00  4.26929E+00  4.26650E+00  4.26900E+00  4.26620E+00  2.85393E-02  8.39160E-06
-1.60206E+00  2.55517E+01  9.54095E+00  4.49269E+00  4.50076E+00  4.49245E+00  4.50051E+00  2.14121E-02  7.42377E-06
-1.60206E+00  2.55517E+01  1.20679E+01  4.75393E+00  4.73977E+00  4.75373E+00  4.73957E+00  1.59954E-02  6.56779E-06
-1.60206E+00  2.55517E+01  1.52642E+01  4.97432E+00  4.95447E+00  4.97416E+00  4.95431E+00  1.19047E-02  5.81067E-06
-1.60206E+00  2.55517E+01  1.93070E+01  5.21045E+00  5.24474E+00  5.21032E+00  5.24461E+00  8.83179E-03  5.14095E-06
-1.60206E+00  2.55517E+01  2.44205E+01  5.49179E+00  5.49323E+00  5.49169E+00  5.49313E+00  6.53350E-03  4.54849E-06
-1.60206E+00  2.55517E+01  3.08884E+01  5.72660E+00  5.71805E+00  5.72652E+00  5.71797E+00  4.82111E-03  4.02436E-06
-1.60206E+00  2.55517E+01  3.90694E+01  5.93011E+00  5.91779E+00  5.93004E+00  5.91773E+00  3.54945E-03  3.56067E-06
-1.60206E+00  2.55517E+01  4.94171E+01  6.17935E+00  6.17770E+00  6.17929E+00  6.17765E+00  2.60784E-03  3.15043E-06
-1.60206E+00  2.55517E+01  6.25055E+01  6.41692E+00  6.41205E+00  6.41688E+00  6.41201E+00  1.91243E-03  2.78748E-06
-1.60206E+00  2.55517E+01  7.90604E+01  6.67022E+00  6.66462E+00  6.67019E+00  6.66459E+00  1.40005E-03  2.46635E-06
-1.60206E+00  2.55517E+01  1.00000E+02  6.92145E+00  6.88728E+00  6.92142E+00  6.88726E+00  1.02333E-03  2.18223E-06
# T =  0  2.50000E-02
# D = 20  7.88046E+25
-1.60206E+00  2.58966E+01  1.00000E-03  2.62175E-05  2.80729E-05  2.63119E-05  2.81652E-05  0.00000E+00  1.26084E-07
-1.60206E+00  2.58966E+01  1.26486E-03  3.73139E-05  3.99534E-05  3.74539E-05  4.00906E-05  0.00000E+00  1.85227E-07
-1.60206E+00  2.58966E+01  1.59986E-03  5.30854E-05  5.68389E-05  5.32929E-05  5.70424E-05  0.00000E+00  2.71758E-07
-1.60206E+00  2.58966E+01  2.02359E-03  7.54992E-05  8.08354E-05  7.58047E-05  8.11350E-05  0.00000E+00  3.96702E-07
-1.60206E+00  2.58966E+01  2.55955E-03  1.07389E-04  1.14975E-04  1.07834E-04  1.15412E-04  0.00000E+00  5.74421E-07
-1.60206E+00  2.58966E+01  3.23746E-03  1.52748E-04  1.63531E-04  1.53388E-04  1.64159E-04  0.00000E+00  8.24223E-07
-1.60206E+00  2.58966E+01  4.09492E-03  2.17324E-04  2.32651E-04  2.18235E-04  2.33545E-04  3.18445E-18  1.17268E-06
-1.60206E+00  2.58966E+01  5.17947E-03  3.09131E-04  3.30909E-04  3.10413E-04  3.32167E-04  3.40764E-15  1.65393E-06
-1.60206E+00  2.58966E+01  6.55129E-03  4.39704E-04  4.70638E-04  4.41489E-04  4.72390E-04  1.66339E-12  2.31323E-06
-1.60206E+00  2.58966E+01  8.28643E-03  6.25496E-04  6.69423E-04  6.27952E-04  6.71832E-04  2.27637E-10  3.20604E-06
-1.60206E+00  2.58966E+01  1.04811E-02  8.89714E-04  9.52068E-04  8.93070E-04  9.55358E-04  1.13981E-08  4.42000E-06
-1.60206E+00  2.58966E+01  1.32571E-02  1.26550E-03  1.35397E-03  1.27008E-03  1.35845E-03  2.57745E-07  6.08829E-06
-1.60206E+00  2.58966E+01  1.67683E-02  1.80005E-03  1.92548E-03  1.80627E-03  1.93157E-03  3.10900E-06  8.35585E-06
-1.60206E+00  2.58966E+01  2.12095E-02  2.56020E-03  2.73792E-03  2.56876E-03  2.74629E-03  2.28256E-05  1.15742E-05
-1.60206E+00  2.58966E+01  2.68270E-02  3.64118E-03  3.89269E-03  3.65301E-03  3.90426E-03  1.13316E-04  1.60857E-05
-1.60206E+00  2.58966E+01  3.39322E-02  5.17830E-03  5.53388E-03  5.19419E-03  5.54941E-03  4.14045E-04  2.18969E-05
-1.60206E+00  2.58966E+01  4.29193E-02  7.36367E-03  7.86563E-03  7.38402E-03  7.88547E-03  1.19281E-03  2.87889E-05
-1.60206E+00  2.58966E+01  5.42868E-02  1.04702E-02  1.11775E-02  1.04942E-02  1.12008E-02  2.86366E-03  3.58185E-05
-1.60206E+00  2.58966E+01  6.86649E-02  1.48854E-02  1.58797E-02  1.49104E-02  1.59038E-02  5.98510E-03  4.15371E-05
-1.60206E+00  2.58966E+01  8.68511E-02  2.11584E-02  2.25524E-02  2.11805E-02  2.25732E-02  1.12595E-02  4.49778E-05
-1.60206E+00  2.58966E+01  1.09854E-01  3.00679E-02  3.20151E-02  3.00808E-02  3.20262E-02  1.95409E-02  4.45389E-05
-1.60206E+00  2.58966E+01  1.38950E-01  4.27157E-02  4.54242E-02  4.27104E-02  4.54165E-02  3.18279E-02  3.80292E-05
-1.60206E+00  2.58966E+01  1.75751E-01  6.06591E-02  6.44052E-02  6.06309E-02  6.43740E-02  4.91793E-02  3.07336E-05
-1.60206E+00  2.58966E+01  2.22300E-01  8.60940E-02  9.12398E-02  8.60414E-02  9.11832E-02  7.24533E-02  2.64917E-05
-1.60206E+00  2.58966E+01  2.81177E-01  1.22109E-01  1.29114E-01  1.22028E-01  1.29028E-01  1.01753E-01  2.33566E-05
-1.60206E+00  2.58966E+01  3.55648E-01  1.73034E-01  1.82462E-01  1.72917E-01  1.82339E-01  1.35585E-01  2.06199E-05
-1.60206E+00  2.58966E+01  4.49843E-01  2.44901E-01  2.57400E-01  2.44744E-01  2.57235E-01  1.70105E-01  1.82218E-05
-1.60206E+00  2.58966E+01  5.68987E-01  3.46063E-01  3.62304E-01  3.45858E-01  3.62091E-01  1.99319E-01  1.61149E-05
-1.60206E+00  2.58966E+01  7.19686E-01  4.87954E-01  5.08490E-01  4.87698E-01  5.08224E-01  2.16987E-01  1.42602E-05
-1.60206E+00  2.58966E+01  9.10298E-01  6.86031E-01  7.10996E-01  6.85720E-01  7.10675E-01  2.19518E-01  1.26248E-05
-1.60206E+00  2.58966E+01  1.15140E+00  9.61180E-01  9.89770E-01  9.60814E-01  9.89395E-01  2.07641E-01  1.11811E-05
-1.60206E+00  2.58966E+01  1.45635E+00  1.34283E+00  1.37238E+00  1.34242E+00  1.37195E+00  1.85529E-01  9.90532E-06
-1.60206E+00  2.58966E+01  1.84207E+00  1.89581E+00  1.94234E+00  1.89536E+00  1.94188E+00  1.58413E-01  8.77711E-06
-1.60206E+00  2.58966E+01  2.32995E+00  2.31219E+00  2.35833E+00  2.31174E+00  2.35787E+00  1.30648E-01  7.77879E-06
-1.60206E+00  2.58966E+01  2.94705E+00  2.65837E+00  2.66626E+00  2.65794E+00  2.66583E+00  1.04991E-01  6.89499E-06
-1.60206E+00  2.58966E+01  3.72759E+00  2.98137E+00  2.98133E+00  2.98098E+00  2.98093E+00  8.27615E-02  6.11229E-06
-1.60206E+00  2.58966E+01  4.71487E+00  3.27604E+00  3.27543E+00  3.27569E+00  3.27507E+00  6.43025E-02  5.41891E-06
-1.60206E+00  2.58966E+01  5.96362E+00  3.55031E+00  3.55360E+00  3.55000E+00  3.55329E+00  4.94133E-02  4.80452E-06
-1.60206E+00  2.58966E+01  7.54312E+00  3.81579E+00  3.82418E+00  3.81553E+00  3.82332E+00  3.76473E-02  4.26002E-06
-1.60206E+00  2.58966E+01  9.54095E+00  4.05572E+00  4.05453E+00  4.05549E+00  4.05431E+00  2.84871E-02  3.77740E-06
-1.60206E+00  2.58966E+01  1.20679E+01  4.32896E+00  4.33339E+00  4.32878E+00  4.33320E+00  2.14353E-02  3.34956E-06
-1.60206E+00  2.58966E+01  1.52642E+01  4.54681E+00  4.54873E+00  4.54666E+00  4.54858E+00  1.60539E-02  2.97026E-06
-1.60206E+00  2.58966E+01  1.93070E+01  4.82088E+00  4.83007E+00  4.82076E+00  4.82994E+00  1.19755E-02  2.63397E-06
-1.60206E+00  2.58966E+01  2.44205E+01  5.06751E+00  5.06396E+00  5.06741E+00  5.06386E+00  8.90243E-03  2.33580E-06
-1.60206E+00  2.58966E+01  3.08884E+01  5.30297E+00  5.29425E+00  5.30289E+00  5.29417E+00  6.59785E-03  2.07140E-06
-1.60206E+00  2.58966E+01  3.90694E+01  5.53488E+00  5.55494E+00  5.53481E+00  5.55487E+00  4.87668E-03  1.83696E-06
-1.60206E+00  2.58966E+01  4.94171E+01  5.78480E+00  5.78305E+00  5.78474E+00  5.78300E+00  3.59578E-03  1.62906E-06
-1.60206E+00  2.58966E+01  6.25055E+01  6.02519E+00  6.02137E+00  6.02515E+00  6.02133E+00  2.64552E-03  1.44470E-06
-1.60206E+00  2.58966E+01  7.90604E+01  6.26571E+00  6.25331E+00  6.26568E+00  6.25328E+00  1.94252E-03  1.28121E-06
-1.60206E+00  2.58966E+01  1.00000E+02  6.46179E+00  6.46629E+00  6.46176E+00  6.46626E+00  1.42373E-03  1.13623E-06
# T =  0  2.50000E-02
# D = 21  1.74333E+26
-1.60206E+00  2.62414E+01  1.00000E-03  1.31081E-05  1.38289E-05  1.31350E-05  1.38553E-05  0.00000E+00  3.61924E-08
-1.60206E+00  2.62414E+01  1.26486E-03  1.86544E-05  1.96798E-05  1.86946E-05  1.97193E-05  0.00000E+00  5.32763E-08
-1.60206E+00  2.62414E+01  1.59986E-03  2.65309E-05  2.79889E-05  2.65906E-05  2.80477E-05  0.00000E+00  7.83763E-08
-1.60206E+00  2.62414E+01  2.02359E-03  3.77277E-05  3.98008E-05  3.78160E-05  3.98878E-05  0.00000E+00  1.14862E-07
-1.60206E+00  2.62414E+01  2.55955E-03  5.36600E-05  5.66077E-05  5.37895E-05  5.67353E-05  0.00000E+00  1.67267E-07
-1.60206E+00  2.62414E+01  3.23746E-03  7.63249E-05  8.05160E-05  7.65130E-05  8.07014E-05  0.00000E+00  2.41696E-07
-1.60206E+00  2.62414E+01  4.09492E-03  1.08572E-04  1.14530E-04  1.08842E-04  1.14797E-04  0.00000E+00  3.46310E-07
-1.60206E+00  2.62414E+01  5.17947E-03  1.54487E-04  1.62960E-04  1.54870E-04  1.63337E-04  0.00000E+00  4.91830E-07
-1.60206E+00  2.62414E+01  6.55129E-03  2.19747E-04  2.31788E-04  2.20285E-04  2.32318E-04  2.11719E-17  6.92067E-07
-1.60206E+00  2.62414E+01  8.28643E-03  3.12569E-04  3.29679E-04  3.13315E-04  3.30414E-04  2.90288E-14  9.64937E-07
-1.60206E+00  2.62414E+01  1.04811E-02  4.44614E-04  4.68924E-04  4.45642E-04  4.69936E-04  9.24402E-12  1.33868E-06
-1.60206E+00  2.62414E+01  1.32571E-02  6.32511E-04  6.67041E-04  6.33933E-04  6.68440E-04  9.02517E-10  1.86292E-06
-1.60206E+00  2.62414E+01  1.67683E-02  8.99660E-04  9.48680E-04  9.01642E-04  9.50631E-04  3.46011E-08  2.60823E-06
-1.60206E+00  2.62414E+01  2.12095E-02  1.27973E-03  1.34930E-03  1.28254E-03  1.35207E-03  6.33522E-07  3.69997E-06
-1.60206E+00  2.62414E+01  2.68270E-02  1.82019E-03  1.91885E-03  1.82423E-03  1.92283E-03  6.46708E-06  5.29513E-06
-1.60206E+00  2.62414E+01  3.39322E-02  2.58891E-03  2.72873E-03  2.59469E-03  2.73443E-03  4.16184E-05  7.56231E-06
-1.60206E+00  2.62414E+01  4.29193E-02  3.68190E-03  3.87989E-03  3.69002E-03  3.88789E-03  1.86279E-04  1.06330E-05
-1.60206E+00  2.62414E+01  5.42868E-02  5.23618E-03  5.51623E-03  5.24715E-03  5.52702E-03  6.27809E-04  1.45020E-05
-1.60206E+00  2.62414E+01  6.86649E-02  7.44595E-03  7.84152E-03  7.45994E-03  7.85527E-03  1.69910E-03  1.89673E-05
-1.60206E+00  2.62414E+01  8.68511E-02  1.05870E-02  1.11448E-02  1.06035E-02  1.11609E-02  3.88780E-03  2.34286E-05
-1.60206E+00  2.62414E+01  1.09854E-01  1.50511E-02  1.58359E-02  1.50678E-02  1.58522E-02  7.82916E-03  2.64519E-05
-1.60206E+00  2.62414E+01  1.38950E-01  2.13935E-02  2.24949E-02  2.14057E-02  2.25066E-02  1.43012E-02  2.57995E-05
-1.60206E+00  2.62414E+01  1.75751E-01  3.04012E-02  3.19418E-02  3.04039E-02  3.19437E-02  2.42167E-02  2.14484E-05
-1.60206E+00  2.62414E+01  2.22300E-01  4.31885E-02  4.53346E-02  4.31782E-02  4.53232E-02  3.85674E-02  1.53033E-05
-1.60206E+00  2.62414E+01  2.81177E-01  6.13305E-02  6.43042E-02  6.13060E-02  6.42782E-02  5.82371E-02  1.02896E-05
-1.60206E+00  2.62414E+01  3.55648E-01  8.70489E-02  9.11424E-02  8.70091E-02  9.11007E-02  8.35702E-02  6.95885E-06
-1.60206E+00  2.62414E+01  4.49843E-01  1.23469E-01  1.29055E-01  1.23411E-01  1.28996E-01  1.13651E-01  4.72837E-06
-1.60206E+00  2.62414E+01  5.68987E-01  1.74971E-01  1.82512E-01  1.74893E-01  1.82431E-01  1.45530E-01  3.22453E-06
-1.60206E+00  2.62414E+01  7.19686E-01  2.47666E-01  2.57696E-01  2.47563E-01  2.57591E-01  1.74108E-01  2.20522E-06
-1.60206E+00  2.62414E+01  9.10298E-01  3.50010E-01  3.63094E-01  3.49880E-01  3.62960E-01  1.93506E-01  1.51147E-06
-1.60206E+00  2.62414E+01  1.15140E+00  4.93578E-01  5.10193E-01  4.93417E-01  5.10028E-01  1.99650E-01  1.03777E-06
-1.60206E+00  2.62414E+01  1.45635E+00  6.93939E-01  7.14232E-01  6.93747E-01  7.14035E-01  1.92227E-01  7.13498E-07
-1.60206E+00  2.62414E+01  1.84207E+00  9.71826E-01  9.95182E-01  9.71602E-01  9.94953E-01  1.74403E-01  4.91078E-07
-1.60206E+00  2.62414E+01  2.32995E+00  1.35530E+00  1.37959E+00  1.35504E+00  1.37933E+00  1.50830E-01  3.38279E-07
-1.60206E+00  2.62414E+01  2.94705E+00  1.92269E+00  1.93712E+00  1.92242E+00  1.93684E+00  1.25711E-01  2.33178E-07
-1.60206E+00  2.62414E+01  3.72759E+00  2.38263E+00  2.37738E+00  2.38236E+00  2.37711E+00  1.01900E-01  1.60815E-07
-1.60206E+00  2.62414E+01  4.71487E+00  2.73514E+00  2.73468E+00  2.73488E+00  2.73442E+00  8.08987E-02  1.10955E-07
-1.60206E+00  2.62414E+01  5.96362E+00  3.03842E+00  3.04345E+00  3.03817E+00  3.04321E+00  6.32282E-02  7.65785E-08
-1.60206E+00  2.62414E+01  7.54312E+00  3.31599E+00  3.31708E+00  3.31577E+00  3.31686E+00  4.88302E-02  5.28664E-08
-1.60206E+00  2.62414E+01  9.54095E+00  3.58995E+00  3.58328E+00  3.58976E+00  3.58308E+00  3.73608E-02  3.65040E-08
-1.60206E+00  2.62414E+01  1.20679E+01  3.84558E+00  3.85539E+00  3.84541E+00  3.85522E+00  2.83735E-02  2.52099E-08
-1.60206E+00  2.62414E+01  1.52642E+01  4.12685E+00  4.13507E+00  4.12671E+00  4.13493E+00  2.14176E-02  1.74123E-08
-1.60206E+00  2.62414E+01  1.93070E+01  4.37348E+00  4.37800E+00  4.37336E+00  4.37788E+00  1.60852E-02  1.20278E-08
-1.60206E+00  2.62414E+01  2.44205E+01  4.65337E+00  4.66032E+00  4.65327E+00  4.66023E+00  1.20284E-02  8.30902E-09
-1.60206E+00  2.62414E+01  3.08884E+01  4.87620E+00  4.87701E+00  4.87612E+00  4.87693E+00  8.96138E-03  5.74038E-09
-1.60206E+00  2.62414E+01  3.90694E+01  5.13488E+00  5.13243E+00  5.13481E+00  5.13237E+00  6.65461E-03  3.96600E-09
-1.60206E+00  2.62414E+01  4.94171E+01  5.36049E+00  5.34840E+00  5.36044E+00  5.34835E+00  4.92736E-03  2.74020E-09
-1.60206E+00  2.62414E+01  6.25055E+01  5.60579E+00  5.60021E+00  5.60575E+00  5.60016E+00  3.63900E-03  1.89332E-09
-1.60206E+00  2.62414E+01  7.90604E+01  5.83609E+00  5.84415E+00  5.83606E+00  5.84412E+00  2.68124E-03  1.30821E-09
-1.60206E+00  2.62414E+01  1.00000E+02  6.09470E+00  6.08925E+00  6.09468E+00  6.08922E+00  1.97139E-03  9.03941E-10
# T =  0  2.50000E-02
# D = 22  3.85662E+26
-1.60206E+00  2.65862E+01  1.00000E-03  6.51413E-06  6.79206E-06  6.52299E-06  6.80082E-06  0.00000E+00  1.15210E-08
-1.60206E+00  2.65862E+01  1.26486E-03  9.25948E-06  9.65462E-06  9.27169E-06  9.66668E-06  0.00000E+00  1.59873E-08
-1.60206E+00  2.65862E+01  1.59986E-03  1.31644E-05  1.37262E-05  1.31812E-05  1.37429E-05  0.00000E+00  2.21896E-08
-1.60206E+00  2.65862E+01  2.02359E-03  1.87216E-05  1.95206E-05  1.87449E-05  1.95436E-05  0.00000E+00  3.08923E-08
-1.60206E+00  2.65862E+01  2.55955E-03  2.66296E-05  2.77659E-05  2.66621E-05  2.77979E-05  0.00000E+00  4.32638E-08
-1.60206E+00  2.65862E+01  3.23746E-03  3.78753E-05  3.94912E-05  3.79210E-05  3.95363E-05  0.00000E+00  6.11003E-08
-1.60206E+00  2.65862E+01  4.09492E-03  5.38789E-05  5.61769E-05  5.39441E-05  5.62413E-05  0.00000E+00  8.71441E-08
-1.60206E+00  2.65862E+01  5.17947E-03  7.66695E-05  7.99380E-05  7.67640E-05  8.00314E-05  0.00000E+00  1.25733E-07
-1.60206E+00  2.65862E+01  6.55129E-03  1.09071E-04  1.13718E-04  1.09210E-04  1.13856E-04  0.00000E+00  1.83824E-07
-1.60206E+00  2.65862E+01  8.28643E-03  1.55127E-04  1.61733E-04  1.55336E-04  1.61940E-04  0.00000E+00  2.72432E-07
-1.60206E+00  2.65862E+01  1.04811E-02  2.20651E-04  2.30041E-04  2.20966E-04  2.30353E-04  2.50238E-16  4.04536E-07
-1.60206E+00  2.65862E+01  1.32571E-02  3.13861E-04  3.27207E-04  3.14328E-04  3.27669E-04  2.14218E-13  5.94704E-07
-1.60206E+00  2.65862E+01  1.67683E-02  4.46515E-04  4.65480E-04  4.47196E-04  4.66155E-04  4.58632E-11  8.61893E-07
-1.60206E+00  2.65862E+01  2.12095E-02  6.35090E-04  6.62029E-04  6.36055E-04  6.62983E-04  3.27122E-09  1.22066E-06
-1.60206E+00  2.65862E+01  2.68270E-02  9.03322E-04  9.41573E-04  9.04652E-04  9.42888E-04  9.78438E-08  1.69335E-06
-1.60206E+00  2.65862E+01  3.39322E-02  1.28494E-03  1.33923E-03  1.28673E-03  1.34100E-03  1.47215E-06  2.31057E-06
-1.60206E+00  2.65862E+01  4.29193E-02  1.82751E-03  1.90453E-03  1.82991E-03  1.90689E-03  1.28679E-05  3.12324E-06
-1.60206E+00  2.65862E+01  5.42868E-02  2.59931E-03  2.70850E-03  2.60249E-03  2.71164E-03  7.32679E-05  4.20925E-06
-1.60206E+00  2.65862E+01  6.86649E-02  3.69660E-03  3.85127E-03  3.70083E-03  3.85544E-03  2.97889E-04  5.68469E-06
-1.60206E+00  2.65862E+01  8.68511E-02  5.25704E-03  5.47591E-03  5.26235E-03  5.48113E-03  9.31566E-04  7.36048E-06
-1.60206E+00  2.65862E+01  1.09854E-01  7.47558E-03  7.78489E-03  7.48157E-03  7.79077E-03  2.37944E-03  8.87703E-06
-1.60206E+00  2.65862E+01  1.38950E-01  1.06292E-02  1.10657E-02  1.06351E-02  1.10714E-02  5.20631E-03  9.94212E-06
-1.60206E+00  2.65862E+01  1.75751E-01  1.51112E-02  1.57259E-02  1.51152E-02  1.57296E-02  1.01226E-02  9.61716E-06
-1.60206E+00  2.65862E+01  2.22300E-01  2.14795E-02  2.23430E-02  2.14792E-02  2.23423E-02  1.79676E-02  7.52905E-06
-1.60206E+00  2.65862E+01  2.81177E-01  3.05246E-02  3.17338E-02  3.05191E-02  3.17279E-02  2.96671E-02  5.38489E-06
-1.60206E+00  2.65862E+01  3.55648E-01  4.33658E-02  4.50526E-02  4.33548E-02  4.50411E-02  4.60972E-02  3.86814E-06
-1.60206E+00  2.65862E+01  4.49843E-01  6.15863E-02  6.39279E-02  6.15688E-02  6.39097E-02  6.77550E-02  2.78883E-06
-1.60206E+00  2.65862E+01  5.68987E-01  8.74191E-02  9.06492E-02  8.73938E-02  9.06230E-02  9.41631E-02  2.01642E-06
-1.60206E+00  2.65862E+01  7.19686E-01  1.24007E-01  1.28427E-01  1.23972E-01  1.28391E-01  1.23137E-01  1.46118E-06
-1.60206E+00  2.65862E+01  9.10298E-01  1.75758E-01  1.81742E-01  1.75712E-01  1.81694E-01  1.50463E-01  1.06067E-06
-1.60206E+00  2.65862E+01  1.15140E+00  2.48826E-01  2.56814E-01  2.48765E-01  2.56752E-01  1.70796E-01  7.70985E-07
-1.60206E+00  2.65862E+01  1.45635E+00  3.51732E-01  3.62197E-01  3.51655E-01  3.62118E-01  1.79839E-01  5.61017E-07
-1.60206E+00  2.65862E+01  1.84207E+00  4.96160E-01  5.09516E-01  4.96065E-01  5.09419E-01  1.76410E-01  4.08574E-07
-1.60206E+00  2.65862E+01  2.32995E+00  6.97823E-01  7.14232E-01  6.97709E-01  7.14116E-01  1.62686E-01  2.97751E-07
-1.60206E+00  2.65862E+01  2.94705E+00  9.77352E-01  9.96369E-01  9.77219E-01  9.96235E-01  1.42655E-01  2.17101E-07
-1.60206E+00  2.65862E+01  3.72759E+00  1.36194E+00  1.38191E+00  1.36179E+00  1.38176E+00  1.20271E-01  1.58361E-07
-1.60206E+00  2.65862E+01  4.71487E+00  1.93329E+00  1.94073E+00  1.93313E+00  1.94057E+00  9.84179E-02  1.15551E-07
-1.60206E+00  2.65862E+01  5.96362E+00  2.42100E+00  2.42475E+00  2.42084E+00  2.42458E+00  7.87477E-02  8.43359E-08
-1.60206E+00  2.65862E+01  7.54312E+00  2.78198E+00  2.78778E+00  2.78182E+00  2.78762E+00  6.19488E-02  6.15656E-08
-1.60206E+00  2.65862E+01  9.54095E+00  3.08863E+00  3.08573E+00  3.08848E+00  3.08558E+00  4.81043E-02  4.49503E-08
-1.60206E+00  2.65862E+01  1.20679E+01  3.40952E+00  3.40433E+00  3.40939E+00  3.40420E+00  3.69766E-02  3.28233E-08
-1.60206E+00  2.65862E+01  1.52642E+01  3.68252E+00  3.68522E+00  3.68240E+00  3.68510E+00  2.81937E-02  2.39704E-08
-1.60206E+00  2.65862E+01  1.93070E+01  3.96419E+00  3.96530E+00  3.96409E+00  3.96520E+00  2.13554E-02  1.75066E-08
-1.60206E+00  2.65862E+01  2.44205E+01  4.18603E+00  4.18821E+00  4.18595E+00  4.18812E+00  1.60869E-02  1.27866E-08
-1.60206E+00  2.65862E+01  3.08884E+01  4.45916E+00  4.46058E+00  4.45909E+00  4.46050E+00  1.20618E-02  9.33964E-09
-1.60206E+00  2.65862E+01  3.90694E+01  4.70739E+00  4.70428E+00  4.70733E+00  4.70422E+00  9.00746E-03  6.82216E-09
-1.60206E+00  2.65862E+01  4.94171E+01  4.94201E+00  4.95012E+00  4.94196E+00  4.95007E+00  6.70297E-03  4.98342E-09
-1.60206E+00  2.65862E+01  6.25055E+01  5.18813E+00  5.17987E+00  5.18809E+00  5.17983E+00  4.97260E-03  3.64035E-09
-1.60206E+00  2.65862E+01  7.90604E+01  5.46763E+00  5.46791E+00  5.46760E+00  5.46788E+00  3.67872E-03  2.65930E-09
-1.60206E+00  2.65862E+01  1.00000E+02  5.70369E+00  5.69782E+00  5.70367E+00  5.69780E+00  2.71475E-03  1.94266E-09
# T =  0  2.50000E-02
# D = 23  8.53168E+26
-1.60206E+00  2.69310E+01  1.00000E-03  3.19598E-06  3.30210E-06  3.19864E-06  3.30474E-06  0.00000E+00  3.39916E-09
-1.60206E+00  2.69310E+01  1.26486E-03  4.54919E-06  4.70019E-06  4.55288E-06  4.70385E-06  0.00000E+00  4.75459E-09
-1.60206E+00  2.69310E+01  1.59986E-03  6.47334E-06  6.68816E-06  6.47847E-06  6.69325E-06  0.00000E+00  6.64784E-09
-1.60206E+00  2.69310E+01  2.02359E-03  9.21056E-06  9.51617E-06  9.21772E-06  9.52326E-06  0.00000E+00  9.30265E-09
-1.60206E+00  2.69310E+01  2.55955E-03  1.31061E-05  1.35408E-05  1.31161E-05  1.35507E-05  0.00000E+00  1.30473E-08
-1.60206E+00  2.69310E+01  3.23746E-03  1.86521E-05  1.92706E-05  1.86661E-05  1.92845E-05  0.00000E+00  1.83853E-08
-1.60206E+00  2.69310E+01  4.09492E-03  2.65509E-05  2.74310E-05  2.65708E-05  2.74507E-05  0.00000E+00  2.61118E-08
-1.60206E+00  2.69310E+01  5.17947E-03  3.77861E-05  3.90379E-05  3.78147E-05  3.90663E-05  0.00000E+00  3.74980E-08
-1.60206E+00  2.69310E+01  6.55129E-03  5.37470E-05  5.55271E-05  5.37891E-05  5.55688E-05  0.00000E+00  5.46443E-08
-1.60206E+00  2.69310E+01  8.28643E-03  7.64434E-05  7.89744E-05  7.65064E-05  7.90368E-05  0.00000E+00  8.08612E-08
-1.60206E+00  2.69310E+01  1.04811E-02  1.08740E-04  1.12339E-04  1.08835E-04  1.12433E-04  0.00000E+00  1.20221E-07
-1.60206E+00  2.69310E+01  1.32571E-02  1.54676E-04  1.59792E-04  1.54817E-04  1.59933E-04  3.85238E-18  1.77418E-07
-1.60206E+00  2.69310E+01  1.67683E-02  2.20062E-04  2.27337E-04  2.20269E-04  2.27541E-04  2.56695E-15  2.57655E-07
-1.60206E+00  2.69310E+01  2.12095E-02  3.13072E-04  3.23412E-04  3.13367E-04  3.23704E-04  1.38350E-12  3.67799E-07
-1.60206E+00  2.69310E+01  2.68270E-02  4.45306E-04  4.59996E-04  4.45718E-04  4.60406E-04  2.04769E-10  5.16004E-07
-1.60206E+00  2.69310E+01  3.39322E-02  6.33402E-04  6.54273E-04  6.33969E-04  6.54834E-04  1.09078E-08  7.13040E-07
-1.60206E+00  2.69310E+01  4.29193E-02  9.01071E-04  9.30714E-04  9.01847E-04  9.31484E-04  2.59009E-07  9.84345E-07
-1.60206E+00  2.69310E+01  5.42868E-02  1.28162E-03  1.32370E-03  1.28270E-03  1.32477E-03  3.24680E-06  1.37592E-06
-1.60206E+00  2.69310E+01  6.86649E-02  1.82292E-03  1.88264E-03  1.82446E-03  1.88416E-03  2.45669E-05  1.95419E-06
-1.60206E+00  2.69310E+01  8.68511E-02  2.59275E-03  2.67743E-03  2.59484E-03  2.67950E-03  1.24841E-04  2.67992E-06
-1.60206E+00  2.69310E+01  1.09854E-01  3.68750E-03  3.80749E-03  3.69010E-03  3.81005E-03  4.64269E-04  3.43044E-06
-1.60206E+00  2.69310E+01  1.38950E-01  5.24407E-03  5.41392E-03  5.24695E-03  5.41677E-03  1.35453E-03  4.06259E-06
-1.60206E+00  2.69310E+01  1.75751E-01  7.45730E-03  7.69748E-03  7.45982E-03  7.69994E-03  3.27857E-03  4.17502E-06
-1.60206E+00  2.69310E+01  2.22300E-01  1.06035E-02  1.09426E-02  1.06047E-02  1.09438E-02  6.87842E-03  3.53476E-06
-1.60206E+00  2.69310E+01  2.81177E-01  1.50750E-02  1.55529E-02  1.50745E-02  1.55523E-02  1.29295E-02  2.76058E-06
-1.60206E+00  2.69310E+01  3.55648E-01  2.14287E-02  2.21007E-02  2.14264E-02  2.20982E-02  2.22984E-02  2.16190E-06
-1.60206E+00  2.69310E+01  4.49843E-01  3.04538E-02  3.13960E-02  3.04493E-02  3.13913E-02  3.58391E-02  1.69710E-06
-1.60206E+00  2.69310E+01  5.68987E-01  4.32679E-02  4.45840E-02  4.32607E-02  4.45765E-02  5.41408E-02  1.33471E-06
-1.60206E+00  2.69310E+01  7.19686E-01  6.14525E-02  6.32825E-02  6.14418E-02  6.32715E-02  7.70469E-02  1.05122E-06
-1.60206E+00  2.69310E+01  9.10298E-01  8.72394E-02  8.97688E-02  8.72244E-02  8.97534E-02  1.02999E-01  8.28887E-07
-1.60206E+00  2.69310E+01  1.15140E+00  1.23773E-01  1.27243E-01  1.23752E-01  1.27222E-01  1.28607E-01  6.54156E-07
-1.60206E+00  2.69310E+01  1.45635E+00  1.75465E-01  1.80177E-01  1.75438E-01  1.80149E-01  1.49157E-01  5.16619E-07
-1.60206E+00  2.69310E+01  1.84207E+00  2.48480E-01  2.54794E-01  2.48445E-01  2.54758E-01  1.60367E-01  4.08222E-07
-1.60206E+00  2.69310E+01  2.32995E+00  3.51369E-01  3.59679E-01  3.51324E-01  3.59633E-01  1.60396E-01  3.22709E-07
-1.60206E+00  2.69310E+01  2.94705E+00  4.95872E-01  5.06536E-01  4.95817E-01  5.06480E-01  1.50498E-01  2.55195E-07
-1.60206E+00  2.69310E+01  3.72759E+00  6.97834E-01  7.11028E-01  6.97767E-01  7.10960E-01  1.33943E-01  2.01861E-07
-1.60206E+00  2.69310E+01  4.71487E+00  9.77943E-01  9.93367E-01  9.77865E-01  9.93288E-01  1.14343E-01  1.59706E-07
-1.60206E+00  2.69310E+01  5.96362E+00  1.36279E+00  1.37918E+00  1.36270E+00  1.37909E+00  9.45426E-02  1.26376E-07
-1.60206E+00  2.69310E+01  7.54312E+00  1.93507E+00  1.91508E+00  1.93497E+00  1.91498E+00  7.63003E-02  1.00015E-07
-1.60206E+00  2.69310E+01  9.54095E+00  2.45306E+00  2.44501E+00  2.45296E+00  2.44491E+00  6.04551E-02  7.91608E-08
-1.60206E+00  2.69310E+01  1.20679E+01  2.81368E+00  2.81546E+00  2.81359E+00  2.81537E+00  4.72276E-02  6.26601E-08
-1.60206E+00  2.69310E+01  1.52642E+01  3.16609E+00  3.16840E+00  3.16600E+00  3.16831E+00  3.64881E-02  4.96022E-08
-1.60206E+00  2.69310E+01  1.93070E+01  3.45585E+00  3.45634E+00  3.45577E+00  3.45626E+00  2.79428E-02  3.92674E-08
-1.60206E+00  2.69310E+01  2.44205E+01  3.73220E+00  3.73854E+00  3.73213E+00  3.73847E+00  2.12452E-02  3.10872E-08
-1.60206E+00  2.69310E+01  3.08884E+01  4.01585E+00  4.01074E+00  4.01578E+00  4.01067E+00  1.60565E-02  2.46119E-08
-1.60206E+00  2.69310E+01  3.90694E+01  4.28001E+00  4.28757E+00  4.27996E+00  4.28752E+00  1.20737E-02  1.94858E-08
-1.60206E+00  2.69310E+01  4.94171E+01  4.51357E+00  4.51611E+00  4.51352E+00  4.51606E+00  9.03945E-03  1.54277E-08
-1.60206E+00  2.69310E+01  6.25055E+01  4.75516E+00  4.75913E+00  4.75512E+00  4.75910E+00  6.74209E-03  1.22150E-08
-1.60206E+00  2.69310E+01  7.90604E+01  5.05103E+00  5.04629E+00  5.05100E+00  5.04626E+00  5.01183E-03  9.67136E-09
-1.60206E+00  2.69310E+01  1.00000E+02  5.28017E+00  5.27868E+00  5.28015E+00  5.27866E+00  3.71456E-03  7.65750E-09
# T =  0  2.50000E-02
# D = 24  1.88739E+27
-1.60206E+00  2.72759E+01  1.00000E-03  1.57129E-06  1.61171E-06  1.57188E-06  1.61230E-06  0.00000E+00  8.03387E-10
-1.60206E+00  2.72759E+01  1.26486E-03  2.23657E-06  2.29410E-06  2.23746E-06  2.29498E-06  0.00000E+00  1.18658E-09
-1.60206E+00  2.72759E+01  1.59986E-03  3.18378E-06  3.26565E-06  3.18511E-06  3.26696E-06  0.00000E+00  1.75179E-09
-1.60206E+00  2.72759E+01  2.02359E-03  4.53229E-06  4.64878E-06  4.53426E-06  4.65073E-06  0.00000E+00  2.57598E-09
-1.60206E+00  2.72759E+01  2.55955E-03  6.44755E-06  6.61324E-06  6.45045E-06  6.61611E-06  0.00000E+00  3.76279E-09
-1.60206E+00  2.72759E+01  3.23746E-03  9.16742E-06  9.40302E-06  9.17164E-06  9.40721E-06  0.00000E+00  5.45511E-09
-1.60206E+00  2.72759E+01  4.09492E-03  1.30326E-05  1.33676E-05  1.30387E-05  1.33737E-05  0.00000E+00  7.85243E-09
-1.60206E+00  2.72759E+01  5.17947E-03  1.85288E-05  1.90051E-05  1.85375E-05  1.90137E-05  0.00000E+00  1.12238E-08
-1.60206E+00  2.72759E+01  6.55129E-03  2.63483E-05  2.70256E-05  2.63607E-05  2.70379E-05  0.00000E+00  1.59358E-08
-1.60206E+00  2.72759E+01  8.28643E-03  3.74774E-05  3.84407E-05  3.74949E-05  3.84580E-05  0.00000E+00  2.24665E-08
-1.60206E+00  2.72759E+01  1.04811E-02  5.33044E-05  5.46742E-05  5.33288E-05  5.46984E-05  0.00000E+00  3.15298E-08
-1.60206E+00  2.72759E+01  1.32571E-02  7.58217E-05  7.77696E-05  7.58559E-05  7.78035E-05  0.00000E+00  4.42557E-08
-1.60206E+00  2.72759E+01  1.67683E-02  1.07880E-04  1.10651E-04  1.07928E-04  1.10698E-04  0.00000E+00  6.19334E-08
-1.60206E+00  2.72759E+01  2.12095E-02  1.53485E-04  1.57424E-04  1.53552E-04  1.57490E-04  1.49400E-17  8.70520E-08
-1.60206E+00  2.72759E+01  2.68270E-02  2.18298E-04  2.23898E-04  2.18391E-04  2.23990E-04  2.26048E-14  1.22470E-07
-1.60206E+00  2.72759E+01  3.39322E-02  3.10501E-04  3.18460E-04  3.10633E-04  3.18591E-04  7.89317E-12  1.73658E-07
-1.60206E+00  2.72759E+01  4.29193E-02  4.41653E-04  4.52964E-04  4.41846E-04  4.53156E-04  8.28841E-10  2.51831E-07
-1.60206E+00  2.72759E+01  5.42868E-02  6.28307E-04  6.44379E-04  6.28599E-04  6.44670E-04  3.36569E-08  3.75922E-07
-1.60206E+00  2.72759E+01  6.86649E-02  8.93648E-04  9.16476E-04  8.94109E-04  9.16934E-04  6.44804E-07  5.79442E-07
-1.60206E+00  2.72759E+01  8.68511E-02  1.27106E-03  1.30347E-03  1.27179E-03  1.30419E-03  6.82083E-06  8.95028E-07
-1.60206E+00  2.72759E+01  1.09854E-01  1.80798E-03  1.85398E-03  1.80908E-03  1.85507E-03  4.51299E-05  1.33409E-06
-1.60206E+00  2.72759E+01  1.38950E-01  2.57136E-03  2.63660E-03  2.57289E-03  2.63812E-03  2.06331E-04  1.86579E-06
-1.60206E+00  2.72759E+01  1.75751E-01  3.65716E-03  3.74965E-03  3.65909E-03  3.75156E-03  7.06344E-04  2.40120E-06
-1.60206E+00  2.72759E+01  2.22300E-01  5.20084E-03  5.33182E-03  5.20302E-03  5.33398E-03  1.93205E-03  2.84400E-06
-1.60206E+00  2.72759E+01  2.81177E-01  7.39593E-03  7.58122E-03  7.39826E-03  7.58352E-03  4.44679E-03  3.27450E-06
-1.60206E+00  2.72759E+01  3.55648E-01  1.05165E-02  1.07783E-02  1.05189E-02  1.07807E-02  8.96323E-03  3.76744E-06
-1.60206E+00  2.72759E+01  4.49843E-01  1.49519E-02  1.53211E-02  1.49544E-02  1.53235E-02  1.62963E-02  4.33246E-06
-1.60206E+00  2.72759E+01  5.68987E-01  2.12548E-02  2.17743E-02  2.12572E-02  2.17766E-02  2.72745E-02  4.98028E-06
-1.60206E+00  2.72759E+01  7.19686E-01  3.02087E-02  3.09378E-02  3.02108E-02  3.09399E-02  4.25423E-02  5.72323E-06
-1.60206E+00  2.72759E+01  9.10298E-01  4.29235E-02  4.39433E-02  4.29251E-02  4.39449E-02  6.21750E-02  6.57543E-06
-1.60206E+00  2.72759E+01  1.15140E+00  6.09699E-02  6.23902E-02  6.09707E-02  6.23909E-02  8.51113E-02  7.55311E-06
-1.60206E+00  2.72759E+01  1.45635E+00  8.65671E-02  8.85342E-02  8.65667E-02  8.85336E-02  1.08684E-01  8.67486E-06
-1.60206E+00  2.72759E+01  1.84207E+00  1.22842E-01  1.25547E-01  1.22840E-01  1.25544E-01  1.28847E-01  9.96204E-06
-1.60206E+00  2.72759E+01  2.32995E+00  1.74188E-01  1.77872E-01  1.74183E-01  1.77867E-01  1.41517E-01  1.14391E-05
-1.60206E+00  2.72759E+01  2.94705E+00  2.46750E-01  2.51706E-01  2.46743E-01  2.51698E-01  1.44414E-01  1.31343E-05
-1.60206E+00  2.72759E+01  3.72759E+00  3.49071E-01  3.55623E-01  3.49059E-01  3.55611E-01  1.37987E-01  1.50798E-05
-1.60206E+00  2.72759E+01  4.71487E+00  4.92903E-01  5.01360E-01  4.92888E-01  5.01345E-01  1.24770E-01  1.73127E-05
-1.60206E+00  2.72759E+01  5.96362E+00  6.94161E-01  7.04705E-01  6.94142E-01  7.04685E-01  1.07960E-01  1.98755E-05
-1.60206E+00  2.72759E+01  7.54312E+00  9.73729E-01  9.86181E-01  9.73706E-01  9.86158E-01  9.02804E-02  2.28171E-05
-1.60206E+00  2.72759E+01  9.54095E+00  1.35782E+00  1.37124E+00  1.35780E+00  1.37121E+00  7.35519E-02  2.61934E-05
-1.60206E+00  2.72759E+01  1.20679E+01  1.88224E+00  1.89428E+00  1.88221E+00  1.89425E+00  5.87392E-02  3.00687E-05
-1.60206E+00  2.72759E+01  1.52642E+01  2.47649E+00  2.48413E+00  2.47647E+00  2.48411E+00  4.61923E-02  3.45169E-05
-1.60206E+00  2.72759E+01  1.93070E+01  2.84646E+00  2.87307E+00  2.84644E+00  2.87305E+00  3.58890E-02  3.96228E-05
-1.60206E+00  2.72759E+01  2.44205E+01  3.20722E+00  3.21432E+00  3.20722E+00  3.21431E+00  2.76159E-02  4.54835E-05
-1.60206E+00  2.72759E+01  3.08884E+01  3.49496E+00  3.49568E+00  3.49497E+00  3.49568E+00  2.10834E-02  5.22107E-05
-1.60206E+00  2.72759E+01  3.90694E+01  3.79742E+00  3.80076E+00  3.79743E+00  3.80078E+00  1.59914E-02  5.99325E-05
-1.60206E+00  2.72759E+01  4.94171E+01  4.06020E+00  4.05272E+00  4.06023E+00  4.05275E+00  1.20625E-02  6.87962E-05
-1.60206E+00  2.72759E+01  6.25055E+01  4.32976E+00  4.32801E+00  4.32980E+00  4.32805E+00  9.05604E-03  7.89704E-05
-1.60206E+00  2.72759E+01  7.90604E+01  4.61795E+00  4.62517E+00  4.61802E+00  4.62523E+00  6.77106E-03  9.06490E-05
-1.60206E+00  2.72759E+01  1.00000E+02  4.84974E+00  4.84917E+00  4.84983E+00  4.84925E+00  5.04442E-03  1.04055E-04
# T =  0  2.50000E-02
# D = 25  4.17532E+27
-1.60206E+00  2.76207E+01  1.00000E-03  7.61680E-07  7.76921E-07  7.61837E-07  7.77077E-07  0.00000E+00  2.14124E-10
-1.60206E+00  2.76207E+01  1.26486E-03  1.08402E-06  1.10571E-06  1.08425E-06  1.10594E-06  0.00000E+00  3.14788E-10
-1.60206E+00  2.76207E+01  1.59986E-03  1.54286E-06  1.57371E-06  1.54320E-06  1.57406E-06  0.00000E+00  4.63037E-10
-1.60206E+00  2.76207E+01  2.02359E-03  2.19604E-06  2.23995E-06  2.19655E-06  2.24046E-06  0.00000E+00  6.80028E-10
-1.60206E+00  2.76207E+01  2.55955E-03  3.12597E-06  3.18845E-06  3.12673E-06  3.18921E-06  0.00000E+00  9.95461E-10
-1.60206E+00  2.76207E+01  3.23746E-03  4.45001E-06  4.53892E-06  4.45112E-06  4.54003E-06  0.00000E+00  1.45085E-09
-1.60206E+00  2.76207E+01  4.09492E-03  6.33336E-06  6.45986E-06  6.33498E-06  6.46147E-06  0.00000E+00  2.10269E-09
-1.60206E+00  2.76207E+01  5.17947E-03  9.01160E-06  9.19156E-06  9.01394E-06  9.19389E-06  0.00000E+00  3.02686E-09
-1.60206E+00  2.76207E+01  6.55129E-03  1.28218E-05  1.30778E-05  1.28251E-05  1.30811E-05  0.00000E+00  4.32427E-09
-1.60206E+00  2.76207E+01  8.28643E-03  1.82443E-05  1.86085E-05  1.82491E-05  1.86132E-05  0.00000E+00  6.13974E-09
-1.60206E+00  2.76207E+01  1.04811E-02  2.59643E-05  2.64824E-05  2.59710E-05  2.64891E-05  0.00000E+00  8.72232E-09
-1.60206E+00  2.76207E+01  1.32571E-02  3.69586E-05  3.76957E-05  3.69683E-05  3.77054E-05  0.00000E+00  1.25218E-08
-1.60206E+00  2.76207E+01  1.67683E-02  5.25907E-05  5.36392E-05  5.26051E-05  5.36535E-05  0.00000E+00  1.83485E-08
-1.60206E+00  2.76207E+01  2.12095E-02  7.48028E-05  7.62937E-05  7.48247E-05  7.63154E-05  0.00000E+00  2.75851E-08
-1.60206E+00  2.76207E+01  2.68270E-02  1.06392E-04  1.08512E-04  1.06427E-04  1.08546E-04  0.00000E+00  4.25017E-08
-1.60206E+00  2.76207E+01  3.39322E-02  1.51342E-04  1.54356E-04  1.51396E-04  1.54410E-04  1.82091E-16  6.55909E-08
-1.60206E+00  2.76207E+01  4.29193E-02  2.15275E-04  2.19561E-04  2.15358E-04  2.19643E-04  1.72045E-13  9.86854E-08
-1.60206E+00  2.76207E+01  5.42868E-02  3.06284E-04  3.12376E-04  3.06403E-04  3.12495E-04  4.01279E-11  1.42466E-07
-1.60206E+00  2.76207E+01  6.86649E-02  4.35708E-04  4.44367E-04  4.35872E-04  4.44530E-04  3.06246E-09  1.96611E-07
-1.60206E+00  2.76207E+01  8.68511E-02  6.19742E-04  6.32044E-04  6.19961E-04  6.32262E-04  9.66195E-08  2.65331E-07
-1.60206E+00  2.76207E+01  1.09854E-01  8.81517E-04  8.98993E-04  8.81808E-04  8.99283E-04  1.51606E-06  3.57876E-07
-1.60206E+00  2.76207E+01  1.38950E-01  1.25400E-03  1.27882E-03  1.25440E-03  1.27922E-03  1.36942E-05  4.91590E-07
-1.60206E+00  2.76207E+01  1.75751E-01  1.78358E-03  1.81881E-03  1.78418E-03  1.81941E-03  7.99769E-05  7.32476E-07
-1.60206E+00  2.76207E+01  2.22300E-01  2.53689E-03  2.58688E-03  2.53788E-03  2.58787E-03  3.31420E-04  1.18143E-06
-1.60206E+00  2.76207E+01  2.81177E-01  3.60809E-03  3.67896E-03  3.60976E-03  3.68063E-03  1.05046E-03  1.94076E-06
-1.60206E+00  2.76207E+01  3.55648E-01  5.13146E-03  5.23186E-03  5.13428E-03  5.23467E-03  2.70529E-03  3.19288E-06
-1.60206E+00  2.76207E+01  4.49843E-01  7.29723E-03  7.43932E-03  7.30196E-03  7.44404E-03  5.93683E-03  5.25893E-06
-1.60206E+00  2.76207E+01  5.68987E-01  1.03765E-02  1.05774E-02  1.03845E-02  1.05853E-02  1.15098E-02  8.66990E-06
-1.60206E+00  2.76207E+01  7.19686E-01  1.47536E-02  1.50370E-02  1.47668E-02  1.50503E-02  2.02283E-02  1.43038E-05
-1.60206E+00  2.76207E+01  9.10298E-01  2.09739E-02  2.13731E-02  2.09961E-02  2.13952E-02  3.27727E-02  2.36127E-05
-1.60206E+00  2.76207E+01  1.15140E+00  2.98114E-02  3.03722E-02  2.98483E-02  3.04091E-02  4.93875E-02  3.89981E-05
-1.60206E+00  2.76207E+01  1.45635E+00  4.23625E-02  4.31479E-02  4.24242E-02  4.32095E-02  6.94004E-02  6.44321E-05
-1.60206E+00  2.76207E+01  1.84207E+00  6.01798E-02  6.12751E-02  6.02825E-02  6.13777E-02  9.07580E-02  1.06485E-04
-1.60206E+00  2.76207E+01  2.32995E+00  8.54577E-02  8.69775E-02  8.56286E-02  8.71483E-02  1.10061E-01  1.76026E-04
-1.60206E+00  2.76207E+01  2.94705E+00  1.21291E-01  1.23385E-01  1.21575E-01  1.23669E-01  1.23548E-01  2.91036E-04
-1.60206E+00  2.76207E+01  3.72759E+00  1.72033E-01  1.74894E-01  1.72505E-01  1.75366E-01  1.28705E-01  4.81259E-04
-1.60206E+00  2.76207E+01  4.71487E+00  2.43782E-01  2.47644E-01  2.44566E-01  2.48428E-01  1.25325E-01  7.95907E-04
-1.60206E+00  2.76207E+01  5.96362E+00  3.45029E-01  3.50159E-01  3.46330E-01  3.51461E-01  1.15238E-01  1.31639E-03
-1.60206E+00  2.76207E+01  7.54312E+00  4.87488E-01  4.94151E-01  4.89646E-01  4.96310E-01  1.01167E-01  2.17741E-03
-1.60206E+00  2.76207E+01  9.54095E+00  6.87084E-01  6.95457E-01  6.90664E-01  6.99036E-01  8.56473E-02  3.60180E-03
-1.60206E+00  2.76207E+01  1.20679E+01  9.64880E-01  9.74877E-01  9.70812E-01  9.80809E-01  7.05033E-02  5.95825E-03
-1.60206E+00  2.76207E+01  1.52642E+01  1.34709E+00  1.35803E+00  1.35692E+00  1.36786E+00  5.67959E-02  9.85676E-03
-1.60206E+00  2.76207E+01  1.93070E+01  1.86612E+00  1.87622E+00  1.88239E+00  1.89249E+00  4.49919E-02  1.63065E-02
-1.60206E+00  2.76207E+01  2.44205E+01  2.46653E+00  2.47415E+00  2.49348E+00  2.50110E+00  3.51732E-02  2.69773E-02
-1.60206E+00  2.76207E+01  3.08884E+01  2.90808E+00  2.91441E+00  2.95268E+00  2.95900E+00  2.72081E-02  4.46317E-02
-1.60206E+00  2.76207E+01  3.90694E+01  3.26570E+00  3.26129E+00  3.33950E+00  3.33509E+00  2.08663E-02  7.38405E-02
-1.60206E+00  2.76207E+01  4.94171E+01  3.56908E+00  3.57327E+00  3.69121E+00  3.69541E+00  1.58888E-02  1.22166E-01
-1.60206E+00  2.76207E+01  6.25055E+01  3.85290E+00  3.86240E+00  4.05499E+00  4.06449E+00  1.20261E-02  2.02121E-01
-1.60206E+00  2.76207E+01  7.90604E+01  4.13594E+00  4.13256E+00  4.47033E+00  4.46694E+00  9.05587E-03  3.34405E-01
-1.60206E+00  2.76207E+01  1.00000E+02  4.39961E+00  4.40296E+00  4.95286E+00  4.95621E+00  6.78894E-03  5.53272E-01
# T =  0  2.50000E-02
# D = 26  9.23671E+27
-1.60206E+00  2.79655E+01  1.00000E-03  3.71505E-07  3.77253E-07  3.71557E-07  3.77306E-07  0.00000E+00  6.86025E-11
-1.60206E+00  2.79655E+01  1.26486E-03  5.28645E-07  5.36823E-07  5.28717E-07  5.36895E-07  0.00000E+00  9.53274E-11
-1.60206E+00  2.79655E+01  1.59986E-03  7.52281E-07  7.63918E-07  7.52381E-07  7.64017E-07  0.00000E+00  1.32545E-10
-1.60206E+00  2.79655E+01  2.02359E-03  1.07057E-06  1.08713E-06  1.07071E-06  1.08727E-06  0.00000E+00  1.84925E-10
-1.60206E+00  2.79655E+01  2.55955E-03  1.52361E-06  1.54717E-06  1.52380E-06  1.54736E-06  0.00000E+00  2.59613E-10
-1.60206E+00  2.79655E+01  3.23746E-03  2.16848E-06  2.20200E-06  2.16875E-06  2.20227E-06  0.00000E+00  3.67787E-10
-1.60206E+00  2.79655E+01  4.09492E-03  3.08648E-06  3.13418E-06  3.08688E-06  3.13457E-06  0.00000E+00  5.27288E-10
-1.60206E+00  2.79655E+01  5.17947E-03  4.39299E-06  4.46084E-06  4.39356E-06  4.46142E-06  0.00000E+00  7.67254E-10
-1.60206E+00  2.79655E+01  6.55129E-03  6.24822E-06  6.34473E-06  6.24908E-06  6.34559E-06  0.00000E+00  1.13664E-09
-1.60206E+00  2.79655E+01  8.28643E-03  8.88305E-06  9.02028E-06  8.88438E-06  9.02161E-06  0.00000E+00  1.71718E-09
-1.60206E+00  2.79655E+01  1.04811E-02  1.26274E-05  1.28226E-05  1.26295E-05  1.28246E-05  0.00000E+00  2.63169E-09
-1.60206E+00  2.79655E+01  1.32571E-02  1.79515E-05  1.82289E-05  1.79548E-05  1.82322E-05  0.00000E+00  4.05879E-09
-1.60206E+00  2.79655E+01  1.67683E-02  2.55254E-05  2.59199E-05  2.55305E-05  2.59250E-05  0.00000E+00  6.27968E-09
-1.60206E+00  2.79655E+01  2.12095E-02  3.63044E-05  3.68654E-05  3.63125E-05  3.68735E-05  0.00000E+00  9.71508E-09
-1.60206E+00  2.79655E+01  2.68270E-02  5.16387E-05  5.24366E-05  5.16515E-05  5.24493E-05  0.00000E+00  1.50207E-08
-1.60206E+00  2.79655E+01  3.39322E-02  7.34482E-05  7.45829E-05  7.34678E-05  7.46025E-05  0.00000E+00  2.27929E-08
-1.60206E+00  2.79655E+01  4.29193E-02  1.04487E-04  1.06101E-04  1.04516E-04  1.06130E-04  0.00000E+00  3.35599E-08
-1.60206E+00  2.79655E+01  5.42868E-02  1.48680E-04  1.50975E-04  1.48721E-04  1.51016E-04  1.91796E-15  4.75659E-08
-1.60206E+00  2.79655E+01  6.86649E-02  2.11492E-04  2.14755E-04  2.11547E-04  2.14810E-04  1.14349E-12  6.47360E-08
-1.60206E+00  2.79655E+01  8.68511E-02  3.00803E-04  3.05441E-04  3.00876E-04  3.05514E-04  1.83263E-10  8.57551E-08
-1.60206E+00  2.79655E+01  1.09854E-01  4.27859E-04  4.34452E-04  4.27955E-04  4.34548E-04  1.03950E-08  1.14553E-07
-1.60206E+00  2.79655E+01  1.38950E-01  6.08623E-04  6.17991E-04  6.08760E-04  6.18128E-04  2.59347E-07  1.63245E-07
-1.60206E+00  2.79655E+01  1.75751E-01  8.65793E-04  8.79105E-04  8.66015E-04  8.79326E-04  3.37966E-06  2.58982E-07
-1.60206E+00  2.79655E+01  2.22300E-01  1.23144E-03  1.25034E-03  1.23183E-03  1.25073E-03  2.63553E-05  4.44643E-07
-1.60206E+00  2.79655E+01  2.81177E-01  1.75154E-03  1.77838E-03  1.75225E-03  1.77908E-03  1.37040E-04  7.77445E-07
-1.60206E+00  2.79655E+01  3.55648E-01  2.49133E-03  2.52941E-03  2.49258E-03  2.53067E-03  5.18226E-04  1.36252E-06
-1.60206E+00  2.79655E+01  4.49843E-01  3.54324E-03  3.59725E-03  3.54548E-03  3.59949E-03  1.52861E-03  2.39232E-06
-1.60206E+00  2.79655E+01  5.68987E-01  5.03932E-03  5.11587E-03  5.04332E-03  5.11986E-03  3.71952E-03  4.20673E-06
-1.60206E+00  2.79655E+01  7.19686E-01  7.16642E-03  7.27479E-03  7.17352E-03  7.28190E-03  7.79719E-03  7.40606E-06
-1.60206E+00  2.79655E+01  9.10298E-01  1.01906E-02  1.03439E-02  1.02033E-02  1.03565E-02  1.45400E-02  1.30510E-05
-1.60206E+00  2.79655E+01  1.15140E+00  1.44897E-02  1.47061E-02  1.45121E-02  1.47285E-02  2.46538E-02  2.30160E-05
-1.60206E+00  2.79655E+01  1.45635E+00  2.05998E-02  2.09048E-02  2.06396E-02  2.09446E-02  3.85123E-02  4.06141E-05
-1.60206E+00  2.79655E+01  1.84207E+00  2.92816E-02  2.97105E-02  2.93522E-02  2.97810E-02  5.57492E-02  7.17021E-05
-1.60206E+00  2.79655E+01  2.32995E+00  4.16136E-02  4.22148E-02  4.17386E-02  4.23398E-02  7.48209E-02  1.26635E-04
-1.60206E+00  2.79655E+01  2.94705E+00  5.91230E-02  5.99627E-02  5.93445E-02  6.01842E-02  9.29205E-02  2.23720E-04
-1.60206E+00  2.79655E+01  3.72759E+00  8.39701E-02  8.51371E-02  8.43625E-02  8.55295E-02  1.06676E-01  3.95330E-04
-1.60206E+00  2.79655E+01  4.71487E+00  1.19203E-01  1.20815E-01  1.19898E-01  1.21510E-01  1.13504E-01  6.98710E-04
-1.60206E+00  2.79655E+01  5.96362E+00  1.69115E-01  1.71323E-01  1.70345E-01  1.72553E-01  1.12703E-01  1.23509E-03
-1.60206E+00  2.79655E+01  7.54312E+00  2.39729E-01  2.42720E-01  2.41906E-01  2.44897E-01  1.05470E-01  2.18350E-03
-1.60206E+00  2.79655E+01  9.54095E+00  3.39445E-01  3.43436E-01  3.43297E-01  3.47288E-01  9.40316E-02  3.86055E-03
-1.60206E+00  2.79655E+01  1.20679E+01  4.79889E-01  4.85104E-01  4.86704E-01  4.91919E-01  8.06712E-02  6.82615E-03
-1.60206E+00  2.79655E+01  1.52642E+01  6.76931E-01  6.83537E-01  6.88988E-01  6.95594E-01  6.71618E-02  1.20706E-02
-1.60206E+00  2.79655E+01  1.93070E+01  9.51716E-01  9.59693E-01  9.73046E-01  9.81023E-01  5.46233E-02  2.13453E-02
-1.60206E+00  2.79655E+01  2.44205E+01  1.33081E+00  1.33970E+00  1.36854E+00  1.37743E+00  4.36211E-02  3.77477E-02
-1.60206E+00  2.79655E+01  3.08884E+01  1.84537E+00  1.85382E+00  1.91211E+00  1.92056E+00  3.43352E-02  6.67563E-02
-1.60206E+00  2.79655E+01  3.90694E+01  2.49223E+00  2.49411E+00  2.61027E+00  2.61215E+00  2.67147E-02  1.18060E-01
-1.60206E+00  2.79655E+01  4.94171E+01  2.94251E+00  2.94704E+00  3.15129E+00  3.15582E+00  2.05901E-02  2.08796E-01
-1.60206E+00  2.79655E+01  6.25055E+01  3.30237E+00  3.30212E+00  3.67162E+00  3.67137E+00  1.57460E-02  3.69274E-01
-1.60206E+00  2.79655E+01  7.90604E+01  3.60934E+00  3.61056E+00  4.26242E+00  4.26364E+00  1.19626E-02  6.53099E-01
-1.60206E+00  2.79655E+01  1.00000E+02  3.90837E+00  3.91132E+00  5.06344E+00  5.06639E+00  9.03751E-03  1.15508E+00
# T =  0  2.50000E-02
# D = 27  2.04336E+28
-1.60206E+00  2.83103E+01  1.00000E-03  1.78916E-07  1.81064E-07  1.78924E-07  1.81072E-07  0.00000E+00  1.30157E-11
-1.60206E+00  2.83103E+01  1.26486E-03  2.54571E-07  2.57628E-07  2.54584E-07  2.57640E-07  0.00000E+00  1.87694E-11
-1.60206E+00  2.83103E+01  1.59986E-03  3.62229E-07  3.66577E-07  3.62247E-07  3.66596E-07  0.00000E+00  2.71413E-11
-1.60206E+00  2.83103E+01  2.02359E-03  5.15432E-07  5.21618E-07  5.15459E-07  5.21645E-07  0.00000E+00  3.93585E-11
-1.60206E+00  2.83103E+01  2.55955E-03  7.33457E-07  7.42259E-07  7.33497E-07  7.42298E-07  0.00000E+00  5.72751E-11
-1.60206E+00  2.83103E+01  3.23746E-03  1.04375E-06  1.05627E-06  1.04381E-06  1.05633E-06  0.00000E+00  8.38399E-11
-1.60206E+00  2.83103E+01  4.09492E-03  1.48538E-06  1.50320E-06  1.48547E-06  1.50328E-06  0.00000E+00  1.23888E-10
-1.60206E+00  2.83103E+01  5.17947E-03  2.11398E-06  2.13933E-06  2.11411E-06  2.13946E-06  0.00000E+00  1.85452E-10
-1.60206E+00  2.83103E+01  6.55129E-03  3.00869E-06  3.04476E-06  3.00890E-06  3.04497E-06  0.00000E+00  2.82240E-10
-1.60206E+00  2.83103E+01  8.28643E-03  4.28085E-06  4.33216E-06  4.28118E-06  4.33249E-06  0.00000E+00  4.36281E-10
-1.60206E+00  2.83103E+01  1.04811E-02  6.08966E-06  6.16265E-06  6.09018E-06  6.16317E-06  0.00000E+00  6.75719E-10
-1.60206E+00  2.83103E+01  1.32571E-02  8.66240E-06  8.76622E-06  8.66322E-06  8.76704E-06  0.00000E+00  1.03656E-09
-1.60206E+00  2.83103E+01  1.67683E-02  1.23229E-05  1.24705E-05  1.23241E-05  1.24718E-05  0.00000E+00  1.56067E-09
-1.60206E+00  2.83103E+01  2.12095E-02  1.75324E-05  1.77425E-05  1.75343E-05  1.77444E-05  0.00000E+00  2.31182E-09
-1.60206E+00  2.83103E+01  2.68270E-02  2.49487E-05  2.52475E-05  2.49514E-05  2.52503E-05  0.00000E+00  3.36530E-09
-1.60206E+00  2.83103E+01  3.39322E-02  3.55089E-05  3.59341E-05  3.55129E-05  3.59380E-05  0.00000E+00  4.86937E-09
-1.60206E+00  2.83103E+01  4.29193E-02  5.05203E-05  5.11251E-05  5.05262E-05  5.11310E-05  0.00000E+00  7.16829E-09
-1.60206E+00  2.83103E+01  5.42868E-02  7.18499E-05  7.27098E-05  7.18591E-05  7.27190E-05  0.00000E+00  1.09305E-08
-1.60206E+00  2.83103E+01  6.86649E-02  1.02181E-04  1.03403E-04  1.02195E-04  1.03418E-04  1.29079E-17  1.72803E-08
-1.60206E+00  2.83103E+01  8.68511E-02  1.45339E-04  1.47077E-04  1.45362E-04  1.47100E-04  1.74698E-14  2.68526E-08
-1.60206E+00  2.83103E+01  1.09854E-01  2.06723E-04  2.09195E-04  2.06757E-04  2.09229E-04  6.70002E-12  3.95565E-08
-1.60206E+00  2.83103E+01  1.38950E-01  2.94072E-04  2.97586E-04  2.94119E-04  2.97633E-04  7.57512E-10  5.45811E-08
-1.60206E+00  2.83103E+01  1.75751E-01  4.18387E-04  4.23383E-04  4.18445E-04  4.23441E-04  3.26055E-08  6.78581E-08
-1.60206E+00  2.83103E+01  2.22300E-01  5.95092E-04  6.02191E-04  5.95152E-04  6.02251E-04  6.53918E-07  7.48768E-08
-1.60206E+00  2.83103E+01  2.81177E-01  8.46450E-04  8.56537E-04  8.46509E-04  8.56595E-04  7.16886E-06  7.90707E-08
-1.60206E+00  2.83103E+01  3.55648E-01  1.20405E-03  1.21838E-03  1.20411E-03  1.21844E-03  4.87541E-05  8.34579E-08
-1.60206E+00  2.83103E+01  4.49843E-01  1.71268E-03  1.73303E-03  1.71273E-03  1.73308E-03  2.27502E-04  8.80650E-08
-1.60206E+00  2.83103E+01  5.68987E-01  2.43596E-03  2.46484E-03  2.43600E-03  2.46487E-03  7.89869E-04  9.29070E-08
-1.60206E+00  2.83103E+01  7.19686E-01  3.46486E-03  3.50583E-03  3.46488E-03  3.50584E-03  2.17776E-03  9.79991E-08
-1.60206E+00  2.83103E+01  9.10298E-01  4.92773E-03  4.98579E-03  4.92771E-03  4.98578E-03  5.01992E-03  1.03357E-07
-1.60206E+00  2.83103E+01  1.15140E+00  7.00821E-03  7.09045E-03  7.00815E-03  7.09039E-03  1.00596E-02  1.08997E-07
-1.60206E+00  2.83103E+01  1.45635E+00  9.96591E-03  1.00823E-02  9.96579E-03  1.00821E-02  1.80203E-02  1.14935E-07
-1.60206E+00  2.83103E+01  1.84207E+00  1.41709E-02  1.43353E-02  1.41707E-02  1.43351E-02  2.93789E-02  1.21189E-07
-1.60206E+00  2.83103E+01  2.32995E+00  2.01477E-02  2.03795E-02  2.01474E-02  2.03792E-02  4.40154E-02  1.27777E-07
-1.60206E+00  2.83103E+01  2.94705E+00  2.86410E-02  2.89672E-02  2.86405E-02  2.89667E-02  6.08094E-02  1.34719E-07
-1.60206E+00  2.83103E+01  3.72759E+00  4.07066E-02  4.11645E-02  4.07059E-02  4.11637E-02  7.74792E-02  1.42032E-07
-1.60206E+00  2.83103E+01  4.71487E+00  5.78408E-02  5.84810E-02  5.78397E-02  5.84800E-02  9.10599E-02  1.49739E-07
-1.60206E+00  2.83103E+01  5.96362E+00  8.21606E-02  8.30519E-02  8.21591E-02  8.30504E-02  9.90206E-02  1.57862E-07
-1.60206E+00  2.83103E+01  7.54312E+00  1.16656E-01  1.17890E-01  1.16654E-01  1.17888E-01  1.00318E-01  1.66422E-07
-1.60206E+00  2.83103E+01  9.54095E+00  1.65542E-01  1.67236E-01  1.65540E-01  1.67234E-01  9.56094E-02  1.75445E-07
-1.60206E+00  2.83103E+01  1.20679E+01  2.34739E-01  2.37042E-01  2.34736E-01  2.37038E-01  8.66387E-02  1.84955E-07
-1.60206E+00  2.83103E+01  1.52642E+01  3.32525E-01  3.35611E-01  3.32520E-01  3.35606E-01  7.53942E-02  1.94978E-07
-1.60206E+00  2.83103E+01  1.93070E+01  4.70384E-01  4.74440E-01  4.70378E-01  4.74434E-01  6.35430E-02  2.05544E-07
-1.60206E+00  2.83103E+01  2.44205E+01  6.64064E-01  6.69243E-01  6.64056E-01  6.69235E-01  5.22237E-02  2.16682E-07
-1.60206E+00  2.83103E+01  3.08884E+01  9.34688E-01  9.41015E-01  9.34680E-01  9.41006E-01  4.20770E-02  2.28422E-07
-1.60206E+00  2.83103E+01  3.90694E+01  1.30931E+00  1.31649E+00  1.30930E+00  1.31648E+00  3.33705E-02  2.40798E-07
-1.60206E+00  2.83103E+01  4.94171E+01  1.81881E+00  1.82585E+00  1.81880E+00  1.82584E+00  2.61312E-02  2.53843E-07
-1.60206E+00  2.83103E+01  6.25055E+01  2.49513E+00  2.49864E+00  2.49512E+00  2.49863E+00  2.02512E-02  2.67595E-07
-1.60206E+00  2.83103E+01  7.90604E+01  2.98033E+00  2.97843E+00  2.98032E+00  2.97842E+00  1.55601E-02  2.82091E-07
-1.60206E+00  2.83103E+01  1.00000E+02  3.36727E+00  3.35782E+00  3.36725E+00  3.35781E+00  1.18698E-02  2.97372E-07
# T =  0  2.50000E-02
# D = 28  4.52035E+28
-1.60206E+00  2.86552E+01  1.00000E-03  8.66605E-08  8.74636E-08  8.66639E-08  8.74670E-08  0.00000E+00  4.59248E-12
-1.60206E+00  2.86552E+01  1.26486E-03  1.23298E-07  1.24440E-07  1.23303E-07  1.24445E-07  0.00000E+00  6.79687E-12
-1.60206E+00  2.86552E+01  1.59986E-03  1.75428E-07  1.77053E-07  1.75435E-07  1.77061E-07  0.00000E+00  1.00619E-11
-1.60206E+00  2.86552E+01  2.02359E-03  2.49604E-07  2.51916E-07  2.49615E-07  2.51927E-07  0.00000E+00  1.48531E-11
-1.60206E+00  2.86552E+01  2.55955E-03  3.55153E-07  3.58442E-07  3.55170E-07  3.58459E-07  0.00000E+00  2.18111E-11
-1.60206E+00  2.86552E+01  3.23746E-03  5.05350E-07  5.10030E-07  5.05375E-07  5.10055E-07  0.00000E+00  3.18260E-11
-1.60206E+00  2.86552E+01  4.09492E-03  7.19091E-07  7.25749E-07  7.19127E-07  7.25785E-07  0.00000E+00  4.61209E-11
-1.60206E+00  2.86552E+01  5.17947E-03  1.02327E-06  1.03275E-06  1.02332E-06  1.03280E-06  0.00000E+00  6.63540E-11
-1.60206E+00  2.86552E+01  6.55129E-03  1.45619E-06  1.46966E-06  1.45626E-06  1.46974E-06  0.00000E+00  9.47682E-11
-1.60206E+00  2.86552E+01  8.28643E-03  2.07131E-06  2.09048E-06  2.07141E-06  2.09058E-06  0.00000E+00  1.34447E-10
-1.60206E+00  2.86552E+01  1.04811E-02  2.94451E-06  2.97177E-06  2.94466E-06  2.97192E-06  0.00000E+00  1.89980E-10
-1.60206E+00  2.86552E+01  1.32571E-02  4.18480E-06  4.22356E-06  4.18501E-06  4.22377E-06  0.00000E+00  2.68842E-10
-1.60206E+00  2.86552E+01  1.67683E-02  5.94737E-06  6.00247E-06  5.94767E-06  6.00277E-06  0.00000E+00  3.81380E-10
-1.60206E+00  2.86552E+01  2.12095E-02  8.45319E-06  8.53154E-06  8.45362E-06  8.53196E-06  0.00000E+00  5.44583E-10
-1.60206E+00  2.86552E+01  2.68270E-02  1.20170E-05  1.21284E-05  1.20176E-05  1.21290E-05  0.00000E+00  7.80672E-10
-1.60206E+00  2.86552E+01  3.39322E-02  1.70872E-05  1.72457E-05  1.70881E-05  1.72466E-05  0.00000E+00  1.14133E-09
-1.60206E+00  2.86552E+01  4.29193E-02  2.43028E-05  2.45281E-05  2.43042E-05  2.45295E-05  0.00000E+00  1.73162E-09
-1.60206E+00  2.86552E+01  5.42868E-02  3.45718E-05  3.48923E-05  3.45740E-05  3.48945E-05  0.00000E+00  2.75308E-09
-1.60206E+00  2.86552E+01  6.86649E-02  4.91749E-05  4.96307E-05  4.91788E-05  4.96346E-05  0.00000E+00  4.57580E-09
-1.60206E+00  2.86552E+01  8.68511E-02  6.99496E-05  7.05980E-05  6.99562E-05  7.06045E-05  0.00000E+00  7.50353E-09
-1.60206E+00  2.86552E+01  1.09854E-01  9.95192E-05  1.00441E-04  9.95294E-05  1.00452E-04  1.28709E-16  1.15751E-08
-1.60206E+00  2.86552E+01  1.38950E-01  1.41617E-04  1.42928E-04  1.41631E-04  1.42943E-04  1.37226E-13  1.63789E-08
-1.60206E+00  2.86552E+01  1.75751E-01  2.01449E-04  2.03314E-04  2.01467E-04  2.03332E-04  3.49141E-11  2.08129E-08
-1.60206E+00  2.86552E+01  2.22300E-01  2.86518E-04  2.89169E-04  2.86538E-04  2.89189E-04  2.85369E-09  2.36511E-08
-1.60206E+00  2.86552E+01  2.81177E-01  4.07546E-04  4.11314E-04  4.07566E-04  4.11334E-04  9.50243E-08  2.58109E-08
-1.60206E+00  2.86552E+01  3.55648E-01  5.79699E-04  5.85055E-04  5.79719E-04  5.85075E-04  1.55535E-06  2.81502E-08
-1.60206E+00  2.86552E+01  4.49843E-01  8.24706E-04  8.32318E-04  8.24726E-04  8.32337E-04  1.45162E-05  3.06898E-08
-1.60206E+00  2.86552E+01  5.68987E-01  1.17301E-03  1.18382E-03  1.17303E-03  1.18384E-03  8.68980E-05  3.34484E-08
-1.60206E+00  2.86552E+01  7.19686E-01  1.66842E-03  1.68378E-03  1.66844E-03  1.68379E-03  3.66514E-04  3.64465E-08
-1.60206E+00  2.86552E+01  9.10298E-01  2.37327E-03  2.39507E-03  2.37328E-03  2.39507E-03  1.17453E-03  3.97059E-08
-1.60206E+00  2.86552E+01  1.15140E+00  3.37543E-03  3.40636E-03  3.37543E-03  3.40636E-03  3.03743E-03  4.32506E-08
-1.60206E+00  2.86552E+01  1.45635E+00  4.80083E-03  4.84468E-03  4.80081E-03  4.84466E-03  6.64293E-03  4.71063E-08
-1.60206E+00  2.86552E+01  1.84207E+00  6.82759E-03  6.88972E-03  6.82755E-03  6.88968E-03  1.27185E-02  5.13010E-08
-1.60206E+00  2.86552E+01  2.32995E+00  9.70964E-03  9.79757E-03  9.70956E-03  9.79749E-03  2.18257E-02  5.58654E-08
-1.60206E+00  2.86552E+01  2.94705E+00  1.38066E-02  1.39309E-02  1.38065E-02  1.39308E-02  3.40491E-02  6.08324E-08
-1.60206E+00  2.86552E+01  3.72759E+00  1.96307E-02  1.98061E-02  1.96305E-02  1.98059E-02  4.86241E-02  6.62381E-08
-1.60206E+00  2.86552E+01  4.71487E+00  2.79076E-02  2.81547E-02  2.79074E-02  2.81544E-02  6.37298E-02  7.21216E-08
-1.60206E+00  2.86552E+01  5.96362E+00  3.96673E-02  4.00143E-02  3.96669E-02  4.00139E-02  7.67984E-02  7.85256E-08
-1.60206E+00  2.86552E+01  7.54312E+00  5.63696E-02  5.68554E-02  5.63690E-02  5.68548E-02  8.54263E-02  8.54963E-08
-1.60206E+00  2.86552E+01  9.54095E+00  8.00815E-02  8.07588E-02  8.00807E-02  8.07580E-02  8.83545E-02  9.30842E-08
-1.60206E+00  2.86552E+01  1.20679E+01  1.13725E-01  1.14664E-01  1.13723E-01  1.14663E-01  8.58098E-02  1.01344E-07
-1.60206E+00  2.86552E+01  1.52642E+01  1.61420E-01  1.62713E-01  1.61419E-01  1.62712E-01  7.90910E-02  1.10336E-07
-1.60206E+00  2.86552E+01  1.93070E+01  2.28966E-01  2.30728E-01  2.28964E-01  2.30726E-01  6.98731E-02  1.20124E-07
-1.60206E+00  2.86552E+01  2.44205E+01  3.24479E-01  3.26851E-01  3.24476E-01  3.26849E-01  5.96728E-02  1.30780E-07
-1.60206E+00  2.86552E+01  3.08884E+01  4.59257E-01  4.62393E-01  4.59254E-01  4.62389E-01  4.96054E-02  1.42381E-07
-1.60206E+00  2.86552E+01  3.90694E+01  6.48854E-01  6.52889E-01  6.48849E-01  6.52885E-01  4.03595E-02  1.55010E-07
-1.60206E+00  2.86552E+01  4.94171E+01  9.14278E-01  9.19263E-01  9.14273E-01  9.19258E-01  3.22758E-02  1.68758E-07
-1.60206E+00  2.86552E+01  6.25055E+01  1.28285E+00  1.28861E+00  1.28285E+00  1.28860E+00  2.54538E-02  1.83726E-07
-1.60206E+00  2.86552E+01  7.90604E+01  1.78620E+00  1.79202E+00  1.78619E+00  1.79202E+00  1.98461E-02  2.00020E-07
-1.60206E+00  2.86552E+01  1.00000E+02  2.48246E+00  2.48632E+00  2.48245E+00  2.48631E+00  1.53284E-02  2.17759E-07
# T =  0  2.50000E-02
# D = 29  1.00000E+29
-1.60206E+00  2.90000E+01  1.00000E-03  4.14926E-08  4.17904E-08  4.14936E-08  4.17915E-08  0.00000E+00  1.39288E-12
-1.60206E+00  2.90000E+01  1.26486E-03  5.90316E-08  5.94553E-08  5.90331E-08  5.94567E-08  0.00000E+00  1.93640E-12
-1.60206E+00  2.90000E+01  1.59986E-03  8.39857E-08  8.45884E-08  8.39877E-08  8.45904E-08  0.00000E+00  2.69054E-12
-1.60206E+00  2.90000E+01  2.02359E-03  1.19490E-07  1.20348E-07  1.19493E-07  1.20351E-07  0.00000E+00  3.74325E-12
-1.60206E+00  2.90000E+01  2.55955E-03  1.70008E-07  1.71228E-07  1.70012E-07  1.71232E-07  0.00000E+00  5.22312E-12
-1.60206E+00  2.90000E+01  3.23746E-03  2.41889E-07  2.43624E-07  2.41894E-07  2.43629E-07  0.00000E+00  7.31781E-12
-1.60206E+00  2.90000E+01  4.09492E-03  3.44169E-07  3.46638E-07  3.44176E-07  3.46645E-07  0.00000E+00  1.02965E-11
-1.60206E+00  2.90000E+01  5.17947E-03  4.89696E-07  4.93209E-07  4.89707E-07  4.93219E-07  0.00000E+00  1.45521E-11
-1.60206E+00  2.90000E+01  6.55129E-03  6.96544E-07  7.01541E-07  6.96560E-07  7.01556E-07  0.00000E+00  2.06578E-11
-1.60206E+00  2.90000E+01  8.28643E-03  9.90546E-07  9.97652E-07  9.90568E-07  9.97674E-07  0.00000E+00  2.95107E-11
-1.60206E+00  2.90000E+01  1.04811E-02  1.40854E-06  1.41865E-06  1.40857E-06  1.41868E-06  0.00000E+00  4.27141E-11
-1.60206E+00  2.90000E+01  1.32571E-02  2.00297E-06  2.01734E-06  2.00301E-06  2.01739E-06  0.00000E+00  6.30704E-11
-1.60206E+00  2.90000E+01  1.67683E-02  2.84846E-06  2.86891E-06  2.84854E-06  2.86898E-06  0.00000E+00  9.58836E-11
-1.60206E+00  2.90000E+01  2.12095E-02  4.05132E-06  4.08040E-06  4.05144E-06  4.08051E-06  0.00000E+00  1.50268E-10
-1.60206E+00  2.90000E+01  2.68270E-02  5.76286E-06  5.80422E-06  5.76306E-06  5.80442E-06  0.00000E+00  2.43514E-10
-1.60206E+00  2.90000E+01  3.39322E-02  8.19863E-06  8.25747E-06  8.19896E-06  8.25780E-06  0.00000E+00  3.94004E-10
-1.60206E+00  2.90000E+01  4.29193E-02  1.16656E-05  1.17493E-05  1.16661E-05  1.17498E-05  0.00000E+00  6.19889E-10
-1.60206E+00  2.90000E+01  5.42868E-02  1.66012E-05  1.67203E-05  1.66020E-05  1.67211E-05  0.00000E+00  9.37745E-10
-1.60206E+00  2.90000E+01  6.86649E-02  2.36275E-05  2.37969E-05  2.36286E-05  2.37981E-05  0.00000E+00  1.36596E-09
-1.60206E+00  2.90000E+01  8.68511E-02  3.36108E-05  3.38518E-05  3.36125E-05  3.38535E-05  0.00000E+00  1.96589E-09
-1.60206E+00  2.90000E+01  1.09854E-01  4.77957E-05  4.81383E-05  4.77982E-05  4.81408E-05  0.00000E+00  2.90257E-09
-1.60206E+00  2.90000E+01  1.38950E-01  6.79635E-05  6.84507E-05  6.79675E-05  6.84547E-05  0.00000E+00  4.56415E-09
-1.60206E+00  2.90000E+01  1.75751E-01  9.66542E-05  9.73470E-05  9.66614E-05  9.73542E-05  1.41957E-15  7.97081E-09
-1.60206E+00  2.90000E+01  2.22300E-01  1.37477E-04  1.38462E-04  1.37491E-04  1.38476E-04  9.38992E-13  1.50327E-08
-1.60206E+00  2.90000E+01  2.81177E-01  1.95536E-04  1.96937E-04  1.95563E-04  1.96964E-04  1.63139E-10  2.88739E-08
-1.60206E+00  2.90000E+01  3.55648E-01  2.78160E-04  2.80152E-04  2.78214E-04  2.80205E-04  9.86086E-09  5.56733E-08
-1.60206E+00  2.90000E+01  4.49843E-01  3.95743E-04  3.98575E-04  3.95848E-04  3.98680E-04  2.58600E-07  1.07681E-07
-1.60206E+00  2.90000E+01  5.68987E-01  5.62868E-04  5.66893E-04  5.63073E-04  5.67097E-04  3.50321E-06  2.08794E-07
-1.60206E+00  2.90000E+01  7.19686E-01  8.00595E-04  8.06315E-04  8.00995E-04  8.06714E-04  2.81403E-05  4.05672E-07
-1.60206E+00  2.90000E+01  9.10298E-01  1.13875E-03  1.14687E-03  1.13953E-03  1.14765E-03  1.49536E-04  7.89469E-07
-1.60206E+00  2.90000E+01  1.15140E+00  1.61988E-03  1.63142E-03  1.62140E-03  1.63294E-03  5.73703E-04  1.53836E-06
-1.60206E+00  2.90000E+01  1.45635E+00  2.30393E-03  2.32032E-03  2.30691E-03  2.32330E-03  1.70442E-03  3.00074E-06
-1.60206E+00  2.90000E+01  1.84207E+00  3.27693E-03  3.30018E-03  3.28276E-03  3.30601E-03  4.14429E-03  5.85808E-06
-1.60206E+00  2.90000E+01  2.32995E+00  4.66070E-03  4.69368E-03  4.67211E-03  4.70509E-03  8.60139E-03  1.14437E-05
-1.60206E+00  2.90000E+01  2.94705E+00  6.62845E-03  6.67519E-03  6.65077E-03  6.69750E-03  1.57015E-02  2.23668E-05
-1.60206E+00  2.90000E+01  3.72759E+00  9.42663E-03  9.49280E-03  9.47029E-03  9.53646E-03  2.57031E-02  4.37340E-05
-1.60206E+00  2.90000E+01  4.71487E+00  1.34051E-02  1.34987E-02  1.34906E-02  1.35841E-02  3.81479E-02  8.55414E-05
-1.60206E+00  2.90000E+01  5.96362E+00  1.90604E-02  1.91925E-02  1.92276E-02  1.93598E-02  5.16214E-02  1.67358E-04
-1.60206E+00  2.90000E+01  7.54312E+00  2.70987E-02  2.72849E-02  2.74260E-02  2.76122E-02  6.39314E-02  3.27495E-04
-1.60206E+00  2.90000E+01  9.54095E+00  3.85208E-02  3.87826E-02  3.91615E-02  3.94233E-02  7.28428E-02  6.40964E-04
-1.60206E+00  2.90000E+01  1.20679E+01  5.47461E-02  5.51130E-02  5.60003E-02  5.63673E-02  7.69759E-02  1.25464E-03
-1.60206E+00  2.90000E+01  1.52642E+01  7.77852E-02  7.82975E-02  8.02408E-02  8.07531E-02  7.62250E-02  2.45611E-03
-1.60206E+00  2.90000E+01  1.93070E+01  1.10481E-01  1.11193E-01  1.15289E-01  1.16001E-01  7.15041E-02  4.80852E-03
-1.60206E+00  2.90000E+01  2.44205E+01  1.56851E-01  1.57832E-01  1.66264E-01  1.67246E-01  6.41796E-02  9.41461E-03
-1.60206E+00  2.90000E+01  3.08884E+01  2.22546E-01  2.23889E-01  2.40979E-01  2.42322E-01  5.55881E-02  1.84338E-02
-1.60206E+00  2.90000E+01  3.90694E+01  3.15501E-01  3.17315E-01  3.51594E-01  3.53408E-01  4.67838E-02  3.60949E-02
-1.60206E+00  2.90000E+01  4.94171E+01  4.46779E-01  4.49189E-01  5.17456E-01  5.19866E-01  3.84724E-02  7.06790E-02
-1.60206E+00  2.90000E+01  6.25055E+01  6.31672E-01  6.34796E-01  7.70072E-01  7.73197E-01  3.10499E-02  1.38403E-01
-1.60206E+00  2.90000E+01  7.90604E+01  8.90976E-01  8.94878E-01  1.16200E+00  1.16590E+00  2.46796E-02  2.71024E-01
-1.60206E+00  2.90000E+01  1.00000E+02  1.25207E+00  1.25665E+00  1.78281E+00  1.78739E+00  1.93717E-02  5.30736E-01
