# nt =  1
# nd = 30
# ne = 50
# T =  0  2.50000E-02
# D =  0  1.00000E+19
-1.60206E+00  1.90000E+01  1.00000E-03  0.00000E+00  0.00000E+00  2.78300E-01  2.78300E-01  8.85931E-02  2.78300E-01
-1.60206E+00  1.90000E+01  1.26486E-03  0.00000E+00  0.00000E+00  2.72864E-01  2.72864E-01  1.08949E-01  2.72864E-01
-1.60206E+00  1.90000E+01  1.59986E-03  0.00000E+00  0.00000E+00  2.68841E-01  2.68841E-01  1.32253E-01  2.68841E-01
-1.60206E+00  1.90000E+01  2.02359E-03  0.00000E+00  0.00000E+00  2.65462E-01  2.65462E-01  1.58199E-01  2.65462E-01
-1.60206E+00  1.90000E+01  2.55955E-03  0.00000E+00  0.00000E+00  2.59285E-01  2.59285E-01  1.85874E-01  2.59285E-01
-1.60206E+00  1.90000E+01  3.23746E-03  0.00000E+00  0.00000E+00  2.48739E-01  2.48739E-01  2.13418E-01  2.48739E-01
-1.60206E+00  1.90000E+01  4.09492E-03 4.02379E-200 4.02382E-200  2.35867E-01  2.35867E-01  2.37756E-01  2.35867E-01
-1.60206E+00  1.90000E+01  5.17947E-03 2.16720E-145 2.16722E-145  2.21044E-01  2.21044E-01  2.54734E-01  2.21044E-01
-1.60206E+00  1.90000E+01  6.55129E-03 2.85979E-101 2.85984E-101  2.05061E-01  2.05061E-01  2.60100E-01  2.05061E-01
-1.60206E+00  1.90000E+01  8.28643E-03  2.34156E-65  2.34162E-65  1.81810E-01  1.81810E-01  2.51326E-01  1.81810E-01
-1.60206E+00  1.90000E+01  1.04811E-02  1.90492E-37  1.90500E-37  1.54160E-01  1.54160E-01  2.29247E-01  1.54160E-01
-1.60206E+00  1.90000E+01  1.32571E-02  2.76426E-17  2.76444E-17  1.31423E-01  1.31423E-01  1.98018E-01  1.31423E-01
-1.60206E+00  1.90000E+01  1.67683E-02  3.67854E-05  3.67916E-05  1.15357E-01  1.15357E-01  1.63224E-01  1.15326E-01
-1.60206E+00  1.90000E+01  2.12095E-02  1.40667E-01  1.40689E-01  2.24864E-01  2.24883E-01  1.29656E-01  1.01617E-01
-1.60206E+00  1.90000E+01  2.68270E-02  3.63229E-01  3.63243E-01  4.15943E-01  4.15956E-01  1.00201E-01  8.87047E-02
-1.60206E+00  1.90000E+01  3.39322E-02  5.21348E-01  5.21359E-01  5.58420E-01  5.58430E-01  7.59394E-02  7.70456E-02
-1.60206E+00  1.90000E+01  4.29193E-02  6.62347E-01  6.62358E-01  6.90405E-01  6.90415E-01  5.67784E-02  6.67899E-02
-1.60206E+00  1.90000E+01  5.42868E-02  7.87989E-01  7.88001E-01  8.10866E-01  8.10877E-01  4.20588E-02  5.75489E-02
-1.60206E+00  1.90000E+01  6.86649E-02  9.13112E-01  9.13123E-01  9.32542E-01  9.32552E-01  3.09556E-02  4.96258E-02
-1.60206E+00  1.90000E+01  8.68511E-02  1.04071E+00  1.04072E+00  1.06215E+00  1.06216E+00  2.26810E-02  4.72480E-02
-1.60206E+00  1.90000E+01  1.09854E-01  1.15571E+00  1.15572E+00  1.18068E+00  1.18070E+00  1.65643E-02  4.62546E-02
-1.60206E+00  1.90000E+01  1.38950E-01  1.31871E+00  1.31876E+00  1.34526E+00  1.34531E+00  1.20678E-02  4.37800E-02
-1.60206E+00  1.90000E+01  1.75751E-01  1.47036E+00  1.47045E+00  1.49473E+00  1.49482E+00  8.77533E-03  3.88283E-02
-1.60206E+00  1.90000E+01  2.22300E-01  1.61391E+00  1.61404E+00  1.63670E+00  1.63682E+00  6.37148E-03  3.44370E-02
-1.60206E+00  1.90000E+01  2.81177E-01  1.62864E+00  1.62865E+00  1.64989E+00  1.64990E+00  4.62025E-03  3.05427E-02
-1.60206E+00  1.90000E+01  3.55648E-01  1.74615E+00  1.74616E+00  1.76581E+00  1.76582E+00  3.34667E-03  2.70891E-02
-1.60206E+00  1.90000E+01  4.49843E-01  1.89480E+00  1.89458E+00  1.91305E+00  1.91284E+00  2.42179E-03  2.40262E-02
-1.60206E+00  1.90000E+01  5.68987E-01  1.99981E+00  1.99982E+00  2.01625E+00  2.01626E+00  1.75097E-03  2.13097E-02
-1.60206E+00  1.90000E+01  7.19686E-01  2.11409E+00  2.11409E+00  2.12912E+00  2.12913E+00  1.26494E-03  1.89005E-02
-1.60206E+00  1.90000E+01  9.10298E-01  2.24205E+00  2.24207E+00  2.25582E+00  2.25585E+00  9.13136E-04  1.67637E-02
-1.60206E+00  1.90000E+01  1.15140E+00  2.38098E+00  2.38101E+00  2.39344E+00  2.39347E+00  6.58712E-04  1.48685E-02
-1.60206E+00  1.90000E+01  1.45635E+00  2.62549E+00  2.62558E+00  2.63678E+00  2.63688E+00  4.74864E-04  1.31876E-02
-1.60206E+00  1.90000E+01  1.84207E+00  2.60226E+00  2.60230E+00  2.61250E+00  2.61253E+00  3.42114E-04  1.16968E-02
-1.60206E+00  1.90000E+01  2.32995E+00  2.78022E+00  2.78027E+00  2.78946E+00  2.78951E+00  2.46329E-04  1.03745E-02
-1.60206E+00  1.90000E+01  2.94705E+00  2.89021E+00  2.89023E+00  2.89842E+00  2.89845E+00  1.77262E-04  9.20172E-03
-1.60206E+00  1.90000E+01  3.72759E+00  3.09277E+00  3.09281E+00  3.10016E+00  3.10020E+00  1.27492E-04  8.16151E-03
-1.60206E+00  1.90000E+01  4.71487E+00  3.14272E+00  3.14276E+00  3.14937E+00  3.14941E+00  9.16490E-05  7.23890E-03
-1.60206E+00  1.90000E+01  5.96362E+00  3.22019E+00  3.22023E+00  3.22616E+00  3.22619E+00  6.58507E-05  6.42059E-03
-1.60206E+00  1.90000E+01  7.54312E+00  3.51952E+00  3.51960E+00  3.52484E+00  3.52492E+00  4.72922E-05  5.69478E-03
-1.60206E+00  1.90000E+01  9.54095E+00  3.52639E+00  3.52643E+00  3.53114E+00  3.53118E+00  3.39487E-05  5.05103E-03
-1.60206E+00  1.90000E+01  1.20679E+01  3.68078E+00  3.68084E+00  3.68504E+00  3.68509E+00  2.43597E-05  4.48005E-03
-1.60206E+00  1.90000E+01  1.52642E+01  3.80729E+00  3.80736E+00  3.81109E+00  3.81116E+00  1.74719E-05  3.97361E-03
-1.60206E+00  1.90000E+01  1.93070E+01  3.76280E+00  3.76282E+00  3.76619E+00  3.76621E+00  1.25267E-05  3.52442E-03
-1.60206E+00  1.90000E+01  2.44205E+01  4.03786E+00  4.03789E+00  4.04086E+00  4.04090E+00  8.97777E-06  3.12601E-03
-1.60206E+00  1.90000E+01  3.08884E+01  4.17769E+00  4.17775E+00  4.18037E+00  4.18043E+00  6.43192E-06  2.77264E-03
-1.60206E+00  1.90000E+01  3.90694E+01  4.25191E+00  4.25197E+00  4.25430E+00  4.25436E+00  4.60638E-06  2.45922E-03
-1.60206E+00  1.90000E+01  4.94171E+01  4.29668E+00  4.29672E+00  4.29881E+00  4.29885E+00  3.29785E-06  2.18122E-03
-1.60206E+00  1.90000E+01  6.25055E+01  4.60935E+00  4.60946E+00  4.61124E+00  4.61135E+00  2.36026E-06  1.93465E-03
-1.60206E+00  1.90000E+01  7.90604E+01  4.70528E+00  4.70535E+00  4.70696E+00  4.70703E+00  1.68870E-06  1.71596E-03
-1.60206E+00  1.90000E+01  1.00000E+02  4.77698E+00  4.77701E+00  4.77847E+00  4.77850E+00  1.20785E-06  1.52198E-03
# T =  0  2.50000E-02
# D =  1  2.21222E+19
-1.60206E+00  1.93448E+01  1.00000E-03  0.00000E+00  0.00000E+00  2.72105E-01  2.72105E-01  1.12874E-01  2.72105E-01
-1.60206E+00  1.93448E+01  1.26486E-03  0.00000E+00  0.00000E+00  2.68199E-01  2.68199E-01  1.41073E-01  2.68199E-01
-1.60206E+00  1.93448E+01  1.59986E-03  0.00000E+00  0.00000E+00  2.65218E-01  2.65218E-01  1.73624E-01  2.65218E-01
-1.60206E+00  1.93448E+01  2.02359E-03  0.00000E+00  0.00000E+00  2.62552E-01  2.62552E-01  2.10114E-01  2.62552E-01
-1.60206E+00  1.93448E+01  2.55955E-03  0.00000E+00  0.00000E+00  2.57100E-01  2.57100E-01  2.49266E-01  2.57100E-01
-1.60206E+00  1.93448E+01  3.23746E-03  0.00000E+00  0.00000E+00  2.47240E-01  2.47240E-01  2.88451E-01  2.47240E-01
-1.60206E+00  1.93448E+01  4.09492E-03 5.00777E-200 5.00785E-200  2.34776E-01  2.34776E-01  3.23301E-01  2.34776E-01
-1.60206E+00  1.93448E+01  5.17947E-03 1.36096E-145 1.36100E-145  2.20313E-01  2.20313E-01  3.47923E-01  2.20313E-01
-1.60206E+00  1.93448E+01  6.55129E-03 5.35575E-101 5.35594E-101  2.04467E-01  2.04467E-01  3.56315E-01  2.04467E-01
-1.60206E+00  1.93448E+01  8.28643E-03  2.26123E-65  2.26136E-65  1.81479E-01  1.81479E-01  3.44960E-01  1.81479E-01
-1.60206E+00  1.93448E+01  1.04811E-02  2.05004E-37  2.05021E-37  1.53986E-01  1.53986E-01  3.15082E-01  1.53986E-01
-1.60206E+00  1.93448E+01  1.32571E-02  3.23992E-17  3.24039E-17  1.31326E-01  1.31326E-01  2.72499E-01  1.31326E-01
-1.60206E+00  1.93448E+01  1.67683E-02  4.38772E-05  4.38937E-05  1.15261E-01  1.15261E-01  2.24942E-01  1.15225E-01
-1.60206E+00  1.93448E+01  2.12095E-02  1.93803E-01  1.93858E-01  2.72226E-01  2.72273E-01  1.78993E-01  1.01541E-01
-1.60206E+00  1.93448E+01  2.68270E-02  4.27637E-01  4.27668E-01  4.75446E-01  4.75475E-01  1.38609E-01  8.86456E-02
-1.60206E+00  1.93448E+01  3.39322E-02  5.86448E-01  5.86476E-01  6.20099E-01  6.20126E-01  1.05279E-01  7.69905E-02
-1.60206E+00  1.93448E+01  4.29193E-02  7.23371E-01  7.23397E-01  7.49428E-01  7.49453E-01  7.88950E-02  6.67446E-02
-1.60206E+00  1.93448E+01  5.42868E-02  8.54403E-01  8.54425E-01  8.75597E-01  8.75618E-01  5.85755E-02  5.75278E-02
-1.60206E+00  1.93448E+01  6.86649E-02  9.78929E-01  9.78952E-01  9.97381E-01  9.97404E-01  4.32086E-02  4.96284E-02
-1.60206E+00  1.93448E+01  8.68511E-02  1.09574E+00  1.09577E+00  1.11697E+00  1.11700E+00  3.17271E-02  4.72453E-02
-1.60206E+00  1.93448E+01  1.09854E-01  1.22522E+00  1.22524E+00  1.24956E+00  1.24958E+00  2.32184E-02  4.62523E-02
-1.60206E+00  1.93448E+01  1.38950E-01  1.34120E+00  1.34123E+00  1.36718E+00  1.36720E+00  1.69486E-02  4.37746E-02
-1.60206E+00  1.93448E+01  1.75751E-01  1.50626E+00  1.50632E+00  1.53073E+00  1.53078E+00  1.23473E-02  3.88113E-02
-1.60206E+00  1.93448E+01  2.22300E-01  1.56589E+00  1.56591E+00  1.58883E+00  1.58885E+00  8.98062E-03  3.44112E-02
-1.60206E+00  1.93448E+01  2.81177E-01  1.70980E+00  1.70983E+00  1.73072E+00  1.73075E+00  6.52295E-03  3.05104E-02
-1.60206E+00  1.93448E+01  3.55648E-01  1.80968E+00  1.80970E+00  1.82925E+00  1.82927E+00  4.73222E-03  2.70521E-02
-1.60206E+00  1.93448E+01  4.49843E-01  1.93402E+00  1.93404E+00  1.95198E+00  1.95201E+00  3.42945E-03  2.39859E-02
-1.60206E+00  1.93448E+01  5.68987E-01  2.03749E+00  2.03751E+00  2.05406E+00  2.05407E+00  2.48295E-03  2.12675E-02
-1.60206E+00  1.93448E+01  7.19686E-01  2.15032E+00  2.15035E+00  2.16552E+00  2.16555E+00  1.79608E-03  1.88572E-02
-1.60206E+00  1.93448E+01  9.10298E-01  2.30911E+00  2.30913E+00  2.32270E+00  2.32272E+00  1.29817E-03  1.67202E-02
-1.60206E+00  1.93448E+01  1.15140E+00  2.44792E+00  2.44795E+00  2.46032E+00  2.46036E+00  9.37563E-04  1.48254E-02
-1.60206E+00  1.93448E+01  1.45635E+00  2.50954E+00  2.50956E+00  2.52082E+00  2.52084E+00  6.76641E-04  1.31453E-02
-1.60206E+00  1.93448E+01  1.84207E+00  2.66963E+00  2.66966E+00  2.67976E+00  2.67979E+00  4.88002E-04  1.16557E-02
-1.60206E+00  1.93448E+01  2.32995E+00  2.79939E+00  2.79942E+00  2.80854E+00  2.80858E+00  3.51726E-04  1.03349E-02
-1.60206E+00  1.93448E+01  2.94705E+00  2.87882E+00  2.87884E+00  2.88707E+00  2.88710E+00  2.53351E-04  9.16375E-03
-1.60206E+00  1.93448E+01  3.72759E+00  3.04690E+00  3.04694E+00  3.05430E+00  3.05434E+00  1.82385E-04  8.12535E-03
-1.60206E+00  1.93448E+01  4.71487E+00  3.20356E+00  3.20360E+00  3.21015E+00  3.21018E+00  1.31224E-04  7.20461E-03
-1.60206E+00  1.93448E+01  5.96362E+00  3.26431E+00  3.26433E+00  3.27022E+00  3.27025E+00  9.43650E-05  6.38822E-03
-1.60206E+00  1.93448E+01  7.54312E+00  3.36808E+00  3.36811E+00  3.37337E+00  3.37340E+00  6.78248E-05  5.66434E-03
-1.60206E+00  1.93448E+01  9.54095E+00  3.54787E+00  3.54792E+00  3.55261E+00  3.55265E+00  4.87255E-05  5.02249E-03
-1.60206E+00  1.93448E+01  1.20679E+01  3.62630E+00  3.62632E+00  3.63051E+00  3.63054E+00  3.49884E-05  4.45337E-03
-1.60206E+00  1.93448E+01  1.52642E+01  3.79144E+00  3.79148E+00  3.79521E+00  3.79525E+00  2.51131E-05  3.94874E-03
-1.60206E+00  1.93448E+01  1.93070E+01  3.85362E+00  3.85366E+00  3.85698E+00  3.85702E+00  1.80174E-05  3.50129E-03
-1.60206E+00  1.93448E+01  2.44205E+01  3.94909E+00  3.94912E+00  3.95209E+00  3.95211E+00  1.29213E-05  3.10454E-03
-1.60206E+00  1.93448E+01  3.08884E+01  4.08229E+00  4.08232E+00  4.08496E+00  4.08498E+00  9.26297E-06  2.75276E-03
-1.60206E+00  1.93448E+01  3.90694E+01  4.21194E+00  4.21196E+00  4.21430E+00  4.21433E+00  6.63791E-06  2.44083E-03
-1.60206E+00  1.93448E+01  4.94171E+01  4.30567E+00  4.30571E+00  4.30778E+00  4.30781E+00  4.75505E-06  2.16425E-03
-1.60206E+00  1.93448E+01  6.25055E+01  4.39389E+00  4.39391E+00  4.39577E+00  4.39579E+00  3.40509E-06  1.91901E-03
-1.60206E+00  1.93448E+01  7.90604E+01  4.52354E+00  4.52356E+00  4.52521E+00  4.52523E+00  2.43756E-06  1.70156E-03
-1.60206E+00  1.93448E+01  1.00000E+02  4.70786E+00  4.70789E+00  4.70934E+00  4.70937E+00  1.74438E-06  1.50875E-03
# T =  0  2.50000E-02
# D =  2  4.89390E+19
-1.60206E+00  1.96897E+01  1.00000E-03  0.00000E+00  0.00000E+00  2.61910E-01  2.61910E-01  1.21357E-01  2.61910E-01
-1.60206E+00  1.96897E+01  1.26486E-03  0.00000E+00  0.00000E+00  2.60503E-01  2.60503E-01  1.55033E-01  2.60503E-01
-1.60206E+00  1.96897E+01  1.59986E-03  0.00000E+00  0.00000E+00  2.59195E-01  2.59195E-01  1.94576E-01  2.59195E-01
-1.60206E+00  1.96897E+01  2.02359E-03  0.00000E+00  0.00000E+00  2.57648E-01  2.57648E-01  2.39706E-01  2.57648E-01
-1.60206E+00  1.96897E+01  2.55955E-03  0.00000E+00  0.00000E+00  2.53386E-01  2.53386E-01  2.89184E-01  2.53386E-01
-1.60206E+00  1.96897E+01  3.23746E-03  0.00000E+00  0.00000E+00  2.44722E-01  2.44722E-01  3.40199E-01  2.44722E-01
-1.60206E+00  1.96897E+01  4.09492E-03 1.38865E-199 1.38871E-199  2.32951E-01  2.32951E-01  3.87787E-01  2.32951E-01
-1.60206E+00  1.96897E+01  5.17947E-03 3.42150E-145 3.42169E-145  2.19106E-01  2.19106E-01  4.24797E-01  2.19106E-01
-1.60206E+00  1.96897E+01  6.55129E-03 6.54649E-101 6.54704E-101  2.03453E-01  2.03453E-01  4.43253E-01  2.03453E-01
-1.60206E+00  1.96897E+01  8.28643E-03  3.77744E-65  3.77789E-65  1.80926E-01  1.80926E-01  4.37380E-01  1.80926E-01
-1.60206E+00  1.96897E+01  1.04811E-02  2.95214E-37  2.95269E-37  1.53722E-01  1.53722E-01  4.06883E-01  1.53722E-01
-1.60206E+00  1.96897E+01  1.32571E-02  4.73919E-17  4.74073E-17  1.31180E-01  1.31180E-01  3.57742E-01  1.31180E-01
-1.60206E+00  1.96897E+01  1.67683E-02  6.41481E-05  6.42026E-05  1.15120E-01  1.15120E-01  2.99454E-01  1.15066E-01
-1.60206E+00  1.96897E+01  2.12095E-02  2.59228E-01  2.59366E-01  3.31155E-01  3.31278E-01  2.40986E-01  1.01435E-01
-1.60206E+00  1.96897E+01  2.68270E-02  5.05259E-01  5.05329E-01  5.47771E-01  5.47836E-01  1.88283E-01  8.85859E-02
-1.60206E+00  1.96897E+01  3.39322E-02  6.63938E-01  6.64003E-01  6.94052E-01  6.94113E-01  1.44013E-01  7.69504E-02
-1.60206E+00  1.96897E+01  4.29193E-02  8.02001E-01  8.02058E-01  8.25600E-01  8.25656E-01  1.08523E-01  6.67154E-02
-1.60206E+00  1.96897E+01  5.42868E-02  9.30963E-01  9.31009E-01  9.50699E-01  9.50744E-01  8.09381E-02  5.74987E-02
-1.60206E+00  1.96897E+01  6.86649E-02  1.05653E+00  1.05659E+00  1.07399E+00  1.07405E+00  5.99297E-02  4.96121E-02
-1.60206E+00  1.96897E+01  8.68511E-02  1.18099E+00  1.18104E+00  1.20121E+00  1.20127E+00  4.41467E-02  4.72141E-02
-1.60206E+00  1.96897E+01  1.09854E-01  1.29373E+00  1.29377E+00  1.31799E+00  1.31804E+00  3.23983E-02  4.62278E-02
-1.60206E+00  1.96897E+01  1.38950E-01  1.41681E+00  1.41687E+00  1.44257E+00  1.44263E+00  2.37089E-02  4.37666E-02
-1.60206E+00  1.96897E+01  1.75751E-01  1.54089E+00  1.54094E+00  1.56498E+00  1.56502E+00  1.73113E-02  3.88278E-02
-1.60206E+00  1.96897E+01  2.22300E-01  1.65558E+00  1.65564E+00  1.67827E+00  1.67832E+00  1.26171E-02  3.44467E-02
-1.60206E+00  1.96897E+01  2.81177E-01  1.76876E+00  1.76882E+00  1.79004E+00  1.79009E+00  9.18176E-03  3.05604E-02
-1.60206E+00  1.96897E+01  3.55648E-01  1.89827E+00  1.89832E+00  1.91784E+00  1.91790E+00  6.67289E-03  2.71129E-02
-1.60206E+00  1.96897E+01  4.49843E-01  2.01719E+00  2.01724E+00  2.03513E+00  2.03518E+00  4.84385E-03  2.40546E-02
-1.60206E+00  1.96897E+01  5.68987E-01  2.12929E+00  2.12934E+00  2.14588E+00  2.14593E+00  3.51240E-03  2.13414E-02
-1.60206E+00  1.96897E+01  7.19686E-01  2.24826E+00  2.24830E+00  2.26336E+00  2.26340E+00  2.54445E-03  1.89343E-02
-1.60206E+00  1.96897E+01  9.10298E-01  2.35652E+00  2.35658E+00  2.37036E+00  2.37043E+00  1.84158E-03  1.67989E-02
-1.60206E+00  1.96897E+01  1.15140E+00  2.47908E+00  2.47912E+00  2.49162E+00  2.49166E+00  1.33175E-03  1.49043E-02
-1.60206E+00  1.96897E+01  1.45635E+00  2.61515E+00  2.61522E+00  2.62642E+00  2.62649E+00  9.62303E-04  1.32234E-02
-1.60206E+00  1.96897E+01  1.84207E+00  2.72316E+00  2.72320E+00  2.73338E+00  2.73343E+00  6.94829E-04  1.17321E-02
-1.60206E+00  1.96897E+01  2.32995E+00  2.83926E+00  2.83930E+00  2.84850E+00  2.84854E+00  5.01347E-04  1.04091E-02
-1.60206E+00  1.96897E+01  2.94705E+00  2.96888E+00  2.96895E+00  2.97716E+00  2.97724E+00  3.61502E-04  9.23520E-03
-1.60206E+00  1.96897E+01  3.72759E+00  3.05706E+00  3.05710E+00  3.06452E+00  3.06456E+00  2.60501E-04  8.19374E-03
-1.60206E+00  1.96897E+01  4.71487E+00  3.16462E+00  3.16466E+00  3.17133E+00  3.17136E+00  1.87606E-04  7.26973E-03
-1.60206E+00  1.96897E+01  5.96362E+00  3.36082E+00  3.36090E+00  3.36678E+00  3.36686E+00  1.35032E-04  6.44992E-03
-1.60206E+00  1.96897E+01  7.54312E+00  3.45821E+00  3.45825E+00  3.46355E+00  3.46359E+00  9.71381E-05  5.72257E-03
-1.60206E+00  1.96897E+01  9.54095E+00  3.55264E+00  3.55268E+00  3.55742E+00  3.55746E+00  6.98420E-05  5.07724E-03
-1.60206E+00  1.96897E+01  1.20679E+01  3.64710E+00  3.64717E+00  3.65138E+00  3.65145E+00  5.01913E-05  4.50469E-03
-1.60206E+00  1.96897E+01  1.52642E+01  3.80336E+00  3.80342E+00  3.80717E+00  3.80723E+00  3.60523E-05  3.99670E-03
-1.60206E+00  1.96897E+01  1.93070E+01  3.93164E+00  3.93169E+00  3.93504E+00  3.93509E+00  2.58845E-05  3.54600E-03
-1.60206E+00  1.96897E+01  2.44205E+01  4.02288E+00  4.02292E+00  4.02592E+00  4.02595E+00  1.85762E-05  3.14613E-03
-1.60206E+00  1.96897E+01  3.08884E+01  4.12256E+00  4.12264E+00  4.12526E+00  4.12535E+00  1.33258E-05  2.79134E-03
-1.60206E+00  1.96897E+01  3.90694E+01  4.25126E+00  4.25131E+00  4.25367E+00  4.25371E+00  9.55553E-06  2.47657E-03
-1.60206E+00  1.96897E+01  4.94171E+01  4.46319E+00  4.46324E+00  4.46533E+00  4.46537E+00  6.84933E-06  2.19729E-03
-1.60206E+00  1.96897E+01  6.25055E+01  4.51994E+00  4.51998E+00  4.52185E+00  4.52188E+00  4.90772E-06  1.94951E-03
-1.60206E+00  1.96897E+01  7.90604E+01  4.58785E+00  4.58793E+00  4.58954E+00  4.58962E+00  3.51525E-06  1.72967E-03
-1.60206E+00  1.96897E+01  1.00000E+02  4.65969E+00  4.65975E+00  4.66120E+00  4.66126E+00  2.51700E-06  1.53462E-03
# T =  0  2.50000E-02
# D =  3  1.08264E+20
-1.60206E+00  2.00345E+01  1.00000E-03  0.00000E+00  0.00000E+00  2.45259E-01  2.45259E-01  1.10546E-01  2.45259E-01
-1.60206E+00  2.00345E+01  1.26486E-03  0.00000E+00  0.00000E+00  2.47797E-01  2.47797E-01  1.45211E-01  2.47797E-01
-1.60206E+00  2.00345E+01  1.59986E-03  0.00000E+00  0.00000E+00  2.49168E-01  2.49168E-01  1.86986E-01  2.49168E-01
-1.60206E+00  2.00345E+01  2.02359E-03  0.00000E+00  0.00000E+00  2.49435E-01  2.49435E-01  2.35967E-01  2.49435E-01
-1.60206E+00  2.00345E+01  2.55955E-03  0.00000E+00  0.00000E+00  2.47087E-01  2.47087E-01  2.91424E-01  2.47087E-01
-1.60206E+00  2.00345E+01  3.23746E-03 3.69389E-284 3.69413E-284  2.40432E-01  2.40432E-01  3.51168E-01  2.40432E-01
-1.60206E+00  2.00345E+01  4.09492E-03 1.26832E-199 1.26843E-199  2.29890E-01  2.29890E-01  4.10786E-01  2.29890E-01
-1.60206E+00  2.00345E+01  5.17947E-03 6.45006E-145 6.45088E-145  2.17077E-01  2.17077E-01  4.63143E-01  2.17077E-01
-1.60206E+00  2.00345E+01  6.55129E-03 1.31464E-100 1.31489E-100  2.01721E-01  2.01721E-01  4.98989E-01  2.01721E-01
-1.60206E+00  2.00345E+01  8.28643E-03  8.57503E-65  8.57732E-65  1.79971E-01  1.79971E-01  5.09548E-01  1.79971E-01
-1.60206E+00  2.00345E+01  1.04811E-02  6.75437E-37  6.75719E-37  1.53358E-01  1.53358E-01  4.90594E-01  1.53358E-01
-1.60206E+00  2.00345E+01  1.32571E-02  1.06914E-16  1.06991E-16  1.30993E-01  1.30993E-01  4.45284E-01  1.30993E-01
-1.60206E+00  2.00345E+01  1.67683E-02  1.42671E-04  1.42952E-04  1.14937E-01  1.14937E-01  3.83022E-01  1.14816E-01
-1.60206E+00  2.00345E+01  2.12095E-02  3.13015E-01  3.13483E-01  3.80291E-01  3.80711E-01  3.15050E-01  1.01253E-01
-1.60206E+00  2.00345E+01  2.68270E-02  5.98694E-01  5.98848E-01  6.35649E-01  6.35792E-01  2.50319E-01  8.84838E-02
-1.60206E+00  2.00345E+01  3.39322E-02  7.57839E-01  7.57957E-01  7.84218E-01  7.84331E-01  1.93896E-01  7.68852E-02
-1.60206E+00  2.00345E+01  4.29193E-02  8.97503E-01  8.97637E-01  9.18654E-01  9.18784E-01  1.47506E-01  6.66765E-02
-1.60206E+00  2.00345E+01  5.42868E-02  1.02633E+00  1.02647E+00  1.04446E+00  1.04459E+00  1.10807E-01  5.74839E-02
-1.60206E+00  2.00345E+01  6.86649E-02  1.15137E+00  1.15147E+00  1.16780E+00  1.16789E+00  8.25078E-02  4.96430E-02
-1.60206E+00  2.00345E+01  8.68511E-02  1.27181E+00  1.27194E+00  1.29159E+00  1.29172E+00  6.10529E-02  4.71919E-02
-1.60206E+00  2.00345E+01  1.09854E-01  1.39365E+00  1.39376E+00  1.41725E+00  1.41737E+00  4.49725E-02  4.61918E-02
-1.60206E+00  2.00345E+01  1.38950E-01  1.51486E+00  1.51498E+00  1.54028E+00  1.54040E+00  3.30150E-02  4.37401E-02
-1.60206E+00  2.00345E+01  1.75751E-01  1.62384E+00  1.62397E+00  1.64804E+00  1.64817E+00  2.41730E-02  3.88347E-02
-1.60206E+00  2.00345E+01  2.22300E-01  1.75547E+00  1.75557E+00  1.77800E+00  1.77810E+00  1.76615E-02  3.44798E-02
-1.60206E+00  2.00345E+01  2.81177E-01  1.86796E+00  1.86810E+00  1.88905E+00  1.88919E+00  1.28811E-02  3.06139E-02
-1.60206E+00  2.00345E+01  3.55648E-01  1.98733E+00  1.98744E+00  2.00693E+00  2.00704E+00  9.38043E-03  2.71819E-02
-1.60206E+00  2.00345E+01  4.49843E-01  2.08518E+00  2.08530E+00  2.10342E+00  2.10353E+00  6.82198E-03  2.41349E-02
-1.60206E+00  2.00345E+01  5.68987E-01  2.24101E+00  2.24113E+00  2.25754E+00  2.25766E+00  4.95539E-03  2.14297E-02
-1.60206E+00  2.00345E+01  7.19686E-01  2.34341E+00  2.34349E+00  2.35860E+00  2.35868E+00  3.59559E-03  1.90279E-02
-1.60206E+00  2.00345E+01  9.10298E-01  2.46071E+00  2.46087E+00  2.47459E+00  2.47474E+00  2.60631E-03  1.68954E-02
-1.60206E+00  2.00345E+01  1.15140E+00  2.58529E+00  2.58539E+00  2.59790E+00  2.59800E+00  1.88746E-03  1.50019E-02
-1.60206E+00  2.00345E+01  1.45635E+00  2.66839E+00  2.66850E+00  2.67987E+00  2.67999E+00  1.36568E-03  1.33207E-02
-1.60206E+00  2.00345E+01  1.84207E+00  2.83305E+00  2.83318E+00  2.84333E+00  2.84346E+00  9.87342E-04  1.18279E-02
-1.60206E+00  2.00345E+01  2.32995E+00  2.94471E+00  2.94480E+00  2.95399E+00  2.95408E+00  7.13265E-04  1.05025E-02
-1.60206E+00  2.00345E+01  2.94705E+00  3.04069E+00  3.04082E+00  3.04908E+00  3.04921E+00  5.14895E-04  9.32557E-03
-1.60206E+00  2.00345E+01  3.72759E+00  3.16956E+00  3.16969E+00  3.17708E+00  3.17722E+00  3.71438E-04  8.28056E-03
-1.60206E+00  2.00345E+01  4.71487E+00  3.28800E+00  3.28810E+00  3.29477E+00  3.29486E+00  2.67776E-04  7.35266E-03
-1.60206E+00  2.00345E+01  5.96362E+00  3.37403E+00  3.37411E+00  3.38010E+00  3.38019E+00  1.92924E-04  6.52875E-03
-1.60206E+00  2.00345E+01  7.54312E+00  3.49060E+00  3.49078E+00  3.49605E+00  3.49623E+00  1.38914E-04  5.79716E-03
-1.60206E+00  2.00345E+01  9.54095E+00  3.67164E+00  3.67173E+00  3.67648E+00  3.67657E+00  9.99680E-05  5.14756E-03
-1.60206E+00  2.00345E+01  1.20679E+01  3.78104E+00  3.78113E+00  3.78537E+00  3.78546E+00  7.19023E-05  4.57075E-03
-1.60206E+00  2.00345E+01  1.52642E+01  3.86980E+00  3.86993E+00  3.87368E+00  3.87381E+00  5.16894E-05  4.05858E-03
-1.60206E+00  2.00345E+01  1.93070E+01  3.98420E+00  3.98437E+00  3.98766E+00  3.98783E+00  3.71405E-05  3.60380E-03
-1.60206E+00  2.00345E+01  2.44205E+01  4.13868E+00  4.13876E+00  4.14176E+00  4.14185E+00  2.66742E-05  3.19998E-03
-1.60206E+00  2.00345E+01  3.08884E+01  4.26215E+00  4.26224E+00  4.26490E+00  4.26499E+00  1.91486E-05  2.84141E-03
-1.60206E+00  2.00345E+01  3.90694E+01  4.30259E+00  4.30268E+00  4.30505E+00  4.30514E+00  1.37404E-05  2.52302E-03
-1.60206E+00  2.00345E+01  4.94171E+01  4.45236E+00  4.45257E+00  4.45455E+00  4.45476E+00  9.85551E-06  2.24030E-03
-1.60206E+00  2.00345E+01  6.25055E+01  4.56242E+00  4.56251E+00  4.56437E+00  4.56445E+00  7.06623E-06  1.98927E-03
-1.60206E+00  2.00345E+01  7.90604E+01  4.75611E+00  4.75621E+00  4.75784E+00  4.75794E+00  5.06442E-06  1.76636E-03
-1.60206E+00  2.00345E+01  1.00000E+02  4.88301E+00  4.88309E+00  4.88455E+00  4.88463E+00  3.62838E-06  1.56844E-03
# T =  0  2.50000E-02
# D =  4  2.39503E+20
-1.60206E+00  2.03793E+01  1.00000E-03  0.00000E+00  0.00000E+00  2.18270E-01  2.18270E-01  8.66410E-02  2.18270E-01
-1.60206E+00  2.03793E+01  1.26486E-03  0.00000E+00  0.00000E+00  2.26851E-01  2.26851E-01  1.17614E-01  2.26851E-01
-1.60206E+00  2.03793E+01  1.59986E-03  0.00000E+00  0.00000E+00  2.32493E-01  2.32493E-01  1.56239E-01  2.32493E-01
-1.60206E+00  2.03793E+01  2.02359E-03  0.00000E+00  0.00000E+00  2.35834E-01  2.35834E-01  2.03099E-01  2.35834E-01
-1.60206E+00  2.03793E+01  2.55955E-03  0.00000E+00  0.00000E+00  2.36466E-01  2.36466E-01  2.58192E-01  2.36466E-01
-1.60206E+00  2.03793E+01  3.23746E-03 6.93945E-266 6.94031E-266  2.32962E-01  2.32962E-01  3.20427E-01  2.32962E-01
-1.60206E+00  2.03793E+01  4.09492E-03 7.12770E-199 7.12905E-199  2.24759E-01  2.24759E-01  3.86879E-01  2.24759E-01
-1.60206E+00  2.03793E+01  5.17947E-03 3.69319E-144 3.69422E-144  2.13587E-01  2.13587E-01  4.51940E-01  2.13587E-01
-1.60206E+00  2.03793E+01  6.55129E-03 8.23692E-100 8.24031E-100  1.98853E-01  1.98853E-01  5.06975E-01  1.98853E-01
-1.60206E+00  2.03793E+01  8.28643E-03  4.14648E-64  4.14897E-64  1.78313E-01  1.78313E-01  5.41499E-01  1.78313E-01
-1.60206E+00  2.03793E+01  1.04811E-02  3.69171E-36  3.69513E-36  1.52889E-01  1.52889E-01  5.46625E-01  1.52889E-01
-1.60206E+00  2.03793E+01  1.32571E-02  5.56594E-16  5.57489E-16  1.30751E-01  1.30751E-01  5.19559E-01  1.30751E-01
-1.60206E+00  2.03793E+01  1.67683E-02  6.74364E-04  6.77628E-04  1.15016E-01  1.15019E-01  4.65755E-01  1.14447E-01
-1.60206E+00  2.03793E+01  2.12095E-02  3.07280E-01  3.08303E-01  3.75155E-01  3.76076E-01  3.96443E-01  1.00982E-01
-1.60206E+00  2.03793E+01  2.68270E-02  7.11270E-01  7.11644E-01  7.42731E-01  7.43082E-01  3.23518E-01  8.83491E-02
-1.60206E+00  2.03793E+01  3.39322E-02  8.71075E-01  8.71329E-01  8.93820E-01  8.94063E-01  2.55673E-01  7.68125E-02
-1.60206E+00  2.03793E+01  4.29193E-02  1.01145E+00  1.01176E+00  1.03022E+00  1.03052E+00  1.97399E-01  6.66376E-02
-1.60206E+00  2.03793E+01  5.42868E-02  1.13973E+00  1.14001E+00  1.15634E+00  1.15662E+00  1.49914E-01  5.74653E-02
-1.60206E+00  2.03793E+01  6.86649E-02  1.26674E+00  1.26700E+00  1.28227E+00  1.28253E+00  1.12543E-01  4.96970E-02
-1.60206E+00  2.03793E+01  8.68511E-02  1.38727E+00  1.38759E+00  1.40632E+00  1.40664E+00  8.38019E-02  4.71784E-02
-1.60206E+00  2.03793E+01  1.09854E-01  1.50832E+00  1.50855E+00  1.53162E+00  1.53184E+00  6.20372E-02  4.62065E-02
-1.60206E+00  2.03793E+01  1.38950E-01  1.62570E+00  1.62603E+00  1.65095E+00  1.65128E+00  4.57278E-02  4.37669E-02
-1.60206E+00  2.03793E+01  1.75751E-01  1.75034E+00  1.75056E+00  1.77416E+00  1.77438E+00  3.35958E-02  3.88260E-02
-1.60206E+00  2.03793E+01  2.22300E-01  1.86055E+00  1.86088E+00  1.88307E+00  1.88340E+00  2.46188E-02  3.44419E-02
-1.60206E+00  2.03793E+01  2.81177E-01  1.97884E+00  1.97909E+00  1.99990E+00  2.00015E+00  1.80024E-02  3.05538E-02
-1.60206E+00  2.03793E+01  3.55648E-01  2.10440E+00  2.10467E+00  2.12380E+00  2.12406E+00  1.31407E-02  2.71052E-02
-1.60206E+00  2.03793E+01  4.49843E-01  2.21898E+00  2.21927E+00  2.23696E+00  2.23725E+00  9.57708E-03  2.40463E-02
-1.60206E+00  2.03793E+01  5.68987E-01  2.33112E+00  2.33129E+00  2.34765E+00  2.34782E+00  6.97032E-03  2.13329E-02
-1.60206E+00  2.03793E+01  7.19686E-01  2.43850E+00  2.43887E+00  2.45368E+00  2.45405E+00  5.06681E-03  1.89259E-02
-1.60206E+00  2.03793E+01  9.10298E-01  2.59197E+00  2.59221E+00  2.60564E+00  2.60588E+00  3.67897E-03  1.67906E-02
-1.60206E+00  2.03793E+01  1.15140E+00  2.68302E+00  2.68318E+00  2.69552E+00  2.69568E+00  2.66848E-03  1.48964E-02
-1.60206E+00  2.03793E+01  1.45635E+00  2.81403E+00  2.81442E+00  2.82533E+00  2.82572E+00  1.93367E-03  1.32159E-02
-1.60206E+00  2.03793E+01  1.84207E+00  2.92369E+00  2.92391E+00  2.93392E+00  2.93414E+00  1.39993E-03  1.17251E-02
-1.60206E+00  2.03793E+01  2.32995E+00  3.00968E+00  3.00984E+00  3.01893E+00  3.01910E+00  1.01266E-03  1.04025E-02
-1.60206E+00  2.03793E+01  2.94705E+00  3.18889E+00  3.18929E+00  3.19714E+00  3.19753E+00  7.31937E-04  9.22905E-03
-1.60206E+00  2.03793E+01  3.72759E+00  3.29194E+00  3.29218E+00  3.29937E+00  3.29961E+00  5.28634E-04  8.18802E-03
-1.60206E+00  2.03793E+01  4.71487E+00  3.39062E+00  3.39084E+00  3.39731E+00  3.39752E+00  3.81529E-04  7.26443E-03
-1.60206E+00  2.03793E+01  5.96362E+00  3.51926E+00  3.51944E+00  3.52523E+00  3.52541E+00  2.75173E-04  6.44503E-03
-1.60206E+00  2.03793E+01  7.54312E+00  3.63050E+00  3.63093E+00  3.63585E+00  3.63628E+00  1.98338E-04  5.71806E-03
-1.60206E+00  2.03793E+01  9.54095E+00  3.73191E+00  3.73210E+00  3.73670E+00  3.73689E+00  1.42869E-04  5.07310E-03
-1.60206E+00  2.03793E+01  1.20679E+01  3.83576E+00  3.83599E+00  3.84004E+00  3.84027E+00  1.02854E-04  4.50088E-03
-1.60206E+00  2.03793E+01  1.52642E+01  4.00002E+00  4.00015E+00  4.00383E+00  4.00396E+00  7.40053E-05  3.99322E-03
-1.60206E+00  2.03793E+01  1.93070E+01  4.11549E+00  4.11596E+00  4.11888E+00  4.11935E+00  5.32199E-05  3.54281E-03
-1.60206E+00  2.03793E+01  2.44205E+01  4.22451E+00  4.22477E+00  4.22754E+00  4.22780E+00  3.82531E-05  3.14321E-03
-1.60206E+00  2.03793E+01  3.08884E+01  4.32368E+00  4.32388E+00  4.32638E+00  4.32658E+00  2.74820E-05  2.78868E-03
-1.60206E+00  2.03793E+01  3.90694E+01  4.47311E+00  4.47331E+00  4.47551E+00  4.47572E+00  1.97346E-05  2.47414E-03
-1.60206E+00  2.03793E+01  4.94171E+01  4.55820E+00  4.55835E+00  4.56034E+00  4.56049E+00  1.41650E-05  2.19507E-03
-1.60206E+00  2.03793E+01  6.25055E+01  4.68053E+00  4.68104E+00  4.68243E+00  4.68295E+00  1.01630E-05  1.94749E-03
-1.60206E+00  2.03793E+01  7.90604E+01  4.83894E+00  4.83923E+00  4.84064E+00  4.84092E+00  7.28867E-06  1.72783E-03
-1.60206E+00  2.03793E+01  1.00000E+02  4.90246E+00  4.90260E+00  4.90396E+00  4.90411E+00  5.22522E-06  1.53294E-03
# T =  0  2.50000E-02
# D =  5  5.29832E+20
-1.60206E+00  2.07241E+01  1.00000E-03  0.00000E+00  0.00000E+00  1.78769E-01  1.78769E-01  5.96355E-02  1.78769E-01
-1.60206E+00  2.07241E+01  1.26486E-03  0.00000E+00  0.00000E+00  1.94895E-01  1.94895E-01  8.39202E-02  1.94895E-01
-1.60206E+00  2.07241E+01  1.59986E-03  0.00000E+00  0.00000E+00  2.06514E-01  2.06514E-01  1.15460E-01  2.06514E-01
-1.60206E+00  2.07241E+01  2.02359E-03  0.00000E+00  0.00000E+00  2.14128E-01  2.14128E-01  1.55291E-01  2.14128E-01
-1.60206E+00  2.07241E+01  2.55955E-03  0.00000E+00  0.00000E+00  2.18462E-01  2.18462E-01  2.04101E-01  2.18462E-01
-1.60206E+00  2.07241E+01  3.23746E-03 3.38533E-264 3.38628E-264  2.19455E-01  2.19455E-01  2.61893E-01  2.19455E-01
-1.60206E+00  2.07241E+01  4.09492E-03 3.02149E-197 3.02273E-197  2.15697E-01  2.15697E-01  3.27427E-01  2.15697E-01
-1.60206E+00  2.07241E+01  5.17947E-03 5.97929E-143 5.98292E-143  2.07273E-01  2.07273E-01  3.97406E-01  2.07273E-01
-1.60206E+00  2.07241E+01  6.55129E-03  1.66101E-98  1.66249E-98  1.94140E-01  1.94140E-01  4.65603E-01  1.94140E-01
-1.60206E+00  2.07241E+01  8.28643E-03  1.16074E-62  1.16228E-62  1.75433E-01  1.75433E-01  5.22604E-01  1.75433E-01
-1.60206E+00  2.07241E+01  1.04811E-02  8.71072E-35  8.72864E-35  1.52195E-01  1.52195E-01  5.57294E-01  1.52195E-01
-1.60206E+00  2.07241E+01  1.32571E-02  1.36042E-14  1.36537E-14  1.30395E-01  1.30395E-01  5.60733E-01  1.30395E-01
-1.60206E+00  2.07241E+01  1.67683E-02  5.16019E-03  5.21799E-03  1.18272E-01  1.18321E-01  5.30805E-01  1.13899E-01
-1.60206E+00  2.07241E+01  2.12095E-02  2.99116E-01  3.01105E-01  3.67680E-01  3.69473E-01  4.73962E-01  1.00552E-01
-1.60206E+00  2.07241E+01  2.68270E-02  7.92984E-01  7.94170E-01  8.21502E-01  8.22625E-01  4.02163E-01  8.81115E-02
-1.60206E+00  2.07241E+01  3.39322E-02  1.00503E+00  1.00577E+00  1.02453E+00  1.02525E+00  3.27513E-01  7.66606E-02
-1.60206E+00  2.07241E+01  4.29193E-02  1.14327E+00  1.14392E+00  1.15995E+00  1.16059E+00  2.58566E-01  6.65265E-02
-1.60206E+00  2.07241E+01  5.42868E-02  1.27555E+00  1.27621E+00  1.29079E+00  1.29145E+00  1.99594E-01  5.74016E-02
-1.60206E+00  2.07241E+01  6.86649E-02  1.39798E+00  1.39860E+00  1.41279E+00  1.41340E+00  1.51639E-01  4.97673E-02
-1.60206E+00  2.07241E+01  8.68511E-02  1.52211E+00  1.52277E+00  1.54062E+00  1.54128E+00  1.13922E-01  4.71186E-02
-1.60206E+00  2.07241E+01  1.09854E-01  1.63961E+00  1.64007E+00  1.66255E+00  1.66300E+00  8.49090E-02  4.61813E-02
-1.60206E+00  2.07241E+01  1.38950E-01  1.76233E+00  1.76304E+00  1.78734E+00  1.78804E+00  6.29224E-02  4.37669E-02
-1.60206E+00  2.07241E+01  1.75751E-01  1.87908E+00  1.87951E+00  1.90289E+00  1.90332E+00  4.64300E-02  3.88326E-02
-1.60206E+00  2.07241E+01  2.22300E-01  1.99736E+00  1.99817E+00  2.01976E+00  2.02057E+00  3.41480E-02  3.44428E-02
-1.60206E+00  2.07241E+01  2.81177E-01  2.12281E+00  2.12339E+00  2.14370E+00  2.14427E+00  2.50491E-02  3.05507E-02
-1.60206E+00  2.07241E+01  3.55648E-01  2.22478E+00  2.22516E+00  2.24429E+00  2.24467E+00  1.83350E-02  2.70994E-02
-1.60206E+00  2.07241E+01  4.49843E-01  2.35026E+00  2.35112E+00  2.36824E+00  2.36910E+00  1.33959E-02  2.40387E-02
-1.60206E+00  2.07241E+01  5.68987E-01  2.48083E+00  2.48135E+00  2.49727E+00  2.49779E+00  9.77161E-03  2.13242E-02
-1.60206E+00  2.07241E+01  7.19686E-01  2.58150E+00  2.58186E+00  2.59659E+00  2.59694E+00  7.11775E-03  1.89165E-02
-1.60206E+00  2.07241E+01  9.10298E-01  2.69734E+00  2.69827E+00  2.71112E+00  2.71204E+00  5.17799E-03  1.67809E-02
-1.60206E+00  2.07241E+01  1.15140E+00  2.82094E+00  2.82145E+00  2.83344E+00  2.83395E+00  3.76243E-03  1.48866E-02
-1.60206E+00  2.07241E+01  1.45635E+00  2.95351E+00  2.95396E+00  2.96477E+00  2.96521E+00  2.73089E-03  1.32063E-02
-1.60206E+00  2.07241E+01  1.84207E+00  3.04752E+00  3.04824E+00  3.05774E+00  3.05846E+00  1.98017E-03  1.17157E-02
-1.60206E+00  2.07241E+01  2.32995E+00  3.18425E+00  3.18507E+00  3.19344E+00  3.19426E+00  1.43447E-03  1.03934E-02
-1.60206E+00  2.07241E+01  2.94705E+00  3.28471E+00  3.28517E+00  3.29301E+00  3.29346E+00  1.03824E-03  9.22038E-03
-1.60206E+00  2.07241E+01  3.72759E+00  3.38962E+00  3.39003E+00  3.39707E+00  3.39748E+00  7.50828E-04  8.17979E-03
-1.60206E+00  2.07241E+01  4.71487E+00  3.54563E+00  3.54634E+00  3.55227E+00  3.55299E+00  5.42557E-04  7.25665E-03
-1.60206E+00  2.07241E+01  5.96362E+00  3.65337E+00  3.65433E+00  3.65934E+00  3.66030E+00  3.91768E-04  6.43771E-03
-1.60206E+00  2.07241E+01  7.54312E+00  3.75571E+00  3.75606E+00  3.76106E+00  3.76141E+00  2.82688E-04  5.71120E-03
-1.60206E+00  2.07241E+01  9.54095E+00  3.89034E+00  3.89090E+00  3.89511E+00  3.89567E+00  2.03844E-04  5.06668E-03
-1.60206E+00  2.07241E+01  1.20679E+01  3.97996E+00  3.98019E+00  3.98423E+00  3.98445E+00  1.46897E-04  4.49491E-03
-1.60206E+00  2.07241E+01  1.52642E+01  4.08246E+00  4.08347E+00  4.08627E+00  4.08729E+00  1.05796E-04  3.98766E-03
-1.60206E+00  2.07241E+01  1.93070E+01  4.26344E+00  4.26436E+00  4.26682E+00  4.26775E+00  7.61506E-05  3.53766E-03
-1.60206E+00  2.07241E+01  2.44205E+01  4.38599E+00  4.38624E+00  4.38901E+00  4.38926E+00  5.47825E-05  3.13844E-03
-1.60206E+00  2.07241E+01  3.08884E+01  4.48392E+00  4.48453E+00  4.48661E+00  4.48722E+00  3.93898E-05  2.78427E-03
-1.60206E+00  2.07241E+01  3.90694E+01  4.57161E+00  4.57199E+00  4.57401E+00  4.57439E+00  2.83081E-05  2.47007E-03
-1.60206E+00  2.07241E+01  4.94171E+01  4.68359E+00  4.68392E+00  4.68573E+00  4.68605E+00  2.03343E-05  2.19133E-03
-1.60206E+00  2.07241E+01  6.25055E+01  4.83848E+00  4.83977E+00  4.84038E+00  4.84166E+00  1.45999E-05  1.94405E-03
-1.60206E+00  2.07241E+01  7.90604E+01  4.94906E+00  4.94990E+00  4.95075E+00  4.95159E+00  1.04780E-05  1.72467E-03
-1.60206E+00  2.07241E+01  1.00000E+02  5.03344E+00  5.03357E+00  5.03494E+00  5.03508E+00  7.51671E-06  1.53004E-03
# T =  0  2.50000E-02
# D =  6  1.17210E+21
-1.60206E+00  2.10690E+01  1.00000E-03  0.00000E+00  0.00000E+00  1.24219E-01  1.24219E-01  3.67213E-02  1.24219E-01
-1.60206E+00  2.10690E+01  1.26486E-03  0.00000E+00  0.00000E+00  1.45503E-01  1.45503E-01  5.37049E-02  1.45503E-01
-1.60206E+00  2.10690E+01  1.59986E-03  0.00000E+00  0.00000E+00  1.64437E-01  1.64437E-01  7.66975E-02  1.64437E-01
-1.60206E+00  2.10690E+01  2.02359E-03  0.00000E+00  0.00000E+00  1.79828E-01  1.79828E-01  1.07021E-01  1.79828E-01
-1.60206E+00  2.10690E+01  2.55955E-03  0.00000E+00  0.00000E+00  1.90781E-01  1.90781E-01  1.45877E-01  1.90781E-01
-1.60206E+00  2.10690E+01  3.23746E-03 1.13111E-261 1.13180E-261  1.97483E-01  1.97483E-01  1.94110E-01  1.97483E-01
-1.60206E+00  2.10690E+01  4.09492E-03 1.17771E-194 1.17880E-194  1.99759E-01  1.99759E-01  2.51841E-01  1.99759E-01
-1.60206E+00  2.10690E+01  5.17947E-03 2.39900E-140 2.40222E-140  1.96001E-01  1.96001E-01  3.17891E-01  1.96001E-01
-1.60206E+00  2.10690E+01  6.55129E-03  6.54667E-96  6.55958E-96  1.86066E-01  1.86066E-01  3.88945E-01  1.86066E-01
-1.60206E+00  2.10690E+01  8.28643E-03  4.29002E-60  4.30271E-60  1.70436E-01  1.70436E-01  4.58659E-01  1.70436E-01
-1.60206E+00  2.10690E+01  1.04811E-02  3.24450E-32  3.25945E-32  1.50481E-01  1.50481E-01  5.17403E-01  1.50481E-01
-1.60206E+00  2.10690E+01  1.32571E-02  4.98263E-12  5.02447E-12  1.29711E-01  1.29711E-01  5.53806E-01  1.29711E-01
-1.60206E+00  2.10690E+01  1.67683E-02  1.97133E-02  2.01115E-02  1.29831E-01  1.30171E-01  5.58722E-01  1.13056E-01
-1.60206E+00  2.10690E+01  2.12095E-02  2.93293E-01  2.97021E-01  3.62183E-01  3.65554E-01  5.29954E-01  9.97967E-02
-1.60206E+00  2.10690E+01  2.68270E-02  7.74921E-01  7.77574E-01  8.05180E-01  8.07693E-01  4.73982E-01  8.76635E-02
-1.60206E+00  2.10690E+01  3.39322E-02  1.10948E+00  1.11166E+00  1.12747E+00  1.12960E+00  4.02803E-01  7.64066E-02
-1.60206E+00  2.10690E+01  4.29193E-02  1.29646E+00  1.29812E+00  1.31160E+00  1.31323E+00  3.28553E-01  6.63608E-02
-1.60206E+00  2.10690E+01  5.42868E-02  1.42789E+00  1.42900E+00  1.44219E+00  1.44328E+00  2.59812E-01  5.73206E-02
-1.60206E+00  2.10690E+01  6.86649E-02  1.55064E+00  1.55238E+00  1.56461E+00  1.56634E+00  2.00890E-01  4.94552E-02
-1.60206E+00  2.10690E+01  8.68511E-02  1.67608E+00  1.67757E+00  1.68973E+00  1.69121E+00  1.52875E-01  4.26242E-02
-1.60206E+00  2.10690E+01  1.09854E-01  1.79610E+00  1.79706E+00  1.80935E+00  1.81032E+00  1.15034E-01  3.67202E-02
-1.60206E+00  2.10690E+01  1.38950E-01  1.91288E+00  1.91467E+00  1.92739E+00  1.92918E+00  8.58686E-02  3.33881E-02
-1.60206E+00  2.10690E+01  1.75751E-01  2.03538E+00  2.03684E+00  2.05387E+00  2.05533E+00  6.37248E-02  3.36327E-02
-1.60206E+00  2.10690E+01  2.22300E-01  2.15405E+00  2.15512E+00  2.17592E+00  2.17699E+00  4.70854E-02  3.39602E-02
-1.60206E+00  2.10690E+01  2.81177E-01  2.26417E+00  2.26543E+00  2.28884E+00  2.29010E+00  3.46733E-02  3.42909E-02
-1.60206E+00  2.10690E+01  3.55648E-01  2.39006E+00  2.39209E+00  2.41700E+00  2.41904E+00  2.54641E-02  3.46246E-02
-1.60206E+00  2.10690E+01  4.49843E-01  2.51281E+00  2.51392E+00  2.54165E+00  2.54276E+00  1.86590E-02  3.49614E-02
-1.60206E+00  2.10690E+01  5.68987E-01  2.61665E+00  2.61764E+00  2.64715E+00  2.64814E+00  1.36463E-02  3.53015E-02
-1.60206E+00  2.10690E+01  7.19686E-01  2.73760E+00  2.73924E+00  2.76940E+00  2.77104E+00  9.96367E-03  3.56447E-02
-1.60206E+00  2.10690E+01  9.10298E-01  2.86678E+00  2.86885E+00  2.89971E+00  2.90178E+00  7.26401E-03  3.59913E-02
-1.60206E+00  2.10690E+01  1.15140E+00  2.98088E+00  2.98182E+00  3.01481E+00  3.01575E+00  5.28871E-03  3.63412E-02
-1.60206E+00  2.10690E+01  1.45635E+00  3.08090E+00  3.08208E+00  3.11572E+00  3.11691E+00  3.84582E-03  3.66945E-02
-1.60206E+00  2.10690E+01  1.84207E+00  3.20826E+00  3.20892E+00  3.24379E+00  3.24445E+00  2.79342E-03  3.70512E-02
-1.60206E+00  2.10690E+01  2.32995E+00  3.33639E+00  3.33896E+00  3.37259E+00  3.37516E+00  2.02688E-03  3.74114E-02
-1.60206E+00  2.10690E+01  2.94705E+00  3.44945E+00  3.45091E+00  3.48628E+00  3.48774E+00  1.46924E-03  3.77750E-02
-1.60206E+00  2.10690E+01  3.72759E+00  3.57084E+00  3.57175E+00  3.60823E+00  3.60915E+00  1.06404E-03  3.81421E-02
-1.60206E+00  2.10690E+01  4.71487E+00  3.66218E+00  3.66347E+00  3.70012E+00  3.70141E+00  7.69921E-04  3.85128E-02
-1.60206E+00  2.10690E+01  5.96362E+00  3.79711E+00  3.79750E+00  3.83553E+00  3.83592E+00  5.56650E-04  3.88871E-02
-1.60206E+00  2.10690E+01  7.54312E+00  3.92754E+00  3.92985E+00  3.96642E+00  3.96874E+00  4.02147E-04  3.92650E-02
-1.60206E+00  2.10690E+01  9.54095E+00  4.03751E+00  4.04005E+00  4.07687E+00  4.07941E+00  2.90316E-04  3.96466E-02
-1.60206E+00  2.10690E+01  1.20679E+01  4.15818E+00  4.15884E+00  4.19798E+00  4.19864E+00  2.09440E-04  4.00319E-02
-1.60206E+00  2.10690E+01  1.52642E+01  4.27752E+00  4.27859E+00  4.31776E+00  4.31883E+00  1.50995E-04  4.04210E-02
-1.60206E+00  2.10690E+01  1.93070E+01  4.37288E+00  4.37435E+00  4.41356E+00  4.41502E+00  1.08792E-04  4.08138E-02
-1.60206E+00  2.10690E+01  2.44205E+01  4.46401E+00  4.46457E+00  4.50511E+00  4.50567E+00  7.83378E-05  4.12104E-02
-1.60206E+00  2.10690E+01  3.08884E+01  4.64889E+00  4.64963E+00  4.69040E+00  4.69114E+00  5.63770E-05  4.16109E-02
-1.60206E+00  2.10690E+01  3.90694E+01  4.75954E+00  4.76272E+00  4.80148E+00  4.80466E+00  4.05508E-05  4.20153E-02
-1.60206E+00  2.10690E+01  4.94171E+01  4.86736E+00  4.86981E+00  4.90973E+00  4.91218E+00  2.91524E-05  4.24236E-02
-1.60206E+00  2.10690E+01  6.25055E+01  4.98870E+00  4.98924E+00  5.03149E+00  5.03203E+00  2.09476E-05  4.28359E-02
-1.60206E+00  2.10690E+01  7.90604E+01  5.12607E+00  5.12658E+00  5.16929E+00  5.16979E+00  1.50449E-05  4.32522E-02
-1.60206E+00  2.10690E+01  1.00000E+02  5.21004E+00  5.21174E+00  5.25368E+00  5.25539E+00  1.08007E-05  4.36725E-02
# T =  0  2.50000E-02
# D =  7  2.59294E+21
-1.60206E+00  2.14138E+01  1.00000E-03  0.00000E+00  0.00000E+00  6.90767E-02  6.90767E-02  2.03739E-02  6.90767E-02
-1.60206E+00  2.14138E+01  1.26486E-03  0.00000E+00  0.00000E+00  8.87091E-02  8.87091E-02  3.11860E-02  8.87091E-02
-1.60206E+00  2.14138E+01  1.59986E-03  0.00000E+00  0.00000E+00  1.08552E-01  1.08552E-01  4.63886E-02  1.08552E-01
-1.60206E+00  2.14138E+01  2.02359E-03  0.00000E+00  0.00000E+00  1.27838E-01  1.27838E-01  6.72793E-02  1.27838E-01
-1.60206E+00  2.14138E+01  2.55955E-03  0.00000E+00  0.00000E+00  1.45041E-01  1.45041E-01  9.52658E-02  1.45041E-01
-1.60206E+00  2.14138E+01  3.23746E-03 4.66381E-257 4.67023E-257  1.58409E-01  1.58409E-01  1.31697E-01  1.58409E-01
-1.60206E+00  2.14138E+01  4.09492E-03 2.77541E-190 2.78103E-190  1.67622E-01  1.67622E-01  1.77604E-01  1.67622E-01
-1.60206E+00  2.14138E+01  5.17947E-03 1.09184E-135 1.09517E-135  1.72074E-01  1.72074E-01  2.33316E-01  1.72074E-01
-1.60206E+00  2.14138E+01  6.55129E-03  2.67025E-91  2.68217E-91  1.70640E-01  1.70640E-01  2.97874E-01  1.70640E-01
-1.60206E+00  2.14138E+01  8.28643E-03  1.50899E-55  1.51893E-55  1.61836E-01  1.61836E-01  3.68202E-01  1.61836E-01
-1.60206E+00  2.14138E+01  1.04811E-02  1.23848E-27  1.25141E-27  1.46576E-01  1.46576E-01  4.38203E-01  1.46576E-01
-1.60206E+00  2.14138E+01  1.32571E-02  1.86046E-07  1.89904E-07  1.28549E-01  1.28549E-01  4.98431E-01  1.28549E-01
-1.60206E+00  2.14138E+01  1.67683E-02  4.21315E-02  4.35394E-02  1.48022E-01  1.49238E-01  5.37503E-01  1.11939E-01
-1.60206E+00  2.14138E+01  2.12095E-02  2.88279E-01  2.95056E-01  3.57425E-01  3.63582E-01  5.45951E-01  9.86948E-02
-1.60206E+00  2.14138E+01  2.68270E-02  7.36439E-01  7.42672E-01  7.70159E-01  7.76059E-01  5.20982E-01  8.70143E-02
-1.60206E+00  2.14138E+01  3.39322E-02  1.09238E+00  1.09714E+00  1.11217E+00  1.11679E+00  4.68442E-01  7.60837E-02
-1.60206E+00  2.14138E+01  4.29193E-02  1.38023E+00  1.38473E+00  1.39550E+00  1.39993E+00  3.99931E-01  6.61618E-02
-1.60206E+00  2.14138E+01  5.42868E-02  1.59760E+00  1.59988E+00  1.61155E+00  1.61381E+00  3.27495E-01  5.72400E-02
-1.60206E+00  2.14138E+01  6.86649E-02  1.72015E+00  1.72279E+00  1.73390E+00  1.73652E+00  2.59846E-01  4.94110E-02
-1.60206E+00  2.14138E+01  8.68511E-02  1.84576E+00  1.85049E+00  1.85930E+00  1.86402E+00  2.01495E-01  4.26076E-02
-1.60206E+00  2.14138E+01  1.09854E-01  1.96921E+00  1.97334E+00  1.98242E+00  1.98654E+00  1.53717E-01  3.67311E-02
-1.60206E+00  2.14138E+01  1.38950E-01  2.09130E+00  2.09381E+00  2.10582E+00  2.10833E+00  1.15920E-01  3.34522E-02
-1.60206E+00  2.14138E+01  1.75751E-01  2.20848E+00  2.21115E+00  2.22692E+00  2.22958E+00  8.66966E-02  3.35903E-02
-1.60206E+00  2.14138E+01  2.22300E-01  2.32174E+00  2.32344E+00  2.34357E+00  2.34527E+00  6.44499E-02  3.39386E-02
-1.60206E+00  2.14138E+01  2.81177E-01  2.43923E+00  2.44303E+00  2.46387E+00  2.46767E+00  4.76949E-02  3.42902E-02
-1.60206E+00  2.14138E+01  3.55648E-01  2.56102E+00  2.56659E+00  2.58799E+00  2.59356E+00  3.51715E-02  3.46452E-02
-1.60206E+00  2.14138E+01  4.49843E-01  2.68280E+00  2.68570E+00  2.71171E+00  2.71461E+00  2.58631E-02  3.50038E-02
-1.60206E+00  2.14138E+01  5.68987E-01  2.80340E+00  2.80549E+00  2.83392E+00  2.83600E+00  1.89736E-02  3.53659E-02
-1.60206E+00  2.14138E+01  7.19686E-01  2.91580E+00  2.91879E+00  2.94769E+00  2.95069E+00  1.38914E-02  3.57316E-02
-1.60206E+00  2.14138E+01  9.10298E-01  3.02504E+00  3.02676E+00  3.05812E+00  3.05983E+00  1.01528E-02  3.61011E-02
-1.60206E+00  2.14138E+01  1.15140E+00  3.14588E+00  3.14826E+00  3.17994E+00  3.18231E+00  7.40874E-03  3.64742E-02
-1.60206E+00  2.14138E+01  1.45635E+00  3.26727E+00  3.27373E+00  3.30220E+00  3.30867E+00  5.39874E-03  3.68512E-02
-1.60206E+00  2.14138E+01  1.84207E+00  3.38898E+00  3.39398E+00  3.42471E+00  3.42970E+00  3.92899E-03  3.72321E-02
-1.60206E+00  2.14138E+01  2.32995E+00  3.49736E+00  3.49850E+00  3.53380E+00  3.53495E+00  2.85598E-03  3.76168E-02
-1.60206E+00  2.14138E+01  2.94705E+00  3.63666E+00  3.63896E+00  3.67371E+00  3.67600E+00  2.07373E-03  3.80055E-02
-1.60206E+00  2.14138E+01  3.72759E+00  3.74156E+00  3.74517E+00  3.77921E+00  3.78281E+00  1.50419E-03  3.83981E-02
-1.60206E+00  2.14138E+01  4.71487E+00  3.85425E+00  3.85635E+00  3.89245E+00  3.89455E+00  1.09003E-03  3.87948E-02
-1.60206E+00  2.14138E+01  5.96362E+00  3.96183E+00  3.96213E+00  4.00056E+00  4.00086E+00  7.89195E-04  3.91956E-02
-1.60206E+00  2.14138E+01  7.54312E+00  4.05293E+00  4.05654E+00  4.09218E+00  4.09578E+00  5.70902E-04  3.96006E-02
-1.60206E+00  2.14138E+01  9.54095E+00  4.22737E+00  4.23513E+00  4.26707E+00  4.27484E+00  4.12659E-04  4.00097E-02
-1.60206E+00  2.14138E+01  1.20679E+01  4.34507E+00  4.35107E+00  4.38526E+00  4.39126E+00  2.98053E-04  4.04230E-02
-1.60206E+00  2.14138E+01  1.52642E+01  4.44819E+00  4.44995E+00  4.48885E+00  4.49061E+00  2.15122E-04  4.08406E-02
-1.60206E+00  2.14138E+01  1.93070E+01  4.58089E+00  4.58087E+00  4.62200E+00  4.62199E+00  1.55161E-04  4.12624E-02
-1.60206E+00  2.14138E+01  2.44205E+01  4.67704E+00  4.67952E+00  4.71861E+00  4.72109E+00  1.11841E-04  4.16887E-02
-1.60206E+00  2.14138E+01  3.08884E+01  4.77516E+00  4.77953E+00  4.81720E+00  4.82157E+00  8.05662E-05  4.21193E-02
-1.60206E+00  2.14138E+01  3.90694E+01  4.87884E+00  4.88216E+00  4.92133E+00  4.92465E+00  5.80031E-05  4.25544E-02
-1.60206E+00  2.14138E+01  4.94171E+01  5.06750E+00  5.06869E+00  5.11044E+00  5.11163E+00  4.17358E-05  4.29940E-02
-1.60206E+00  2.14138E+01  6.25055E+01  5.14858E+00  5.14859E+00  5.19197E+00  5.19198E+00  3.00148E-05  4.34381E-02
-1.60206E+00  2.14138E+01  7.90604E+01  5.25434E+00  5.25465E+00  5.29819E+00  5.29850E+00  2.15746E-05  4.38868E-02
-1.60206E+00  2.14138E+01  1.00000E+02  5.35092E+00  5.35746E+00  5.39523E+00  5.40177E+00  1.55003E-05  4.43402E-02
# T =  0  2.50000E-02
# D =  8  5.73615E+21
-1.60206E+00  2.17586E+01  1.00000E-03  0.00000E+00  0.00000E+00  3.37882E-02  3.37882E-02  1.00337E-02  3.37882E-02
-1.60206E+00  2.17586E+01  1.26486E-03  0.00000E+00  0.00000E+00  4.55863E-02  4.55863E-02  1.63723E-02  4.55863E-02
-1.60206E+00  2.17586E+01  1.59986E-03  0.00000E+00  0.00000E+00  6.03492E-02  6.03492E-02  2.56393E-02  6.03492E-02
-1.60206E+00  2.17586E+01  2.02359E-03  0.00000E+00  0.00000E+00  7.79245E-02  7.79245E-02  3.88598E-02  7.79245E-02
-1.60206E+00  2.17586E+01  2.55955E-03  0.00000E+00  0.00000E+00  9.62552E-02  9.62552E-02  5.72932E-02  9.62552E-02
-1.60206E+00  2.17586E+01  3.23746E-03 8.54202E-249 8.56748E-249  1.13840E-01  1.13840E-01  8.23724E-02  1.13840E-01
-1.60206E+00  2.17586E+01  4.09492E-03 3.22025E-182 3.23487E-182  1.28622E-01  1.28622E-01  1.15554E-01  1.28622E-01
-1.60206E+00  2.17586E+01  5.17947E-03 1.16851E-127 1.17629E-127  1.39547E-01  1.39547E-01  1.58057E-01  1.39547E-01
-1.60206E+00  2.17586E+01  6.55129E-03  2.74532E-83  2.77240E-83  1.45178E-01  1.45178E-01  2.10468E-01  1.45178E-01
-1.60206E+00  2.17586E+01  8.28643E-03  1.52267E-47  1.54521E-47  1.44766E-01  1.44766E-01  2.72154E-01  1.44766E-01
-1.60206E+00  2.17586E+01  1.04811E-02  1.22743E-19  1.25716E-19  1.37415E-01  1.37415E-01  3.40445E-01  1.37415E-01
-1.60206E+00  2.17586E+01  1.32571E-02  2.27315E-03  2.38855E-03  1.26309E-01  1.26404E-01  4.09725E-01  1.24451E-01
-1.60206E+00  2.17586E+01  1.67683E-02  6.69631E-02  7.06008E-02  1.67511E-01  1.70698E-01  4.70998E-01  1.09568E-01
-1.60206E+00  2.17586E+01  2.12095E-02  2.81503E-01  2.93453E-01  3.50518E-01  3.61457E-01  5.13066E-01  9.64676E-02
-1.60206E+00  2.17586E+01  2.68270E-02  6.69712E-01  6.84324E-01  7.08506E-01  7.22348E-01  5.26121E-01  8.54248E-02
-1.60206E+00  2.17586E+01  3.39322E-02  1.06097E+00  1.07145E+00  1.08333E+00  1.09353E+00  5.06491E-01  7.51280E-02
-1.60206E+00  2.17586E+01  4.29193E-02  1.35925E+00  1.36888E+00  1.37610E+00  1.38561E+00  4.58980E-01  6.55181E-02
-1.60206E+00  2.17586E+01  5.42868E-02  1.62851E+00  1.63926E+00  1.64330E+00  1.65398E+00  3.94476E-01  5.68566E-02
-1.60206E+00  2.17586E+01  6.86649E-02  1.88360E+00  1.89308E+00  1.89753E+00  1.90696E+00  3.24826E-01  4.91542E-02
-1.60206E+00  2.17586E+01  8.68511E-02  2.06427E+00  2.07564E+00  2.07785E+00  2.08920E+00  2.58904E-01  4.24360E-02
-1.60206E+00  2.17586E+01  1.09854E-01  2.18598E+00  2.19813E+00  2.19928E+00  2.21141E+00  2.01516E-01  3.66777E-02
-1.60206E+00  2.17586E+01  1.38950E-01  2.30563E+00  2.31729E+00  2.32026E+00  2.33191E+00  1.54210E-01  3.34544E-02
-1.60206E+00  2.17586E+01  1.75751E-01  2.42510E+00  2.43730E+00  2.44339E+00  2.45559E+00  1.16596E-01  3.33923E-02
-1.60206E+00  2.17586E+01  2.22300E-01  2.54317E+00  2.55515E+00  2.56486E+00  2.57683E+00  8.73973E-02  3.37555E-02
-1.60206E+00  2.17586E+01  2.81177E-01  2.66170E+00  2.67483E+00  2.68620E+00  2.69933E+00  6.50975E-02  3.41221E-02
-1.60206E+00  2.17586E+01  3.55648E-01  2.78171E+00  2.79662E+00  2.80854E+00  2.82344E+00  4.82570E-02  3.44923E-02
-1.60206E+00  2.17586E+01  4.49843E-01  2.89958E+00  2.91298E+00  2.92836E+00  2.94176E+00  3.56407E-02  3.48662E-02
-1.60206E+00  2.17586E+01  5.68987E-01  3.01941E+00  3.03295E+00  3.04982E+00  3.06336E+00  2.62444E-02  3.52439E-02
-1.60206E+00  2.17586E+01  7.19686E-01  3.13985E+00  3.15290E+00  3.17165E+00  3.18469E+00  1.92776E-02  3.56255E-02
-1.60206E+00  2.17586E+01  9.10298E-01  3.26352E+00  3.27305E+00  3.29648E+00  3.30602E+00  1.41303E-02  3.60110E-02
-1.60206E+00  2.17586E+01  1.15140E+00  3.38038E+00  3.38640E+00  3.41438E+00  3.42041E+00  1.03383E-02  3.64007E-02
-1.60206E+00  2.17586E+01  1.45635E+00  3.50057E+00  3.50289E+00  3.53547E+00  3.53779E+00  7.55154E-03  3.67944E-02
-1.60206E+00  2.17586E+01  1.84207E+00  3.62470E+00  3.62572E+00  3.66037E+00  3.66139E+00  5.50780E-03  3.71923E-02
-1.60206E+00  2.17586E+01  2.32995E+00  3.73437E+00  3.73337E+00  3.77077E+00  3.76977E+00  4.01175E-03  3.75945E-02
-1.60206E+00  2.17586E+01  2.94705E+00  3.84492E+00  3.84777E+00  3.88198E+00  3.88483E+00  2.91844E-03  3.80009E-02
-1.60206E+00  2.17586E+01  3.72759E+00  3.95496E+00  3.95953E+00  3.99264E+00  3.99720E+00  2.12064E-03  3.84117E-02
-1.60206E+00  2.17586E+01  4.71487E+00  4.09526E+00  4.10226E+00  4.13348E+00  4.14049E+00  1.53929E-03  3.88269E-02
-1.60206E+00  2.17586E+01  5.96362E+00  4.19360E+00  4.20177E+00  4.23238E+00  4.24055E+00  1.11619E-03  3.92466E-02
-1.60206E+00  2.17586E+01  7.54312E+00  4.31591E+00  4.32576E+00  4.35521E+00  4.36506E+00  8.08626E-04  3.96708E-02
-1.60206E+00  2.17586E+01  9.54095E+00  4.42023E+00  4.42983E+00  4.46004E+00  4.46964E+00  5.85296E-04  4.00995E-02
-1.60206E+00  2.17586E+01  1.20679E+01  4.52624E+00  4.53352E+00  4.56655E+00  4.57383E+00  4.23294E-04  4.05329E-02
-1.60206E+00  2.17586E+01  1.52642E+01  4.69442E+00  4.69951E+00  4.73520E+00  4.74029E+00  3.05892E-04  4.09710E-02
-1.60206E+00  2.17586E+01  1.93070E+01  4.79355E+00  4.79545E+00  4.83482E+00  4.83671E+00  2.20888E-04  4.14137E-02
-1.60206E+00  2.17586E+01  2.44205E+01  4.89178E+00  4.89139E+00  4.93353E+00  4.93314E+00  1.59394E-04  4.18613E-02
-1.60206E+00  2.17586E+01  3.08884E+01  5.02893E+00  5.02869E+00  5.07115E+00  5.07091E+00  1.14942E-04  4.23137E-02
-1.60206E+00  2.17586E+01  3.90694E+01  5.12403E+00  5.12517E+00  5.16673E+00  5.16787E+00  8.28350E-05  4.27709E-02
-1.60206E+00  2.17586E+01  4.94171E+01  5.21776E+00  5.21880E+00  5.26094E+00  5.26198E+00  5.96603E-05  4.32332E-02
-1.60206E+00  2.17586E+01  6.25055E+01  5.35519E+00  5.35581E+00  5.39885E+00  5.39947E+00  4.29446E-05  4.37004E-02
-1.60206E+00  2.17586E+01  7.90604E+01  5.49878E+00  5.50076E+00  5.54292E+00  5.54489E+00  3.08953E-05  4.41726E-02
-1.60206E+00  2.17586E+01  1.00000E+02  5.59686E+00  5.60491E+00  5.64149E+00  5.64953E+00  2.22152E-05  4.46499E-02
# T =  0  2.50000E-02
# D =  9  1.26896E+22
-1.60206E+00  2.21034E+01  1.00000E-03  0.00000E+00  0.00000E+00  1.58154E-02  1.58154E-02  4.18341E-03  1.58154E-02
-1.60206E+00  2.21034E+01  1.26486E-03  0.00000E+00  0.00000E+00  2.17934E-02  2.17934E-02  7.54694E-03  2.17934E-02
-1.60206E+00  2.21034E+01  1.59986E-03  0.00000E+00  0.00000E+00  2.97268E-02  2.97268E-02  1.27555E-02  2.97268E-02
-1.60206E+00  2.21034E+01  2.02359E-03  0.00000E+00  0.00000E+00  3.99352E-02  3.99352E-02  2.05208E-02  3.99352E-02
-1.60206E+00  2.21034E+01  2.55955E-03 3.01946E-317 3.03269E-317  5.25749E-02  5.25749E-02  3.17739E-02  5.25749E-02
-1.60206E+00  2.21034E+01  3.23746E-03 5.14446E-235 5.17801E-235  6.74679E-02  6.74679E-02  4.76933E-02  6.74679E-02
-1.60206E+00  2.21034E+01  4.09492E-03 2.56791E-168 2.59354E-168  8.32250E-02  8.32250E-02  6.96801E-02  8.32250E-02
-1.60206E+00  2.21034E+01  5.17947E-03 7.49922E-114 7.60963E-114  9.81255E-02  9.81255E-02  9.92432E-02  9.81255E-02
-1.60206E+00  2.21034E+01  6.55129E-03  1.74095E-69  1.77937E-69  1.09816E-01  1.09816E-01  1.37761E-01  1.09816E-01
-1.60206E+00  2.21034E+01  8.28643E-03  1.00765E-33  1.04172E-33  1.17172E-01  1.17172E-01  1.86090E-01  1.17172E-01
-1.60206E+00  2.21034E+01  1.04811E-02  4.98048E-06  5.30135E-06  1.19200E-01  1.19201E-01  2.43979E-01  1.19197E-01
-1.60206E+00  2.21034E+01  1.32571E-02  1.43132E-02  1.55475E-02  1.26926E-01  1.27977E-01  3.09268E-01  1.14922E-01
-1.60206E+00  2.21034E+01  1.67683E-02  8.86984E-02  9.64582E-02  1.83127E-01  1.90061E-01  3.76962E-01  1.05192E-01
-1.60206E+00  2.21034E+01  2.12095E-02  2.69318E-01  2.89518E-01  3.38619E-01  3.57317E-01  4.38695E-01  9.34208E-02
-1.60206E+00  2.21034E+01  2.68270E-02  5.88335E-01  6.17856E-01  6.32995E-01  6.61060E-01  4.83621E-01  8.29946E-02
-1.60206E+00  2.21034E+01  3.39322E-02  9.96057E-01  1.02124E+00  1.02290E+00  1.04743E+00  5.01657E-01  7.36559E-02
-1.60206E+00  2.21034E+01  4.29193E-02  1.31895E+00  1.33826E+00  1.33861E+00  1.35765E+00  4.88143E-01  6.46754E-02
-1.60206E+00  2.21034E+01  5.42868E-02  1.59731E+00  1.61142E+00  1.61399E+00  1.62798E+00  4.46606E-01  5.63762E-02
-1.60206E+00  2.21034E+01  6.86649E-02  1.85813E+00  1.86952E+00  1.87332E+00  1.88465E+00  3.86991E-01  4.88762E-02
-1.60206E+00  2.21034E+01  8.68511E-02  2.10714E+00  2.12008E+00  2.12145E+00  2.13436E+00  3.20818E-01  4.22658E-02
-1.60206E+00  2.21034E+01  1.09854E-01  2.37501E+00  2.35891E+00  2.38870E+00  2.37272E+00  2.57110E-01  3.67171E-02
-1.60206E+00  2.21034E+01  1.38950E-01  2.62204E+00  2.61540E+00  2.63702E+00  2.63041E+00  2.01003E-01  3.35385E-02
-1.60206E+00  2.21034E+01  1.75751E-01  2.69290E+00  2.69665E+00  2.71114E+00  2.71496E+00  1.54371E-01  3.32235E-02
-1.60206E+00  2.21034E+01  2.22300E-01  2.83686E+00  2.82863E+00  2.85861E+00  2.85036E+00  1.17064E-01  3.36732E-02
-1.60206E+00  2.21034E+01  2.81177E-01  2.93685E+00  2.93902E+00  2.96145E+00  2.96360E+00  8.79685E-02  3.41280E-02
-1.60206E+00  2.21034E+01  3.55648E-01  3.05940E+00  3.06051E+00  3.08639E+00  3.08749E+00  6.56640E-02  3.45880E-02
-1.60206E+00  2.21034E+01  4.49843E-01  3.21847E+00  3.21114E+00  3.24746E+00  3.24014E+00  4.87684E-02  3.50537E-02
-1.60206E+00  2.21034E+01  5.68987E-01  3.29433E+00  3.30056E+00  3.32505E+00  3.33127E+00  3.60783E-02  3.55250E-02
-1.60206E+00  2.21034E+01  7.19686E-01  3.40128E+00  3.40584E+00  3.43347E+00  3.43802E+00  2.66063E-02  3.60023E-02
-1.60206E+00  2.21034E+01  9.10298E-01  3.52948E+00  3.54098E+00  3.56293E+00  3.57443E+00  1.95697E-02  3.64857E-02
-1.60206E+00  2.21034E+01  1.15140E+00  3.63838E+00  3.66795E+00  3.67296E+00  3.70252E+00  1.43620E-02  3.69752E-02
-1.60206E+00  2.21034E+01  1.45635E+00  3.76180E+00  3.78229E+00  3.79737E+00  3.81785E+00  1.05196E-02  3.74712E-02
-1.60206E+00  2.21034E+01  1.84207E+00  3.89917E+00  3.88640E+00  3.93565E+00  3.92288E+00  7.69194E-03  3.79736E-02
-1.60206E+00  2.21034E+01  2.32995E+00  4.02332E+00  3.99989E+00  4.06061E+00  4.03718E+00  5.61557E-03  3.84826E-02
-1.60206E+00  2.21034E+01  2.94705E+00  4.15208E+00  4.12110E+00  4.19012E+00  4.15915E+00  4.09389E-03  3.89983E-02
-1.60206E+00  2.21034E+01  3.72759E+00  4.26441E+00  4.27835E+00  4.30318E+00  4.31712E+00  2.98066E-03  3.95209E-02
-1.60206E+00  2.21034E+01  4.71487E+00  4.37938E+00  4.39540E+00  4.41884E+00  4.43487E+00  2.16753E-03  4.00504E-02
-1.60206E+00  2.21034E+01  5.96362E+00  4.46268E+00  4.54193E+00  4.50281E+00  4.58205E+00  1.57446E-03  4.05869E-02
-1.60206E+00  2.21034E+01  7.54312E+00  4.59964E+00  4.61575E+00  4.64039E+00  4.65650E+00  1.14246E-03  4.11306E-02
-1.60206E+00  2.21034E+01  9.54095E+00  4.70300E+00  4.69700E+00  4.74439E+00  4.73839E+00  8.28190E-04  4.16815E-02
-1.60206E+00  2.21034E+01  1.20679E+01  4.84613E+00  4.82807E+00  4.88814E+00  4.87008E+00  5.99816E-04  4.22397E-02
-1.60206E+00  2.21034E+01  1.52642E+01  4.93352E+00  4.92660E+00  4.97615E+00  4.96923E+00  4.34041E-04  4.28055E-02
-1.60206E+00  2.21034E+01  1.93070E+01  5.05583E+00  5.07833E+00  5.09907E+00  5.12156E+00  3.13827E-04  4.33787E-02
-1.60206E+00  2.21034E+01  2.44205E+01  5.20067E+00  5.19896E+00  5.24452E+00  5.24280E+00  2.26733E-04  4.39597E-02
-1.60206E+00  2.21034E+01  3.08884E+01  5.29539E+00  5.31513E+00  5.33985E+00  5.35959E+00  1.63690E-04  4.45484E-02
-1.60206E+00  2.21034E+01  3.90694E+01  5.43575E+00  5.43728E+00  5.48082E+00  5.48235E+00  1.18094E-04  4.51450E-02
-1.60206E+00  2.21034E+01  4.94171E+01  5.53981E+00  5.56151E+00  5.58550E+00  5.60720E+00  8.51433E-05  4.57495E-02
-1.60206E+00  2.21034E+01  6.25055E+01  5.63875E+00  5.67452E+00  5.68507E+00  5.72084E+00  6.13482E-05  4.63622E-02
-1.60206E+00  2.21034E+01  7.90604E+01  5.74387E+00  5.73996E+00  5.79082E+00  5.78691E+00  4.41769E-05  4.69830E-02
-1.60206E+00  2.21034E+01  1.00000E+02  5.94162E+00  5.93992E+00  5.98921E+00  5.98751E+00  3.17938E-05  4.76122E-02
# T =  0  2.50000E-02
# D = 10  2.80722E+22
-1.60206E+00  2.24483E+01  1.00000E-03  0.00000E+00  0.00000E+00  6.99502E-03  6.99502E-03  1.34729E-03  6.99502E-03
-1.60206E+00  2.24483E+01  1.26486E-03  0.00000E+00  0.00000E+00  9.67482E-03  9.67482E-03  2.86167E-03  9.67482E-03
-1.60206E+00  2.24483E+01  1.59986E-03  0.00000E+00  0.00000E+00  1.33113E-02  1.33113E-02  5.46597E-03  1.33113E-02
-1.60206E+00  2.24483E+01  2.02359E-03  0.00000E+00  0.00000E+00  1.81934E-02  1.81934E-02  9.64207E-03  1.81934E-02
-1.60206E+00  2.24483E+01  2.55955E-03 2.31379E-293 2.33549E-293  2.46260E-02  2.46260E-02  1.60215E-02  2.46260E-02
-1.60206E+00  2.24483E+01  3.23746E-03 2.78690E-211 2.82703E-211  3.28820E-02  3.28820E-02  2.54348E-02  3.28820E-02
-1.60206E+00  2.24483E+01  4.09492E-03 1.24661E-144 1.27410E-144  4.31964E-02  4.31964E-02  3.89553E-02  4.31964E-02
-1.60206E+00  2.24483E+01  5.17947E-03  3.14203E-90  3.24479E-90  5.55526E-02  5.55526E-02  5.79059E-02  5.55526E-02
-1.60206E+00  2.24483E+01  6.55129E-03  8.28930E-46  8.70614E-46  6.89523E-02  6.89523E-02  8.37888E-02  6.89523E-02
-1.60206E+00  2.24483E+01  8.28643E-03  4.87950E-10  5.29619E-10  8.06989E-02  8.06989E-02  1.18090E-01  8.06989E-02
-1.60206E+00  2.24483E+01  1.04811E-02  4.11098E-03  4.61613E-03  9.31952E-02  9.36229E-02  1.61912E-01  8.97798E-02
-1.60206E+00  2.24483E+01  1.32571E-02  3.06786E-02  3.48959E-02  1.21891E-01  1.25628E-01  2.15406E-01  9.53027E-02
-1.60206E+00  2.24483E+01  1.67683E-02  1.02453E-01  1.16915E-01  1.86394E-01  1.99658E-01  2.76971E-01  9.44856E-02
-1.60206E+00  2.24483E+01  2.12095E-02  2.47817E-01  2.80918E-01  3.17095E-01  3.48239E-01  3.42324E-01  8.86138E-02
-1.60206E+00  2.24483E+01  2.68270E-02  4.97311E-01  5.49423E-01  5.48064E-01  5.97949E-01  4.03847E-01  7.97257E-02
-1.60206E+00  2.24483E+01  3.39322E-02  8.60591E-01  9.10418E-01  8.94992E-01  9.43359E-01  4.51194E-01  7.14101E-02
-1.60206E+00  2.24483E+01  4.29193E-02  1.24005E+00  1.26908E+00  1.26440E+00  1.29295E+00  4.74123E-01  6.35585E-02
-1.60206E+00  2.24483E+01  5.42868E-02  1.53930E+00  1.55885E+00  1.55922E+00  1.57858E+00  4.66996E-01  5.58642E-02
-1.60206E+00  2.24483E+01  6.86649E-02  1.81208E+00  1.82597E+00  1.82959E+00  1.84337E+00  4.31950E-01  4.87282E-02
-1.60206E+00  2.24483E+01  8.68511E-02  2.08161E+00  2.08231E+00  2.09760E+00  2.09819E+00  3.77806E-01  4.22988E-02
-1.60206E+00  2.24483E+01  1.09854E-01  2.29636E+00  2.32393E+00  2.31186E+00  2.33928E+00  3.15625E-01  3.70768E-02
-1.60206E+00  2.24483E+01  1.38950E-01  2.55000E+00  2.57575E+00  2.56629E+00  2.59196E+00  2.54523E-01  3.39084E-02
-1.60206E+00  2.24483E+01  1.75751E-01  2.79828E+00  2.80468E+00  2.81718E+00  2.82340E+00  1.99974E-01  3.32126E-02
-1.60206E+00  2.24483E+01  2.22300E-01  3.05266E+00  3.02963E+00  3.07481E+00  3.05175E+00  1.54199E-01  3.37241E-02
-1.60206E+00  2.24483E+01  2.81177E-01  3.29204E+00  3.29299E+00  3.31700E+00  3.31793E+00  1.17320E-01  3.42707E-02
-1.60206E+00  2.24483E+01  3.55648E-01  3.51887E+00  3.52772E+00  3.54624E+00  3.55508E+00  8.84038E-02  3.48245E-02
-1.60206E+00  2.24483E+01  4.49843E-01  3.72024E+00  3.74721E+00  3.74967E+00  3.77663E+00  6.61439E-02  3.53859E-02
-1.60206E+00  2.24483E+01  5.68987E-01  3.98382E+00  3.97195E+00  4.01502E+00  4.00315E+00  4.92249E-02  3.59553E-02
-1.60206E+00  2.24483E+01  7.19686E-01  4.21257E+00  4.18605E+00  4.24532E+00  4.21881E+00  3.64812E-02  3.65330E-02
-1.60206E+00  2.24483E+01  9.10298E-01  4.45473E+00  4.44711E+00  4.48884E+00  4.48122E+00  2.69463E-02  3.71193E-02
-1.60206E+00  2.24483E+01  1.15140E+00  4.69771E+00  4.68679E+00  4.73304E+00  4.72212E+00  1.98483E-02  3.77145E-02
-1.60206E+00  2.24483E+01  1.45635E+00  4.95981E+00  4.94662E+00  4.99623E+00  4.98304E+00  1.45855E-02  3.83187E-02
-1.60206E+00  2.24483E+01  1.84207E+00  5.13557E+00  5.19110E+00  5.17300E+00  5.22853E+00  1.06960E-02  3.89323E-02
-1.60206E+00  2.24483E+01  2.32995E+00  5.42171E+00  5.43693E+00  5.46007E+00  5.47529E+00  7.82946E-03  3.95554E-02
-1.60206E+00  2.24483E+01  2.94705E+00  5.58905E+00  5.61897E+00  5.62830E+00  5.65822E+00  5.72174E-03  4.01882E-02
-1.60206E+00  2.24483E+01  3.72759E+00  5.87074E+00  5.90846E+00  5.91082E+00  5.94855E+00  4.17518E-03  4.08310E-02
-1.60206E+00  2.24483E+01  4.71487E+00  6.11000E+00  6.13046E+00  6.15089E+00  6.17135E+00  3.04249E-03  4.14840E-02
-1.60206E+00  2.24483E+01  5.96362E+00  6.30501E+00  6.32247E+00  6.34669E+00  6.36415E+00  2.21428E-03  4.21472E-02
-1.60206E+00  2.24483E+01  7.54312E+00  6.54721E+00  6.58680E+00  6.58967E+00  6.62926E+00  1.60963E-03  4.28210E-02
-1.60206E+00  2.24483E+01  9.54095E+00  6.76633E+00  6.81859E+00  6.80954E+00  6.86180E+00  1.16882E-03  4.35054E-02
-1.60206E+00  2.24483E+01  1.20679E+01  7.05427E+00  7.06422E+00  7.09823E+00  7.10819E+00  8.47858E-04  4.42008E-02
-1.60206E+00  2.24483E+01  1.52642E+01  7.32301E+00  7.33279E+00  7.36774E+00  7.37751E+00  6.14445E-04  4.49072E-02
-1.60206E+00  2.24483E+01  1.93070E+01  7.56761E+00  7.54517E+00  7.61309E+00  7.59065E+00  4.44889E-04  4.56248E-02
-1.60206E+00  2.24483E+01  2.44205E+01  7.81079E+00  7.79983E+00  7.85703E+00  7.84607E+00  3.21849E-04  4.63539E-02
-1.60206E+00  2.24483E+01  3.08884E+01  8.05227E+00  8.08201E+00  8.09928E+00  8.12902E+00  2.32651E-04  4.70946E-02
-1.60206E+00  2.24483E+01  3.90694E+01  8.29154E+00  8.30441E+00  8.33931E+00  8.35219E+00  1.68046E-04  4.78472E-02
-1.60206E+00  2.24483E+01  4.94171E+01  8.46552E+00  8.49818E+00  8.51407E+00  8.54673E+00  1.21294E-04  4.86117E-02
-1.60206E+00  2.24483E+01  6.25055E+01  8.73856E+00  8.75951E+00  8.78791E+00  8.80885E+00  8.74899E-05  4.93884E-02
-1.60206E+00  2.24483E+01  7.90604E+01  9.00761E+00  8.98871E+00  9.05776E+00  9.03885E+00  6.30659E-05  5.01776E-02
-1.60206E+00  2.24483E+01  1.00000E+02  9.20215E+00  9.22919E+00  9.25310E+00  9.28014E+00  4.54323E-05  5.09793E-02
# T =  0  2.50000E-02
# D = 11  6.21017E+22
-1.60206E+00  2.27931E+01  1.00000E-03  0.00000E+00  0.00000E+00  2.99739E-03  2.99739E-03  2.87389E-04  2.99739E-03
-1.60206E+00  2.27931E+01  1.26486E-03  0.00000E+00  0.00000E+00  4.18615E-03  4.18615E-03  7.95228E-04  4.18615E-03
-1.60206E+00  2.27931E+01  1.59986E-03  0.00000E+00  0.00000E+00  5.81657E-03  5.81657E-03  1.85382E-03  5.81657E-03
-1.60206E+00  2.27931E+01  2.02359E-03  0.00000E+00  0.00000E+00  8.04034E-03  8.04034E-03  3.79689E-03  8.04034E-03
-1.60206E+00  2.27931E+01  2.55955E-03 3.37021E-253 3.43924E-253  1.10593E-02  1.10593E-02  7.05673E-03  1.10593E-02
-1.60206E+00  2.27931E+01  3.23746E-03 5.33613E-171 5.50485E-171  1.51406E-02  1.51406E-02  1.21940E-02  1.51406E-02
-1.60206E+00  2.27931E+01  4.09492E-03 3.81176E-104 4.00052E-104  2.05391E-02  2.05391E-02  1.99435E-02  2.05391E-02
-1.60206E+00  2.27931E+01  5.17947E-03  9.91175E-50  1.06603E-49  2.74387E-02  2.74387E-02  3.12645E-02  2.74387E-02
-1.60206E+00  2.27931E+01  6.55129E-03  1.84925E-06  2.09278E-06  3.60811E-02  3.60813E-02  4.73718E-02  3.60796E-02
-1.60206E+00  2.27931E+01  8.28643E-03  2.18321E-03  2.55312E-03  4.83098E-02  4.86314E-02  6.97081E-02  4.64550E-02
-1.60206E+00  2.27931E+01  1.04811E-02  1.35750E-02  1.62607E-02  7.00202E-02  7.24388E-02  9.98023E-02  5.81360E-02
-1.60206E+00  2.27931E+01  1.32571E-02  4.33283E-02  5.28990E-02  1.07360E-01  1.16220E-01  1.38954E-01  6.84169E-02
-1.60206E+00  2.27931E+01  1.67683E-02  1.04364E-01  1.27655E-01  1.71677E-01  1.93633E-01  1.87693E-01  7.57407E-02
-1.60206E+00  2.27931E+01  2.12095E-02  2.14673E-01  2.58105E-01  2.81003E-01  3.22452E-01  2.44998E-01  7.99290E-02
-1.60206E+00  2.27931E+01  2.68270E-02  3.97595E-01  4.62038E-01  4.56718E-01  5.18792E-01  3.07344E-01  7.85863E-02
-1.60206E+00  2.27931E+01  3.39322E-02  6.78142E-01  7.51453E-01  7.24833E-01  7.96018E-01  3.67953E-01  7.20120E-02
-1.60206E+00  2.27931E+01  4.29193E-02  1.05916E+00  1.11277E+00  1.09199E+00  1.14449E+00  4.17105E-01  6.26900E-02
-1.60206E+00  2.27931E+01  5.42868E-02  1.42327E+00  1.45249E+00  1.44756E+00  1.47643E+00  4.44542E-01  5.44834E-02
-1.60206E+00  2.27931E+01  6.86649E-02  1.71873E+00  1.73878E+00  1.73927E+00  1.75908E+00  4.43743E-01  4.78936E-02
-1.60206E+00  2.27931E+01  8.68511E-02  1.98671E+00  1.99675E+00  2.00511E+00  2.01509E+00  4.15413E-01  4.19700E-02
-1.60206E+00  2.27931E+01  1.09854E-01  2.26063E+00  2.25970E+00  2.27793E+00  2.27702E+00  3.67119E-01  3.71650E-02
-1.60206E+00  2.27931E+01  1.38950E-01  2.49800E+00  2.50086E+00  2.51560E+00  2.51837E+00  3.09328E-01  3.40613E-02
-1.60206E+00  2.27931E+01  1.75751E-01  2.75659E+00  2.75487E+00  2.77608E+00  2.77434E+00  2.51169E-01  3.30309E-02
-1.60206E+00  2.27931E+01  2.22300E-01  2.98348E+00  3.00295E+00  3.00596E+00  3.02540E+00  1.98428E-01  3.35572E-02
-1.60206E+00  2.27931E+01  2.81177E-01  3.22950E+00  3.22852E+00  3.25485E+00  3.25383E+00  1.53686E-01  3.43206E-02
-1.60206E+00  2.27931E+01  3.55648E-01  3.44771E+00  3.44833E+00  3.47557E+00  3.47617E+00  1.17353E-01  3.50974E-02
-1.60206E+00  2.27931E+01  4.49843E-01  3.68981E+00  3.71259E+00  3.71988E+00  3.74265E+00  8.86946E-02  3.58885E-02
-1.60206E+00  2.27931E+01  5.68987E-01  3.93937E+00  3.91629E+00  3.97138E+00  3.94831E+00  6.65305E-02  3.66950E-02
-1.60206E+00  2.27931E+01  7.19686E-01  4.18312E+00  4.18018E+00  4.21691E+00  4.21395E+00  4.96213E-02  3.75174E-02
-1.60206E+00  2.27931E+01  9.10298E-01  4.42184E+00  4.39479E+00  4.45722E+00  4.43017E+00  3.68458E-02  3.83567E-02
-1.60206E+00  2.27931E+01  1.15140E+00  4.65834E+00  4.65477E+00  4.69519E+00  4.69162E+00  2.72621E-02  3.92134E-02
-1.60206E+00  2.27931E+01  1.45635E+00  4.88040E+00  4.91306E+00  4.91860E+00  4.95125E+00  2.01116E-02  4.00882E-02
-1.60206E+00  2.27931E+01  1.84207E+00  5.13251E+00  5.15382E+00  5.17200E+00  5.19331E+00  1.47994E-02  4.09816E-02
-1.60206E+00  2.27931E+01  2.32995E+00  5.34966E+00  5.33369E+00  5.39037E+00  5.37440E+00  1.08666E-02  4.18942E-02
-1.60206E+00  2.27931E+01  2.94705E+00  5.60741E+00  5.61614E+00  5.64930E+00  5.65803E+00  7.96355E-03  4.28266E-02
-1.60206E+00  2.27931E+01  3.72759E+00  5.85093E+00  5.83606E+00  5.89397E+00  5.87909E+00  5.82592E-03  4.37793E-02
-1.60206E+00  2.27931E+01  4.71487E+00  6.03763E+00  6.04880E+00  6.08180E+00  6.09296E+00  4.25539E-03  4.47528E-02
-1.60206E+00  2.27931E+01  5.96362E+00  6.29309E+00  6.30152E+00  6.33837E+00  6.34680E+00  3.10376E-03  4.57477E-02
-1.60206E+00  2.27931E+01  7.54312E+00  6.50025E+00  6.50743E+00  6.54664E+00  6.55383E+00  2.26080E-03  4.67644E-02
-1.60206E+00  2.27931E+01  9.54095E+00  6.79072E+00  6.79510E+00  6.83824E+00  6.84262E+00  1.64475E-03  4.78035E-02
-1.60206E+00  2.27931E+01  1.20679E+01  7.00270E+00  7.02856E+00  7.05134E+00  7.07720E+00  1.19520E-03  4.88656E-02
-1.60206E+00  2.27931E+01  1.52642E+01  7.26360E+00  7.24750E+00  7.31336E+00  7.29726E+00  8.67599E-04  4.99511E-02
-1.60206E+00  2.27931E+01  1.93070E+01  7.45486E+00  7.47329E+00  7.50578E+00  7.52421E+00  6.29162E-04  5.10607E-02
-1.60206E+00  2.27931E+01  2.44205E+01  7.71997E+00  7.73264E+00  7.77205E+00  7.78472E+00  4.55825E-04  5.21948E-02
-1.60206E+00  2.27931E+01  3.08884E+01  7.92262E+00  7.94097E+00  7.97588E+00  7.99424E+00  3.29951E-04  5.33541E-02
-1.60206E+00  2.27931E+01  3.90694E+01  8.16246E+00  8.19300E+00  8.21693E+00  8.24747E+00  2.38638E-04  5.45390E-02
-1.60206E+00  2.27931E+01  4.94171E+01  8.45449E+00  8.46544E+00  8.51018E+00  8.52114E+00  1.72460E-04  5.57502E-02
-1.60206E+00  2.27931E+01  6.25055E+01  8.72316E+00  8.70874E+00  8.78010E+00  8.76569E+00  1.24541E-04  5.69883E-02
-1.60206E+00  2.27931E+01  7.90604E+01  8.90220E+00  8.89719E+00  8.96042E+00  8.95541E+00  8.98737E-05  5.82538E-02
-1.60206E+00  2.27931E+01  1.00000E+02  9.11912E+00  9.15855E+00  9.17864E+00  9.21807E+00  6.48128E-05  5.95474E-02
# T =  0  2.50000E-02
# D = 12  1.37382E+23
-1.60206E+00  2.31379E+01  1.00000E-03  0.00000E+00  0.00000E+00  1.12111E-03  1.12111E-03  3.20238E-05  1.12111E-03
-1.60206E+00  2.31379E+01  1.26486E-03  0.00000E+00  0.00000E+00  1.57883E-03  1.57883E-03  1.34482E-04  1.57883E-03
-1.60206E+00  2.31379E+01  1.59986E-03  0.00000E+00  0.00000E+00  2.21856E-03  2.21856E-03  4.31674E-04  2.21856E-03
-1.60206E+00  2.31379E+01  2.02359E-03 1.72314E-286 1.77226E-286  3.10548E-03  3.10548E-03  1.12672E-03  3.10548E-03
-1.60206E+00  2.31379E+01  2.55955E-03 2.44886E-184 2.56236E-184  4.32005E-03  4.32005E-03  2.51286E-03  4.32005E-03
-1.60206E+00  2.31379E+01  3.23746E-03 5.70239E-102 6.12774E-102  5.96626E-03  5.96626E-03  4.97794E-03  5.96626E-03
-1.60206E+00  2.31379E+01  4.09492E-03  3.30076E-35  3.69114E-35  8.17237E-03  8.17237E-03  9.02241E-03  8.17237E-03
-1.60206E+00  2.31379E+01  5.17947E-03  1.09902E-04  1.30325E-04  1.11701E-02  1.11883E-02  1.52961E-02  1.10744E-02
-1.60206E+00  2.31379E+01  6.55129E-03  1.81682E-03  2.23837E-03  1.64492E-02  1.68330E-02  2.46477E-02  1.48373E-02
-1.60206E+00  2.31379E+01  8.28643E-03  7.62195E-03  9.67907E-03  2.64857E-02  2.83978E-02  3.81704E-02  1.96082E-02
-1.60206E+00  2.31379E+01  1.04811E-02  2.10404E-02  2.70929E-02  4.47479E-02  5.04584E-02  5.72080E-02  2.54616E-02
-1.60206E+00  2.31379E+01  1.32571E-02  4.72455E-02  6.07684E-02  7.59365E-02  8.88321E-02  8.32696E-02  3.20051E-02
-1.60206E+00  2.31379E+01  1.67683E-02  9.37965E-02  1.19109E-01  1.26316E-01  1.50642E-01  1.17780E-01  3.79763E-02
-1.60206E+00  2.31379E+01  2.12095E-02  1.71555E-01  2.13074E-01  2.06437E-01  2.46580E-01  1.61597E-01  4.30403E-02
-1.60206E+00  2.31379E+01  2.68270E-02  2.95749E-01  3.56387E-01  3.30792E-01  3.89711E-01  2.14259E-01  4.63722E-02
-1.60206E+00  2.31379E+01  3.39322E-02  4.86983E-01  5.65063E-01  5.17911E-01  5.94113E-01  2.73023E-01  4.57379E-02
-1.60206E+00  2.31379E+01  4.29193E-02  7.70235E-01  8.53924E-01  7.94058E-01  8.76071E-01  3.32011E-01  4.21580E-02
-1.60206E+00  2.31379E+01  5.42868E-02  1.15907E+00  1.22014E+00  1.17475E+00  1.23488E+00  3.82246E-01  3.70495E-02
-1.60206E+00  2.31379E+01  6.86649E-02  1.53515E+00  1.56770E+00  1.54618E+00  1.57833E+00  4.13620E-01  3.28109E-02
-1.60206E+00  2.31379E+01  8.68511E-02  1.83093E+00  1.86338E+00  1.84058E+00  1.87308E+00  4.18860E-01  2.92319E-02
-1.60206E+00  2.31379E+01  1.09854E-01  2.10211E+00  2.14301E+00  2.11122E+00  2.15191E+00  3.97265E-01  2.62256E-02
-1.60206E+00  2.31379E+01  1.38950E-01  2.38625E+00  2.38983E+00  2.39578E+00  2.39928E+00  3.55057E-01  2.42124E-02
-1.60206E+00  2.31379E+01  1.75751E-01  2.65292E+00  2.65317E+00  2.66397E+00  2.66109E+00  3.01971E-01  2.34669E-02
-1.60206E+00  2.31379E+01  2.22300E-01  2.88827E+00  2.88958E+00  2.90187E+00  2.90314E+00  2.47049E-01  2.38707E-02
-1.60206E+00  2.31379E+01  2.81177E-01  3.14021E+00  3.14527E+00  3.15159E+00  3.16141E+00  1.96354E-01  2.46248E-02
-1.60206E+00  2.31379E+01  3.55648E-01  3.38123E+00  3.37573E+00  3.39412E+00  3.39420E+00  1.52817E-01  2.53984E-02
-1.60206E+00  2.31379E+01  4.49843E-01  3.61163E+00  3.61185E+00  3.63221E+00  3.63242E+00  1.17150E-01  2.61919E-02
-1.60206E+00  2.31379E+01  5.68987E-01  3.86306E+00  3.86466E+00  3.88553E+00  3.88713E+00  8.88302E-02  2.70068E-02
-1.60206E+00  2.31379E+01  7.19686E-01  4.10536E+00  4.10248E+00  4.12955E+00  4.12666E+00  6.68159E-02  2.78442E-02
-1.60206E+00  2.31379E+01  9.10298E-01  4.33721E+00  4.34015E+00  4.36059E+00  4.36594E+00  4.99522E-02  2.87053E-02
-1.60206E+00  2.31379E+01  1.15140E+00  4.57957E+00  4.58654E+00  4.60683E+00  4.61380E+00  3.71682E-02  2.95912E-02
-1.60206E+00  2.31379E+01  1.45635E+00  4.80220E+00  4.77987E+00  4.83084E+00  4.80851E+00  2.75508E-02  3.05029E-02
-1.60206E+00  2.31379E+01  1.84207E+00  5.04032E+00  5.04077E+00  5.07028E+00  5.07073E+00  2.03579E-02  3.14416E-02
-1.60206E+00  2.31379E+01  2.32995E+00  5.26661E+00  5.26796E+00  5.29784E+00  5.29919E+00  1.50027E-02  3.24080E-02
-1.60206E+00  2.31379E+01  2.94705E+00  5.48107E+00  5.54045E+00  5.51354E+00  5.57293E+00  1.10306E-02  3.34034E-02
-1.60206E+00  2.31379E+01  3.72759E+00  5.77212E+00  5.76025E+00  5.80580E+00  5.79394E+00  8.09362E-03  3.44288E-02
-1.60206E+00  2.31379E+01  4.71487E+00  5.99587E+00  5.99184E+00  6.03077E+00  6.02674E+00  5.92773E-03  3.54850E-02
-1.60206E+00  2.31379E+01  5.96362E+00  6.20375E+00  6.21632E+00  6.23986E+00  6.25243E+00  4.33424E-03  3.65732E-02
-1.60206E+00  2.31379E+01  7.54312E+00  6.48086E+00  6.46744E+00  6.51818E+00  6.50477E+00  3.16431E-03  3.76945E-02
-1.60206E+00  2.31379E+01  9.54095E+00  6.67648E+00  6.67472E+00  6.71504E+00  6.71328E+00  2.30695E-03  3.88498E-02
-1.60206E+00  2.31379E+01  1.20679E+01  6.92923E+00  6.94567E+00  6.96904E+00  6.98547E+00  1.67972E-03  4.00403E-02
-1.60206E+00  2.31379E+01  1.52642E+01  7.14320E+00  7.15429E+00  7.18428E+00  7.19537E+00  1.22156E-03  4.12672E-02
-1.60206E+00  2.31379E+01  1.93070E+01  7.41813E+00  7.41487E+00  7.46052E+00  7.45726E+00  8.87379E-04  4.25314E-02
-1.60206E+00  2.31379E+01  2.44205E+01  7.64928E+00  7.66409E+00  7.69300E+00  7.70781E+00  6.43944E-04  4.38342E-02
-1.60206E+00  2.31379E+01  3.08884E+01  7.90372E+00  7.90717E+00  7.94881E+00  7.95225E+00  4.66833E-04  4.51769E-02
-1.60206E+00  2.31379E+01  3.90694E+01  8.09458E+00  8.10288E+00  8.14107E+00  8.14937E+00  3.38123E-04  4.65606E-02
-1.60206E+00  2.31379E+01  4.94171E+01  8.30540E+00  8.32234E+00  8.35334E+00  8.37027E+00  2.44688E-04  4.79866E-02
-1.60206E+00  2.31379E+01  6.25055E+01  8.60768E+00  8.59344E+00  8.65710E+00  8.64285E+00  1.76927E-04  4.94562E-02
-1.60206E+00  2.31379E+01  7.90604E+01  8.84010E+00  8.84138E+00  8.89104E+00  8.89231E+00  1.27832E-04  5.09708E-02
-1.60206E+00  2.31379E+01  1.00000E+02  9.06092E+00  9.06428E+00  9.11342E+00  9.11679E+00  9.22930E-05  5.25317E-02
# T =  0  2.50000E-02
# D = 13  3.03920E+23
-1.60206E+00  2.34828E+01  1.00000E-03  0.00000E+00  0.00000E+00  3.97184E-04  3.97184E-04  1.32058E-06  3.97184E-04
-1.60206E+00  2.34828E+01  1.26486E-03  0.00000E+00  0.00000E+00  5.51418E-04  5.51418E-04  1.04792E-05  5.51418E-04
-1.60206E+00  2.34828E+01  1.59986E-03 9.02932E-296 9.40988E-296  7.62926E-04  7.62926E-04  5.53165E-05  7.62926E-04
-1.60206E+00  2.34828E+01  2.02359E-03 1.03002E-168 1.10155E-168  1.05164E-03  1.05164E-03  2.12122E-04  1.05164E-03
-1.60206E+00  2.34828E+01  2.55955E-03  5.66693E-67  6.29810E-67  1.44363E-03  1.44363E-03  6.34694E-04  1.44363E-03
-1.60206E+00  2.34828E+01  3.23746E-03  8.02316E-06  9.56452E-06  1.97882E-03  1.98024E-03  1.57007E-03  1.97152E-03
-1.60206E+00  2.34828E+01  4.09492E-03  3.21938E-04  4.01196E-04  2.97219E-03  3.04622E-03  3.36229E-03  2.67680E-03
-1.60206E+00  2.34828E+01  5.17947E-03  1.58730E-03  2.03730E-03  5.07962E-03  5.50507E-03  6.45998E-03  3.61033E-03
-1.60206E+00  2.34828E+01  6.55129E-03  4.70493E-03  6.13042E-03  9.21457E-03  1.05753E-02  1.14409E-02  4.82259E-03
-1.60206E+00  2.34828E+01  8.28643E-03  1.10243E-02  1.44294E-02  1.67152E-02  1.99900E-02  1.90544E-02  6.34155E-03
-1.60206E+00  2.34828E+01  1.04811E-02  2.25588E-02  2.94276E-02  2.95597E-02  3.62042E-02  3.02717E-02  8.17188E-03
-1.60206E+00  2.34828E+01  1.32571E-02  4.22586E-02  5.45936E-02  5.06408E-02  6.26265E-02  4.63152E-02  1.02940E-02
-1.60206E+00  2.34828E+01  1.67683E-02  7.44156E-02  9.47450E-02  8.40645E-02  1.03887E-01  6.86224E-02  1.25539E-02
-1.60206E+00  2.34828E+01  2.12095E-02  1.25202E-01  1.56449E-01  1.35650E-01  1.66204E-01  9.86677E-02  1.46192E-02
-1.60206E+00  2.34828E+01  2.68270E-02  2.03458E-01  2.48603E-01  2.13942E-01  2.58195E-01  1.37559E-01  1.61961E-02
-1.60206E+00  2.34828E+01  3.39322E-02  3.21717E-01  3.82980E-01  3.31159E-01  3.91348E-01  1.85341E-01  1.69474E-02
-1.60206E+00  2.34828E+01  4.29193E-02  4.97616E-01  5.74740E-01  5.04625E-01  5.80564E-01  2.40042E-01  1.65046E-02
-1.60206E+00  2.34828E+01  5.42868E-02  7.55482E-01  8.42199E-01  7.58869E-01  8.44432E-01  2.96727E-01  1.49729E-02
-1.60206E+00  2.34828E+01  6.86649E-02  1.12591E+00  1.20198E+00  1.12579E+00  1.20100E+00  3.47271E-01  1.35346E-02
-1.60206E+00  2.34828E+01  8.68511E-02  1.55494E+00  1.60191E+00  1.54485E+00  1.59922E+00  3.81880E-01  1.22802E-02
-1.60206E+00  2.34828E+01  1.09854E-01  1.86969E+00  1.89565E+00  1.86732E+00  1.89023E+00  3.92704E-01  1.11963E-02
-1.60206E+00  2.34828E+01  1.38950E-01  2.16678E+00  2.18671E+00  2.16317E+00  2.18404E+00  3.77708E-01  1.04936E-02
-1.60206E+00  2.34828E+01  1.75751E-01  2.42898E+00  2.46235E+00  2.42866E+00  2.46195E+00  3.41707E-01  1.03191E-02
-1.60206E+00  2.34828E+01  2.22300E-01  2.70048E+00  2.69800E+00  2.70199E+00  2.69869E+00  2.93573E-01  1.06442E-02
-1.60206E+00  2.34828E+01  2.81177E-01  2.96101E+00  2.96024E+00  2.96207E+00  2.96363E+00  2.42156E-01  1.11313E-02
-1.60206E+00  2.34828E+01  3.55648E-01  3.20231E+00  3.20215E+00  3.20752E+00  3.20735E+00  1.93732E-01  1.16378E-02
-1.60206E+00  2.34828E+01  4.49843E-01  3.45693E+00  3.44805E+00  3.46383E+00  3.45491E+00  1.51574E-01  1.21645E-02
-1.60206E+00  2.34828E+01  5.68987E-01  3.68601E+00  3.69665E+00  3.69440E+00  3.70503E+00  1.16695E-01  1.27128E-02
-1.60206E+00  2.34828E+01  7.19686E-01  3.94479E+00  3.93615E+00  3.95456E+00  3.94591E+00  8.87989E-02  1.32840E-02
-1.60206E+00  2.34828E+01  9.10298E-01  4.16481E+00  4.17049E+00  4.17584E+00  4.18153E+00  6.69915E-02  1.38793E-02
-1.60206E+00  2.34828E+01  1.15140E+00  4.41333E+00  4.43363E+00  4.42555E+00  4.44585E+00  5.02114E-02  1.45001E-02
-1.60206E+00  2.34828E+01  1.45635E+00  4.63095E+00  4.62556E+00  4.64427E+00  4.63888E+00  3.74440E-02  1.51476E-02
-1.60206E+00  2.34828E+01  1.84207E+00  4.89460E+00  4.89529E+00  4.90897E+00  4.90965E+00  2.78096E-02  1.58231E-02
-1.60206E+00  2.34828E+01  2.32995E+00  5.12380E+00  5.13577E+00  5.13916E+00  5.15114E+00  2.05849E-02  1.65281E-02
-1.60206E+00  2.34828E+01  2.94705E+00  5.36293E+00  5.34864E+00  5.37926E+00  5.36498E+00  1.51938E-02  1.72639E-02
-1.60206E+00  2.34828E+01  3.72759E+00  5.62043E+00  5.61896E+00  5.63773E+00  5.63625E+00  1.11871E-02  1.80320E-02
-1.60206E+00  2.34828E+01  4.71487E+00  5.84711E+00  5.85829E+00  5.86536E+00  5.87654E+00  8.21904E-03  1.88339E-02
-1.60206E+00  2.34828E+01  5.96362E+00  6.08447E+00  6.08515E+00  6.10368E+00  6.10436E+00  6.02674E-03  1.96712E-02
-1.60206E+00  2.34828E+01  7.54312E+00  6.33881E+00  6.31794E+00  6.35899E+00  6.33812E+00  4.41146E-03  2.05453E-02
-1.60206E+00  2.34828E+01  9.54095E+00  6.55943E+00  6.56284E+00  6.58060E+00  6.58401E+00  3.22394E-03  2.14582E-02
-1.60206E+00  2.34828E+01  1.20679E+01  6.79729E+00  6.81261E+00  6.81947E+00  6.83479E+00  2.35263E-03  2.24113E-02
-1.60206E+00  2.34828E+01  1.52642E+01  7.00750E+00  7.00363E+00  7.03073E+00  7.02686E+00  1.71447E-03  2.34067E-02
-1.60206E+00  2.34828E+01  1.93070E+01  7.22150E+00  7.23074E+00  7.24580E+00  7.25504E+00  1.24785E-03  2.44462E-02
-1.60206E+00  2.34828E+01  2.44205E+01  7.48705E+00  7.48098E+00  7.51247E+00  7.50640E+00  9.07160E-04  2.55317E-02
-1.60206E+00  2.34828E+01  3.08884E+01  7.74926E+00  7.71983E+00  7.77583E+00  7.74641E+00  6.58767E-04  2.66654E-02
-1.60206E+00  2.34828E+01  3.90694E+01  8.02119E+00  7.98572E+00  8.04896E+00  8.01350E+00  4.77898E-04  2.78493E-02
-1.60206E+00  2.34828E+01  4.94171E+01  8.18108E+00  8.18782E+00  8.21011E+00  8.21685E+00  3.46355E-04  2.90857E-02
-1.60206E+00  2.34828E+01  6.25055E+01  8.42523E+00  8.40268E+00  8.45557E+00  8.43301E+00  2.50793E-04  3.03770E-02
-1.60206E+00  2.34828E+01  7.90604E+01  8.66524E+00  8.68285E+00  8.69693E+00  8.71454E+00  1.81443E-04  3.17255E-02
-1.60206E+00  2.34828E+01  1.00000E+02  8.88606E+00  8.88201E+00  8.91917E+00  8.91512E+00  1.31164E-04  3.31339E-02
# T =  0  2.50000E-02
# D = 14  6.72336E+23
-1.60206E+00  2.38276E+01  1.00000E-03  0.00000E+00  0.00000E+00  1.61227E-04  1.61227E-04  1.22826E-08  1.61227E-04
-1.60206E+00  2.38276E+01  1.26486E-03 1.61013E-255 1.70875E-255  2.24838E-04  2.24838E-04  2.52427E-07  2.24838E-04
-1.60206E+00  2.38276E+01  1.59986E-03  7.54247E-97  8.30751E-97  3.12374E-04  3.12374E-04  2.82358E-06  3.12374E-04
-1.60206E+00  2.38276E+01  2.02359E-03  2.35073E-06  2.79258E-06  4.34484E-04  4.34903E-04  1.95349E-05  4.32271E-04
-1.60206E+00  2.38276E+01  2.55955E-03  8.18237E-05  1.00894E-04  6.73269E-04  6.91491E-04  9.25823E-05  5.95880E-04
-1.60206E+00  2.38276E+01  3.23746E-03  3.98181E-04  5.02496E-04  1.19580E-03  1.29611E-03  3.26415E-04  8.17508E-04
-1.60206E+00  2.38276E+01  4.09492E-03  1.17976E-03  1.50904E-03  2.23955E-03  2.55794E-03  9.15454E-04  1.11387E-03
-1.60206E+00  2.38276E+01  5.17947E-03  2.77388E-03  3.57166E-03  4.16248E-03  4.93748E-03  2.15566E-03  1.50482E-03
-1.60206E+00  2.38276E+01  6.55129E-03  5.70331E-03  7.35223E-03  7.49316E-03  9.10119E-03  4.44749E-03  2.00735E-03
-1.60206E+00  2.38276E+01  8.28643E-03  1.07421E-02  1.38065E-02  1.30029E-02  1.60008E-02  8.30794E-03  2.63233E-03
-1.60206E+00  2.38276E+01  1.04811E-02  1.90244E-02  2.42948E-02  2.18098E-02  2.69788E-02  1.44016E-02  3.37956E-03
-1.60206E+00  2.38276E+01  1.32571E-02  3.21906E-02  4.07356E-02  3.55412E-02  4.39387E-02  2.35869E-02  4.25426E-03
-1.60206E+00  2.38276E+01  1.67683E-02  5.26038E-02  6.58073E-02  5.65376E-02  6.95344E-02  3.69584E-02  5.25374E-03
-1.60206E+00  2.38276E+01  2.12095E-02  8.36457E-02  1.03236E-01  8.79921E-02  1.07302E-01  5.58466E-02  6.20888E-03
-1.60206E+00  2.38276E+01  2.68270E-02  1.30137E-01  1.58158E-01  1.34554E-01  1.62207E-01  8.17071E-02  6.96425E-03
-1.60206E+00  2.38276E+01  3.39322E-02  1.98936E-01  2.37618E-01  2.03015E-01  2.41234E-01  1.15807E-01  7.46314E-03
-1.60206E+00  2.38276E+01  4.29193E-02  2.99782E-01  3.51177E-01  3.02857E-01  3.53694E-01  1.58615E-01  7.44391E-03
-1.60206E+00  2.38276E+01  5.42868E-02  4.46523E-01  5.11747E-01  4.47802E-01  5.12393E-01  2.08884E-01  6.76008E-03
-1.60206E+00  2.38276E+01  6.86649E-02  6.59009E-01  7.36607E-01  6.58142E-01  7.35077E-01  2.62638E-01  5.81578E-03
-1.60206E+00  2.38276E+01  8.68511E-02  9.66769E-01  1.04903E+00  9.63961E-01  1.04561E+00  3.12697E-01  5.10968E-03
-1.60206E+00  2.38276E+01  1.09854E-01  1.42014E+00  1.48115E+00  1.41820E+00  1.47597E+00  3.49755E-01  4.70986E-03
-1.60206E+00  2.38276E+01  1.38950E-01  1.81192E+00  1.83845E+00  1.80697E+00  1.83369E+00  3.65578E-01  4.48808E-03
-1.60206E+00  2.38276E+01  1.75751E-01  2.12457E+00  2.13920E+00  2.12065E+00  2.13521E+00  3.56914E-01  4.49130E-03
-1.60206E+00  2.38276E+01  2.22300E-01  2.42432E+00  2.43100E+00  2.42132E+00  2.42810E+00  3.27140E-01  4.71522E-03
-1.60206E+00  2.38276E+01  2.81177E-01  2.67005E+00  2.68715E+00  2.66726E+00  2.68511E+00  2.84148E-01  5.01785E-03
-1.60206E+00  2.38276E+01  3.55648E-01  2.94531E+00  2.94357E+00  2.94497E+00  2.94001E+00  2.36476E-01  5.33808E-03
-1.60206E+00  2.38276E+01  4.49843E-01  3.18760E+00  3.17960E+00  3.18848E+00  3.18046E+00  1.90542E-01  5.67704E-03
-1.60206E+00  2.38276E+01  5.68987E-01  3.44657E+00  3.44028E+00  3.44861E+00  3.44228E+00  1.49935E-01  6.03612E-03
-1.60206E+00  2.38276E+01  7.19686E-01  3.68857E+00  3.69709E+00  3.69168E+00  3.70020E+00  1.15972E-01  6.41674E-03
-1.60206E+00  2.38276E+01  9.10298E-01  3.94317E+00  3.94567E+00  3.94729E+00  3.94979E+00  8.85878E-02  6.82037E-03
-1.60206E+00  2.38276E+01  1.15140E+00  4.18083E+00  4.18018E+00  4.18589E+00  4.18523E+00  6.70479E-02  7.24858E-03
-1.60206E+00  2.38276E+01  1.45635E+00  4.43536E+00  4.42799E+00  4.44129E+00  4.43392E+00  5.03922E-02  7.70298E-03
-1.60206E+00  2.38276E+01  1.84207E+00  4.64578E+00  4.65009E+00  4.65254E+00  4.65685E+00  3.76686E-02  8.18530E-03
-1.60206E+00  2.38276E+01  2.32995E+00  4.87789E+00  4.89250E+00  4.88545E+00  4.90006E+00  2.80352E-02  8.69733E-03
-1.60206E+00  2.38276E+01  2.94705E+00  5.15633E+00  5.15408E+00  5.16466E+00  5.16241E+00  2.07907E-02  9.24099E-03
-1.60206E+00  2.38276E+01  3.72759E+00  5.37813E+00  5.37293E+00  5.38722E+00  5.38202E+00  1.53714E-02  9.81829E-03
-1.60206E+00  2.38276E+01  4.71487E+00  5.62987E+00  5.62693E+00  5.63972E+00  5.63678E+00  1.13349E-02  1.04314E-02
-1.60206E+00  2.38276E+01  5.96362E+00  5.84005E+00  5.84405E+00  5.85067E+00  5.85468E+00  8.33911E-03  1.10825E-02
-1.60206E+00  2.38276E+01  7.54312E+00  6.09295E+00  6.09739E+00  6.10436E+00  6.10880E+00  6.12248E-03  1.17741E-02
-1.60206E+00  2.38276E+01  9.54095E+00  6.30732E+00  6.31655E+00  6.31954E+00  6.32877E+00  4.48672E-03  1.25086E-02
-1.60206E+00  2.38276E+01  1.20679E+01  6.57864E+00  6.57128E+00  6.59170E+00  6.58434E+00  3.28243E-03  1.32889E-02
-1.60206E+00  2.38276E+01  1.52642E+01  6.78841E+00  6.80741E+00  6.80235E+00  6.82134E+00  2.39768E-03  1.41177E-02
-1.60206E+00  2.38276E+01  1.93070E+01  7.00314E+00  6.99160E+00  7.01799E+00  7.00646E+00  1.74890E-03  1.49981E-02
-1.60206E+00  2.38276E+01  2.44205E+01  7.25943E+00  7.27266E+00  7.27525E+00  7.28848E+00  1.27399E-03  1.59333E-02
-1.60206E+00  2.38276E+01  3.08884E+01  7.49563E+00  7.49054E+00  7.51246E+00  7.50738E+00  9.26903E-04  1.69267E-02
-1.60206E+00  2.38276E+01  3.90694E+01  7.74301E+00  7.76083E+00  7.76092E+00  7.77874E+00  6.73605E-04  1.79821E-02
-1.60206E+00  2.38276E+01  4.94171E+01  7.94426E+00  7.94875E+00  7.96331E+00  7.96779E+00  4.89003E-04  1.91031E-02
-1.60206E+00  2.38276E+01  6.25055E+01  8.20002E+00  8.19403E+00  8.22026E+00  8.21428E+00  3.54635E-04  2.02941E-02
-1.60206E+00  2.38276E+01  7.90604E+01  8.47517E+00  8.46591E+00  8.49670E+00  8.48743E+00  2.56947E-04  2.15592E-02
-1.60206E+00  2.38276E+01  1.00000E+02  8.65978E+00  8.67351E+00  8.68266E+00  8.69638E+00  1.86003E-04  2.29032E-02
# T =  0  2.50000E-02
# D = 15  1.48735E+24
-1.60206E+00  2.41724E+01  1.00000E-03 2.29710E-115 2.51201E-115  5.73973E-05  5.73973E-05  1.24544E-11  5.73973E-05
-1.60206E+00  2.41724E+01  1.26486E-03  1.36525E-06  1.59278E-06  8.14048E-05  8.16249E-05  1.05470E-09  8.00897E-05
-1.60206E+00  2.41724E+01  1.59986E-03  2.51531E-05  3.01774E-05  1.35617E-04  1.40496E-04  3.61357E-08  1.11325E-04
-1.60206E+00  2.41724E+01  2.02359E-03  1.10090E-04  1.34393E-04  2.60688E-04  2.84362E-04  6.05407E-07  1.54110E-04
-1.60206E+00  2.41724E+01  2.55955E-03  3.13510E-04  3.87163E-04  5.16625E-04  5.88588E-04  5.76221E-06  2.12416E-04
-1.60206E+00  2.41724E+01  3.23746E-03  7.23522E-04  8.99706E-04  9.94971E-04  1.16757E-03  3.50991E-05  2.91368E-04
-1.60206E+00  2.41724E+01  4.09492E-03  1.47471E-03  1.83977E-03  1.83408E-03  2.19255E-03  1.50532E-04  3.96974E-04
-1.60206E+00  2.41724E+01  5.17947E-03  2.76736E-03  3.45407E-03  3.23786E-03  3.91353E-03  4.91094E-04  5.35806E-04
-1.60206E+00  2.41724E+01  6.55129E-03  4.89625E-03  6.10011E-03  5.50371E-03  6.69019E-03  1.29763E-03  7.14290E-04
-1.60206E+00  2.41724E+01  8.28643E-03  8.29144E-03  1.02921E-02  9.06332E-03  1.10379E-02  2.92030E-03  9.39075E-04
-1.60206E+00  2.41724E+01  1.04811E-02  1.35736E-02  1.67611E-02  1.45360E-02  1.76857E-02  5.82226E-03  1.21527E-03
-1.60206E+00  2.41724E+01  1.32571E-02  2.16339E-02  2.65398E-02  2.28028E-02  2.76551E-02  1.05971E-02  1.54040E-03
-1.60206E+00  2.41724E+01  1.67683E-02  3.37472E-02  4.10808E-02  3.51252E-02  4.23849E-02  1.80053E-02  1.91124E-03
-1.60206E+00  2.41724E+01  2.12095E-02  5.17289E-02  6.24170E-02  5.32646E-02  6.38524E-02  2.90189E-02  2.28424E-03
-1.60206E+00  2.41724E+01  2.68270E-02  7.81587E-02  9.33723E-02  7.97493E-02  9.48301E-02  4.48441E-02  2.62000E-03
-1.60206E+00  2.41724E+01  3.39322E-02  1.16695E-01  1.37866E-01  1.18178E-01  1.39176E-01  6.68656E-02  2.86910E-03
-1.60206E+00  2.41724E+01  4.29193E-02  1.72513E-01  2.01300E-01  1.73625E-01  2.02195E-01  9.64217E-02  2.94062E-03
-1.60206E+00  2.41724E+01  5.42868E-02  2.52915E-01  2.91064E-01  2.53292E-01  2.91178E-01  1.34300E-01  2.73465E-03
-1.60206E+00  2.41724E+01  6.86649E-02  3.68226E-01  4.17266E-01  3.67641E-01  4.16374E-01  1.79897E-01  2.38512E-03
-1.60206E+00  2.41724E+01  8.68511E-02  5.33107E-01  5.93659E-01  5.31572E-01  5.91788E-01  2.30176E-01  2.11488E-03
-1.60206E+00  2.41724E+01  1.09854E-01  7.68813E-01  8.39195E-01  7.66417E-01  8.36459E-01  2.78970E-01  1.97180E-03
-1.60206E+00  2.41724E+01  1.38950E-01  1.10953E+00  1.18262E+00  1.10634E+00  1.17913E+00  3.17636E-01  1.90659E-03
-1.60206E+00  2.41724E+01  1.75751E-01  1.59196E+00  1.64814E+00  1.58810E+00  1.64416E+00  3.37767E-01  1.94384E-03
-1.60206E+00  2.41724E+01  2.22300E-01  1.96787E+00  2.01492E+00  1.96411E+00  2.01133E+00  3.35049E-01  2.08510E-03
-1.60206E+00  2.41724E+01  2.81177E-01  2.28770E+00  2.28308E+00  2.28441E+00  2.28003E+00  3.11428E-01  2.26835E-03
-1.60206E+00  2.41724E+01  3.55648E-01  2.58247E+00  2.58204E+00  2.58026E+00  2.57981E+00  2.73710E-01  2.46662E-03
-1.60206E+00  2.41724E+01  4.49843E-01  2.85610E+00  2.85462E+00  2.85470E+00  2.85319E+00  2.29994E-01  2.68121E-03
-1.60206E+00  2.41724E+01  5.68987E-01  3.10989E+00  3.10467E+00  3.10929E+00  3.10407E+00  1.86762E-01  2.91363E-03
-1.60206E+00  2.41724E+01  7.19686E-01  3.36798E+00  3.36132E+00  3.36817E+00  3.36151E+00  1.47879E-01  3.16546E-03
-1.60206E+00  2.41724E+01  9.10298E-01  3.61841E+00  3.61435E+00  3.61937E+00  3.61525E+00  1.14962E-01  3.43844E-03
-1.60206E+00  2.41724E+01  1.15140E+00  3.88047E+00  3.87591E+00  3.88213E+00  3.87760E+00  8.81834E-02  3.73443E-03
-1.60206E+00  2.41724E+01  1.45635E+00  4.11034E+00  4.10668E+00  4.11272E+00  4.10905E+00  6.69754E-02  4.05545E-03
-1.60206E+00  2.41724E+01  1.84207E+00  4.36137E+00  4.37584E+00  4.36441E+00  4.37888E+00  5.04876E-02  4.40367E-03
-1.60206E+00  2.41724E+01  2.32995E+00  4.58755E+00  4.59299E+00  4.59123E+00  4.59667E+00  3.78372E-02  4.78147E-03
-1.60206E+00  2.41724E+01  2.94705E+00  4.82824E+00  4.82288E+00  4.83255E+00  4.82718E+00  2.82243E-02  5.19138E-03
-1.60206E+00  2.41724E+01  3.72759E+00  5.09924E+00  5.10693E+00  5.10417E+00  5.11186E+00  2.09727E-02  5.63620E-03
-1.60206E+00  2.41724E+01  4.71487E+00  5.32816E+00  5.32817E+00  5.33371E+00  5.33372E+00  1.55337E-02  6.11892E-03
-1.60206E+00  2.41724E+01  5.96362E+00  5.57321E+00  5.56595E+00  5.57940E+00  5.57214E+00  1.14731E-02  6.64280E-03
-1.60206E+00  2.41724E+01  7.54312E+00  5.79180E+00  5.79402E+00  5.79865E+00  5.80087E+00  8.45312E-03  7.21138E-03
-1.60206E+00  2.41724E+01  9.54095E+00  6.04040E+00  6.05434E+00  6.04795E+00  6.06188E+00  6.21447E-03  7.82850E-03
-1.60206E+00  2.41724E+01  1.20679E+01  6.26903E+00  6.27448E+00  6.27731E+00  6.28275E+00  4.55969E-03  8.49832E-03
-1.60206E+00  2.41724E+01  1.52642E+01  6.47318E+00  6.47975E+00  6.48222E+00  6.48879E+00  3.33958E-03  9.22534E-03
-1.60206E+00  2.41724E+01  1.93070E+01  6.72963E+00  6.73569E+00  6.73951E+00  6.74556E+00  2.44195E-03  1.00145E-02
-1.60206E+00  2.41724E+01  2.44205E+01  6.95461E+00  6.95195E+00  6.96537E+00  6.96271E+00  1.78291E-03  1.08711E-02
-1.60206E+00  2.41724E+01  3.08884E+01  7.21501E+00  7.21757E+00  7.22672E+00  7.22928E+00  1.29993E-03  1.18008E-02
-1.60206E+00  2.41724E+01  3.90694E+01  7.46896E+00  7.46088E+00  7.48170E+00  7.47362E+00  9.46561E-04  1.28101E-02
-1.60206E+00  2.41724E+01  4.94171E+01  7.65452E+00  7.65648E+00  7.66837E+00  7.67033E+00  6.88427E-04  1.39056E-02
-1.60206E+00  2.41724E+01  6.25055E+01  7.91926E+00  7.93187E+00  7.93431E+00  7.94692E+00  5.00127E-04  1.50948E-02
-1.60206E+00  2.41724E+01  7.90604E+01  8.13168E+00  8.14565E+00  8.14803E+00  8.16200E+00  3.62951E-04  1.63856E-02
-1.60206E+00  2.41724E+01  1.00000E+02  8.37352E+00  8.37633E+00  8.39128E+00  8.39409E+00  2.63141E-04  1.77868E-02
# T =  0  2.50000E-02
# D = 16  3.29034E+24
-1.60206E+00  2.45172E+01  1.00000E-03  8.03079E-06  9.32667E-06  2.22862E-05  2.35580E-05  4.67312E-16  1.44253E-05
-1.60206E+00  2.45172E+01  1.26486E-03  3.10892E-05  3.65907E-05  5.13321E-05  5.67407E-05  3.25407E-13  2.08607E-05
-1.60206E+00  2.45172E+01  1.59986E-03  8.42191E-05  1.00050E-04  1.12729E-04  1.28318E-04  5.89346E-11  3.00791E-05
-1.60206E+00  2.45172E+01  2.02359E-03  1.89559E-04  2.26593E-04  2.29332E-04  2.65854E-04  3.68290E-09  4.30772E-05
-1.60206E+00  2.45172E+01  2.55955E-03  3.80992E-04  4.57148E-04  4.35838E-04  5.11040E-04  9.92311E-08  6.10541E-05
-1.60206E+00  2.45172E+01  3.23746E-03  7.09653E-04  8.53024E-04  7.84375E-04  9.26117E-04  1.37488E-06  8.55298E-05
-1.60206E+00  2.45172E+01  4.09492E-03  1.25110E-03  1.50428E-03  1.35174E-03  1.60230E-03  1.12626E-05  1.18462E-04
-1.60206E+00  2.45172E+01  5.17947E-03  2.11614E-03  2.54182E-03  2.24993E-03  2.67157E-03  6.09550E-05  1.62027E-04
-1.60206E+00  2.45172E+01  6.55129E-03  3.46534E-03  4.15393E-03  3.64080E-03  4.32335E-03  2.38325E-04  2.18819E-04
-1.60206E+00  2.45172E+01  8.28643E-03  5.52999E-03  6.61012E-03  5.75643E-03  6.82779E-03  7.23761E-04  2.91467E-04
-1.60206E+00  2.45172E+01  1.04811E-02  8.64215E-03  1.02939E-02  8.92948E-03  1.05687E-02  1.81037E-03  3.82946E-04
-1.60206E+00  2.45172E+01  1.32571E-02  1.32756E-02  1.57473E-02  1.36319E-02  1.60860E-02  3.90808E-03  4.94555E-04
-1.60206E+00  2.45172E+01  1.67683E-02  2.01062E-02  2.37374E-02  2.05274E-02  2.41344E-02  7.54961E-03  6.18294E-04
-1.60206E+00  2.45172E+01  2.12095E-02  3.00956E-02  3.53418E-02  3.05775E-02  3.57907E-02  1.34132E-02  7.58901E-04
-1.60206E+00  2.45172E+01  2.68270E-02  4.46088E-02  5.20732E-02  4.51283E-02  5.25484E-02  2.23613E-02  9.03349E-04
-1.60206E+00  2.45172E+01  3.39322E-02  6.55807E-02  7.60427E-02  6.60718E-02  7.64753E-02  3.54740E-02  1.01540E-03
-1.60206E+00  2.45172E+01  4.29193E-02  9.57476E-02  1.10189E-01  9.61296E-02  1.10496E-01  5.40331E-02  1.08740E-03
-1.60206E+00  2.45172E+01  5.42868E-02  1.38969E-01  1.58583E-01  1.39120E-01  1.58638E-01  7.93737E-02  1.08423E-03
-1.60206E+00  2.45172E+01  6.86649E-02  2.00673E-01  2.26818E-01  2.00451E-01  2.26479E-01  1.12494E-01  9.89844E-04
-1.60206E+00  2.45172E+01  8.68511E-02  2.88480E-01  3.22569E-01  2.87829E-01  3.21779E-01  1.53320E-01  8.90140E-04
-1.60206E+00  2.45172E+01  1.09854E-01  4.13074E-01  4.56286E-01  4.11992E-01  4.55047E-01  1.99690E-01  8.36454E-04
-1.60206E+00  2.45172E+01  1.38950E-01  5.89504E-01  6.42224E-01  5.87991E-01  6.40542E-01  2.46495E-01  8.16522E-04
-1.60206E+00  2.45172E+01  1.75751E-01  8.39509E-01  9.00135E-01  8.37599E-01  8.98057E-01  2.85901E-01  8.45261E-04
-1.60206E+00  2.45172E+01  2.22300E-01  1.19884E+00  1.26147E+00  1.19660E+00  1.25908E+00  3.09564E-01  9.25588E-04
-1.60206E+00  2.45172E+01  2.81177E-01  1.71494E+00  1.74108E+00  1.71246E+00  1.73850E+00  3.12295E-01  1.02916E-03
-1.60206E+00  2.45172E+01  3.55648E-01  2.09703E+00  2.10193E+00  2.09476E+00  2.09960E+00  2.94656E-01  1.14373E-03
-1.60206E+00  2.45172E+01  4.49843E-01  2.41135E+00  2.41789E+00  2.40814E+00  2.41597E+00  2.62279E-01  1.27051E-03
-1.60206E+00  2.45172E+01  5.68987E-01  2.69913E+00  2.70160E+00  2.69766E+00  2.70012E+00  2.22700E-01  1.41086E-03
-1.60206E+00  2.45172E+01  7.19686E-01  2.96167E+00  2.94935E+00  2.96071E+00  2.94839E+00  1.82370E-01  1.56631E-03
-1.60206E+00  2.45172E+01  9.10298E-01  3.22046E+00  3.21499E+00  3.21390E+00  3.21450E+00  1.45385E-01  1.73851E-03
-1.60206E+00  2.45172E+01  1.15140E+00  3.47330E+00  3.47618E+00  3.47336E+00  3.47598E+00  1.13648E-01  1.92933E-03
-1.60206E+00  2.45172E+01  1.45635E+00  3.72388E+00  3.73021E+00  3.72448E+00  3.73080E+00  8.75717E-02  2.14082E-03
-1.60206E+00  2.45172E+01  1.84207E+00  3.98966E+00  3.99846E+00  3.99076E+00  3.99955E+00  6.67634E-02  2.37525E-03
-1.60206E+00  2.45172E+01  2.32995E+00  4.22763E+00  4.23923E+00  4.22922E+00  4.24082E+00  5.04903E-02  2.63513E-03
-1.60206E+00  2.45172E+01  2.94705E+00  4.49890E+00  4.49226E+00  4.50098E+00  4.49433E+00  3.79445E-02  2.92326E-03
-1.60206E+00  2.45172E+01  3.72759E+00  4.71963E+00  4.72376E+00  4.72218E+00  4.72631E+00  2.83731E-02  3.24274E-03
-1.60206E+00  2.45172E+01  4.71487E+00  4.94607E+00  4.95194E+00  4.94911E+00  4.95498E+00  2.11286E-02  3.59698E-03
-1.60206E+00  2.45172E+01  5.96362E+00  5.18913E+00  5.18602E+00  5.19267E+00  5.18957E+00  1.56792E-02  3.98981E-03
-1.60206E+00  2.45172E+01  7.54312E+00  5.43507E+00  5.43611E+00  5.43914E+00  5.44018E+00  1.16004E-02  4.42542E-03
-1.60206E+00  2.45172E+01  9.54095E+00  5.66217E+00  5.66081E+00  5.66679E+00  5.66543E+00  8.56027E-03  4.90849E-03
-1.60206E+00  2.45172E+01  1.20679E+01  5.90196E+00  5.91216E+00  5.90718E+00  5.91737E+00  6.30215E-03  5.44421E-03
-1.60206E+00  2.45172E+01  1.52642E+01  6.14186E+00  6.13424E+00  6.14772E+00  6.14010E+00  4.63002E-03  6.03833E-03
-1.60206E+00  2.45172E+01  1.93070E+01  6.39572E+00  6.38881E+00  6.40228E+00  6.39536E+00  3.39512E-03  6.69722E-03
-1.60206E+00  2.45172E+01  2.44205E+01  6.61622E+00  6.63363E+00  6.62354E+00  6.64095E+00  2.48529E-03  7.42794E-03
-1.60206E+00  2.45172E+01  3.08884E+01  6.88606E+00  6.88457E+00  6.89421E+00  6.89272E+00  1.81639E-03  8.23835E-03
-1.60206E+00  2.45172E+01  3.90694E+01  7.07449E+00  7.07275E+00  7.08356E+00  7.08181E+00  1.32558E-03  9.13713E-03
-1.60206E+00  2.45172E+01  4.94171E+01  7.30879E+00  7.32064E+00  7.31887E+00  7.33072E+00  9.66088E-04  1.01339E-02
-1.60206E+00  2.45172E+01  6.25055E+01  7.59194E+00  7.58815E+00  7.60314E+00  7.59935E+00  7.03202E-04  1.12394E-02
-1.60206E+00  2.45172E+01  7.90604E+01  7.77761E+00  7.77455E+00  7.79004E+00  7.78698E+00  5.11250E-04  1.24655E-02
-1.60206E+00  2.45172E+01  1.00000E+02  8.02322E+00  8.02015E+00  8.03702E+00  8.03395E+00  3.71289E-04  1.38253E-02
# T =  0  2.50000E-02
# D = 17  7.27895E+24
-1.60206E+00  2.48621E+01  1.00000E-03  2.24278E-05  2.57253E-05  2.68160E-05  3.00810E-05  0.00000E+00  4.64548E-06
-1.60206E+00  2.48621E+01  1.26486E-03  4.91702E-05  5.66880E-05  5.53922E-05  6.28423E-05  2.63165E-18  6.75257E-06
-1.60206E+00  2.48621E+01  1.59986E-03  9.74071E-05  1.12691E-04  1.06225E-04  1.21383E-04  4.48835E-15  9.80571E-06
-1.60206E+00  2.48621E+01  2.02359E-03  1.79953E-04  2.08625E-04  1.92419E-04  2.20872E-04  1.98732E-12  1.41803E-05
-1.60206E+00  2.48621E+01  2.55955E-03  3.15833E-04  3.66510E-04  3.33369E-04  3.83691E-04  2.51775E-10  2.03665E-05
-1.60206E+00  2.48621E+01  3.23746E-03  5.33203E-04  6.18816E-04  5.57724E-04  6.42780E-04  1.18611E-08  2.90230E-05
-1.60206E+00  2.48621E+01  4.09492E-03  8.72925E-04  1.01245E-03  9.07012E-04  1.04569E-03  2.55605E-07  4.10486E-05
-1.60206E+00  2.48621E+01  5.17947E-03  1.39407E-03  1.61502E-03  1.44117E-03  1.66087E-03  2.96823E-06  5.76362E-05
-1.60206E+00  2.48621E+01  6.55129E-03  2.18181E-03  2.52361E-03  2.24651E-03  2.58647E-03  2.11505E-05  8.03544E-05
-1.60206E+00  2.48621E+01  8.28643E-03  3.35786E-03  3.87644E-03  3.44586E-03  3.96180E-03  1.02580E-04  1.10965E-04
-1.60206E+00  2.48621E+01  1.04811E-02  5.09633E-03  5.87027E-03  5.21415E-03  5.98435E-03  3.68175E-04  1.51107E-04
-1.60206E+00  2.48621E+01  1.32571E-02  7.64529E-03  8.78459E-03  7.80008E-03  8.93412E-03  1.04662E-03  2.02556E-04
-1.60206E+00  2.48621E+01  1.67683E-02  1.13579E-02  1.30148E-02  1.15542E-02  1.32038E-02  2.48910E-03  2.64224E-04
-1.60206E+00  2.48621E+01  2.12095E-02  1.67365E-02  1.91201E-02  1.69777E-02  1.93513E-02  5.17121E-03  3.36984E-04
-1.60206E+00  2.48621E+01  2.68270E-02  2.44943E-02  2.78889E-02  2.47759E-02  2.81569E-02  9.70202E-03  4.15373E-04
-1.60206E+00  2.48621E+01  3.39322E-02  3.56435E-02  4.04303E-02  3.59462E-02  4.07146E-02  1.68507E-02  4.87676E-04
-1.60206E+00  2.48621E+01  4.29193E-02  5.16173E-02  5.83005E-02  5.19089E-02  5.85678E-02  2.75804E-02  5.44698E-04
-1.60206E+00  2.48621E+01  5.42868E-02  7.44424E-02  8.36732E-02  7.46669E-02  8.38662E-02  4.30558E-02  5.66662E-04
-1.60206E+00  2.48621E+01  6.86649E-02  1.06977E-01  1.19575E-01  1.07052E-01  1.19609E-01  6.45566E-02  5.30741E-04
-1.60206E+00  2.48621E+01  8.68511E-02  1.53240E-01  1.70198E-01  1.53092E-01  1.70000E-01  9.31903E-02  4.49596E-04
-1.60206E+00  2.48621E+01  1.09854E-01  2.18862E-01  2.41307E-01  2.18458E-01  2.40843E-01  1.29287E-01  3.67293E-04
-1.60206E+00  2.48621E+01  1.38950E-01  3.11694E-01  3.40782E-01  3.11040E-01  3.40057E-01  1.71458E-01  3.19857E-04
-1.60206E+00  2.48621E+01  1.75751E-01  4.42666E-01  4.79343E-01  4.41751E-01  4.78348E-01  2.15635E-01  2.88155E-04
-1.60206E+00  2.48621E+01  2.22300E-01  6.27015E-01  6.71515E-01  6.25823E-01  6.70240E-01  2.54924E-01  2.60144E-04
-1.60206E+00  2.48621E+01  2.81177E-01  8.86391E-01  9.37299E-01  8.84921E-01  9.35748E-01  2.81279E-01  2.35129E-04
-1.60206E+00  2.48621E+01  3.55648E-01  1.25555E+00  1.30798E+00  1.25381E+00  1.30618E+00  2.88858E-01  2.12725E-04
-1.60206E+00  2.48621E+01  4.49843E-01  1.78961E+00  1.82791E+00  1.78750E+00  1.82594E+00  2.76928E-01  1.92601E-04
-1.60206E+00  2.48621E+01  5.68987E-01  2.15028E+00  2.19337E+00  2.14837E+00  2.19144E+00  2.49890E-01  1.74482E-04
-1.60206E+00  2.48621E+01  7.19686E-01  2.47737E+00  2.48377E+00  2.47558E+00  2.48188E+00  2.14591E-01  1.58140E-04
-1.60206E+00  2.48621E+01  9.10298E-01  2.78655E+00  2.78023E+00  2.78493E+00  2.77859E+00  1.77348E-01  1.43379E-04
-1.60206E+00  2.48621E+01  1.15140E+00  3.06176E+00  3.06749E+00  3.06032E+00  3.06605E+00  1.42432E-01  1.30033E-04
-1.60206E+00  2.48621E+01  1.45635E+00  3.32449E+00  3.33930E+00  3.32327E+00  3.33808E+00  1.12011E-01  1.17955E-04
-1.60206E+00  2.48621E+01  1.84207E+00  3.58091E+00  3.59506E+00  3.57988E+00  3.59403E+00  8.67380E-02  1.07018E-04
-1.60206E+00  2.48621E+01  2.32995E+00  3.82673E+00  3.83497E+00  3.82587E+00  3.83411E+00  6.64013E-02  9.71080E-05
-1.60206E+00  2.48621E+01  2.94705E+00  4.09290E+00  4.09549E+00  4.09220E+00  4.09479E+00  5.03924E-02  8.81252E-05
-1.60206E+00  2.48621E+01  3.72759E+00  4.30844E+00  4.31464E+00  4.30787E+00  4.31407E+00  3.79851E-02  7.99802E-05
-1.60206E+00  2.48621E+01  4.71487E+00  4.57677E+00  4.57429E+00  4.57631E+00  4.57383E+00  2.84780E-02  7.25928E-05
-1.60206E+00  2.48621E+01  5.96362E+00  4.83127E+00  4.82362E+00  4.83091E+00  4.82326E+00  2.12557E-02  6.58912E-05
-1.60206E+00  2.48621E+01  7.54312E+00  5.04256E+00  5.04881E+00  5.04227E+00  5.04852E+00  1.58059E-02  5.98108E-05
-1.60206E+00  2.48621E+01  9.54095E+00  5.29317E+00  5.28373E+00  5.29295E+00  5.28350E+00  1.17157E-02  5.42933E-05
-1.60206E+00  2.48621E+01  1.20679E+01  5.51637E+00  5.51082E+00  5.51619E+00  5.51065E+00  8.65971E-03  4.92861E-05
-1.60206E+00  2.48621E+01  1.52642E+01  5.76634E+00  5.75486E+00  5.76621E+00  5.75473E+00  6.38497E-03  4.47416E-05
-1.60206E+00  2.48621E+01  1.93070E+01  6.00127E+00  6.00182E+00  6.00117E+00  6.00172E+00  4.69732E-03  4.06168E-05
-1.60206E+00  2.48621E+01  2.44205E+01  6.24943E+00  6.24470E+00  6.24936E+00  6.24462E+00  3.44880E-03  3.68727E-05
-1.60206E+00  2.48621E+01  3.08884E+01  6.48289E+00  6.47289E+00  6.48283E+00  6.47283E+00  2.52751E-03  3.34741E-05
-1.60206E+00  2.48621E+01  3.90694E+01  6.73068E+00  6.73589E+00  6.73064E+00  6.73585E+00  1.84922E-03  3.03890E-05
-1.60206E+00  2.48621E+01  4.94171E+01  6.95123E+00  6.94659E+00  6.95120E+00  6.94656E+00  1.35088E-03  2.75884E-05
-1.60206E+00  2.48621E+01  6.25055E+01  7.18130E+00  7.16503E+00  7.18128E+00  7.16501E+00  9.85430E-04  2.50460E-05
-1.60206E+00  2.48621E+01  7.90604E+01  7.43800E+00  7.44576E+00  7.43799E+00  7.44575E+00  7.17894E-04  2.27381E-05
-1.60206E+00  2.48621E+01  1.00000E+02  7.66918E+00  7.67992E+00  7.66917E+00  7.67991E+00  5.22349E-04  2.06428E-05
# T =  0  2.50000E-02
# D = 18  1.61026E+25
-1.60206E+00  2.52069E+01  1.00000E-03  2.45887E-05  2.75851E-05  2.60693E-05  2.90500E-05  0.00000E+00  1.63302E-06
-1.60206E+00  2.52069E+01  1.26486E-03  4.50656E-05  5.06524E-05  4.70606E-05  5.26201E-05  0.00000E+00  2.25828E-06
-1.60206E+00  2.52069E+01  1.59986E-03  7.87134E-05  8.85708E-05  8.13975E-05  9.12102E-05  0.00000E+00  3.11797E-06
-1.60206E+00  2.52069E+01  2.02359E-03  1.32578E-04  1.49253E-04  1.36194E-04  1.52798E-04  2.91648E-17  4.30625E-06
-1.60206E+00  2.52069E+01  2.55955E-03  2.16988E-04  2.44268E-04  2.21878E-04  2.49049E-04  3.70065E-14  5.96046E-06
-1.60206E+00  2.52069E+01  3.23746E-03  3.46725E-04  3.90140E-04  3.53377E-04  3.96629E-04  1.07632E-11  8.27693E-06
-1.60206E+00  2.52069E+01  4.09492E-03  5.43425E-04  6.11015E-04  5.52522E-04  6.19871E-04  9.78130E-10  1.15258E-05
-1.60206E+00  2.52069E+01  5.17947E-03  8.37811E-04  9.41099E-04  8.50332E-04  9.53269E-04  3.54347E-08  1.61042E-05
-1.60206E+00  2.52069E+01  6.55129E-03  1.27421E-03  1.42967E-03  1.29155E-03  1.44649E-03  6.20407E-07  2.25658E-05
-1.60206E+00  2.52069E+01  8.28643E-03  1.91550E-03  2.14651E-03  1.93959E-03  2.16988E-03  6.11391E-06  3.16746E-05
-1.60206E+00  2.52069E+01  1.04811E-02  2.85178E-03  3.19141E-03  2.88498E-03  3.22357E-03  3.82734E-05  4.41029E-05
-1.60206E+00  2.52069E+01  1.32571E-02  4.21102E-03  4.70574E-03  4.25594E-03  4.74920E-03  1.67679E-04  6.05164E-05
-1.60206E+00  2.52069E+01  1.67683E-02  6.17541E-03  6.89030E-03  6.23498E-03  6.94782E-03  5.56036E-04  8.17351E-05
-1.60206E+00  2.52069E+01  2.12095E-02  9.00407E-03  1.00298E-02  9.07965E-03  1.01025E-02  1.48725E-03  1.06925E-04
-1.60206E+00  2.52069E+01  2.68270E-02  1.30652E-02  1.45271E-02  1.31565E-02  1.46144E-02  3.37637E-03  1.35264E-04
-1.60206E+00  2.52069E+01  3.39322E-02  1.88821E-02  2.09525E-02  1.89856E-02  2.10507E-02  6.77045E-03  1.65019E-04
-1.60206E+00  2.52069E+01  4.29193E-02  2.71965E-02  3.01099E-02  2.73029E-02  3.02090E-02  1.23606E-02  1.91632E-04
-1.60206E+00  2.52069E+01  5.42868E-02  3.90595E-02  4.31304E-02  3.91512E-02  4.32125E-02  2.10080E-02  2.08883E-04
-1.60206E+00  2.52069E+01  6.86649E-02  5.59575E-02  6.16031E-02  5.60112E-02  6.16441E-02  3.37618E-02  2.13270E-04
-1.60206E+00  2.52069E+01  8.68511E-02  7.99893E-02  8.77493E-02  7.99714E-02  8.77151E-02  5.18147E-02  1.96856E-04
-1.60206E+00  2.52069E+01  1.09854E-01  1.14110E-01  1.24665E-01  1.13990E-01  1.24525E-01  7.63050E-02  1.65824E-04
-1.60206E+00  2.52069E+01  1.38950E-01  1.62464E-01  1.76641E-01  1.62237E-01  1.76388E-01  1.07840E-01  1.45085E-04
-1.60206E+00  2.52069E+01  1.75751E-01  2.30845E-01  2.49583E-01  2.30496E-01  2.49204E-01  1.45671E-01  1.29883E-04
-1.60206E+00  2.52069E+01  2.22300E-01  3.27292E-01  3.51551E-01  3.26805E-01  3.51029E-01  1.86707E-01  1.15956E-04
-1.60206E+00  2.52069E+01  2.81177E-01  4.62897E-01  4.93454E-01  4.62259E-01  4.92777E-01  2.25075E-01  1.03492E-04
-1.60206E+00  2.52069E+01  3.55648E-01  6.52924E-01  6.89945E-01  6.52126E-01  6.89107E-01  2.53244E-01  9.24711E-05
-1.60206E+00  2.52069E+01  4.49843E-01  9.18708E-01  9.60977E-01  9.17751E-01  9.59980E-01  2.64974E-01  8.26953E-05
-1.60206E+00  2.52069E+01  5.68987E-01  1.29339E+00  1.33686E+00  1.29228E+00  1.33572E+00  2.58378E-01  7.40029E-05
-1.60206E+00  2.52069E+01  7.19686E-01  1.82925E+00  1.87487E+00  1.82806E+00  1.87363E+00  2.36597E-01  6.62590E-05
-1.60206E+00  2.52069E+01  9.10298E-01  2.21830E+00  2.22870E+00  2.21710E+00  2.22748E+00  2.05675E-01  5.93500E-05
-1.60206E+00  2.52069E+01  1.15140E+00  2.55799E+00  2.55869E+00  2.55686E+00  2.55754E+00  1.71683E-01  5.31786E-05
-1.60206E+00  2.52069E+01  1.45635E+00  2.85324E+00  2.85292E+00  2.85220E+00  2.85189E+00  1.39001E-01  4.76611E-05
-1.60206E+00  2.52069E+01  1.84207E+00  3.12450E+00  3.14975E+00  3.12358E+00  3.14884E+00  1.10033E-01  4.27245E-05
-1.60206E+00  2.52069E+01  2.32995E+00  3.42211E+00  3.42883E+00  3.42132E+00  3.42804E+00  8.56679E-02  3.83053E-05
-1.60206E+00  2.52069E+01  2.94705E+00  3.69521E+00  3.69438E+00  3.69453E+00  3.69371E+00  6.58779E-02  3.43475E-05
-1.60206E+00  2.52069E+01  3.72759E+00  3.90396E+00  3.90979E+00  3.90340E+00  3.90922E+00  5.01859E-02  3.08017E-05
-1.60206E+00  2.52069E+01  4.71487E+00  4.18019E+00  4.18566E+00  4.17973E+00  4.18520E+00  3.79531E-02  2.76240E-05
-1.60206E+00  2.52069E+01  5.96362E+00  4.42448E+00  4.41768E+00  4.42410E+00  4.41730E+00  2.85348E-02  2.47757E-05
-1.60206E+00  2.52069E+01  7.54312E+00  4.64412E+00  4.68669E+00  4.64382E+00  4.68638E+00  2.13512E-02  2.22221E-05
-1.60206E+00  2.52069E+01  9.54095E+00  4.92215E+00  4.91140E+00  4.92191E+00  4.91115E+00  1.59120E-02  1.99325E-05
-1.60206E+00  2.52069E+01  1.20679E+01  5.15824E+00  5.15606E+00  5.15804E+00  5.15586E+00  1.18176E-02  1.78793E-05
-1.60206E+00  2.52069E+01  1.52642E+01  5.38591E+00  5.37274E+00  5.38575E+00  5.37258E+00  8.75053E-03  1.60380E-05
-1.60206E+00  2.52069E+01  1.93070E+01  5.63617E+00  5.62378E+00  5.63605E+00  5.62366E+00  6.46231E-03  1.43866E-05
-1.60206E+00  2.52069E+01  2.44205E+01  5.86148E+00  5.86057E+00  5.86139E+00  5.86047E+00  4.76116E-03  1.29055E-05
-1.60206E+00  2.52069E+01  3.08884E+01  6.10833E+00  6.10907E+00  6.10826E+00  6.10899E+00  3.50035E-03  1.15769E-05
-1.60206E+00  2.52069E+01  3.90694E+01  6.36376E+00  6.33810E+00  6.36370E+00  6.33804E+00  2.56843E-03  1.03852E-05
-1.60206E+00  2.52069E+01  4.94171E+01  6.55507E+00  6.55340E+00  6.55503E+00  6.55336E+00  1.88128E-03  9.31629E-06
-1.60206E+00  2.52069E+01  6.25055E+01  6.79316E+00  6.80788E+00  6.79313E+00  6.80785E+00  1.37573E-03  8.35742E-06
-1.60206E+00  2.52069E+01  7.90604E+01  7.04229E+00  7.03586E+00  7.04226E+00  7.03583E+00  1.00453E-03  7.49727E-06
-1.60206E+00  2.52069E+01  1.00000E+02  7.31163E+00  7.31281E+00  7.31161E+00  7.31279E+00  7.32466E-04  6.72568E-06
# T =  0  2.50000E-02
# D = 19  3.56225E+25
-1.60206E+00  2.55517E+01  1.00000E-03  1.94045E-05  2.12888E-05  1.98270E-05  2.17060E-05  0.00000E+00  4.87341E-07
-1.60206E+00  2.55517E+01  1.26486E-03  3.26267E-05  3.58151E-05  3.31983E-05  3.63781E-05  0.00000E+00  6.74765E-07
-1.60206E+00  2.55517E+01  1.59986E-03  5.33320E-05  5.85549E-05  5.41052E-05  5.93150E-05  0.00000E+00  9.33171E-07
-1.60206E+00  2.55517E+01  2.02359E-03  8.52298E-05  9.35662E-05  8.62782E-05  9.45947E-05  0.00000E+00  1.29140E-06
-1.60206E+00  2.55517E+01  2.55955E-03  1.33697E-04  1.46723E-04  1.35125E-04  1.48121E-04  0.00000E+00  1.79120E-06
-1.60206E+00  2.55517E+01  3.23746E-03  2.06517E-04  2.26517E-04  2.08472E-04  2.28429E-04  3.44200E-16  2.49390E-06
-1.60206E+00  2.55517E+01  4.09492E-03  3.14653E-04  3.44904E-04  3.17355E-04  3.47543E-04  2.64935E-13  3.49074E-06
-1.60206E+00  2.55517E+01  5.17947E-03  4.73981E-04  5.19178E-04  4.77752E-04  5.22857E-04  5.21348E-11  4.91763E-06
-1.60206E+00  2.55517E+01  6.55129E-03  7.07197E-04  7.74031E-04  7.12522E-04  7.79225E-04  3.47885E-09  6.98372E-06
-1.60206E+00  2.55517E+01  8.28643E-03  1.04635E-03  1.14432E-03  1.05396E-03  1.15175E-03  9.87201E-08  1.00018E-05
-1.60206E+00  2.55517E+01  1.04811E-02  1.53753E-03  1.68014E-03  1.54847E-03  1.69082E-03  1.42494E-06  1.43644E-05
-1.60206E+00  2.55517E+01  1.32571E-02  2.24585E-03  2.45213E-03  2.26146E-03  2.46736E-03  1.20554E-05  2.04860E-05
-1.60206E+00  2.55517E+01  1.67683E-02  3.26450E-03  3.56130E-03  3.28646E-03  3.58273E-03  6.69159E-05  2.88945E-05
-1.60206E+00  2.55517E+01  2.12095E-02  4.72559E-03  5.15057E-03  4.75587E-03  5.18011E-03  2.66802E-04  4.01082E-05
-1.60206E+00  2.55517E+01  2.68270E-02  6.81712E-03  7.42309E-03  6.85804E-03  7.46298E-03  8.22347E-04  5.47902E-05
-1.60206E+00  2.55517E+01  3.39322E-02  9.80620E-03  1.06666E-02  9.85902E-03  1.07180E-02  2.07940E-03  7.23117E-05
-1.60206E+00  2.55517E+01  4.29193E-02  1.40722E-02  1.52887E-02  1.41360E-02  1.53506E-02  4.52238E-03  9.10986E-05
-1.60206E+00  2.55517E+01  5.42868E-02  2.01535E-02  2.18661E-02  2.02235E-02  2.19335E-02  8.77477E-03  1.07976E-04
-1.60206E+00  2.55517E+01  6.86649E-02  2.88132E-02  3.12127E-02  2.88801E-02  3.12759E-02  1.56119E-02  1.19335E-04
-1.60206E+00  2.55517E+01  8.68511E-02  4.11314E-02  4.44746E-02  4.11781E-02  4.45165E-02  2.59779E-02  1.18707E-04
-1.60206E+00  2.55517E+01  1.09854E-01  5.86361E-02  6.32642E-02  5.86415E-02  6.32633E-02  4.09673E-02  1.03228E-04
-1.60206E+00  2.55517E+01  1.38950E-01  8.34819E-02  8.98385E-02  8.34313E-02  8.97797E-02  6.16942E-02  8.08641E-05
-1.60206E+00  2.55517E+01  1.75751E-01  1.18700E-01  1.27346E-01  1.18588E-01  1.27225E-01  8.89337E-02  6.32804E-05
-1.60206E+00  2.55517E+01  2.22300E-01  1.68537E-01  1.80158E-01  1.68364E-01  1.79971E-01  1.22431E-01  5.40523E-05
-1.60206E+00  2.55517E+01  2.81177E-01  2.38922E-01  2.54296E-01  2.38677E-01  2.54037E-01  1.59966E-01  4.75384E-05
-1.60206E+00  2.55517E+01  3.55648E-01  3.38062E-01  3.57992E-01  3.37737E-01  3.57650E-01  1.96700E-01  4.18674E-05
-1.60206E+00  2.55517E+01  4.49843E-01  4.77231E-01  5.02364E-01  4.76817E-01  5.01931E-01  2.25807E-01  3.69100E-05
-1.60206E+00  2.55517E+01  5.68987E-01  6.71804E-01  7.02279E-01  6.71297E-01  7.01752E-01  2.40917E-01  3.25651E-05
-1.60206E+00  2.55517E+01  7.19686E-01  9.42804E-01  9.77620E-01  9.42204E-01  9.77001E-01  2.39173E-01  2.87493E-05
-1.60206E+00  2.55517E+01  9.10298E-01  1.32138E+00  1.35722E+00  1.32069E+00  1.35651E+00  2.22478E-01  2.53927E-05
-1.60206E+00  2.55517E+01  1.15140E+00  1.87304E+00  1.91172E+00  1.87228E+00  1.91096E+00  1.95974E-01  2.24365E-05
-1.60206E+00  2.55517E+01  1.45635E+00  2.28408E+00  2.28297E+00  2.28334E+00  2.28222E+00  1.65370E-01  1.98303E-05
-1.60206E+00  2.55517E+01  1.84207E+00  2.61751E+00  2.61409E+00  2.61680E+00  2.61338E+00  1.35077E-01  1.75309E-05
-1.60206E+00  2.55517E+01  2.32995E+00  2.92503E+00  2.93475E+00  2.92438E+00  2.93410E+00  1.07698E-01  1.55010E-05
-1.60206E+00  2.55517E+01  2.94705E+00  3.20300E+00  3.20564E+00  3.20243E+00  3.20507E+00  8.43470E-02  1.37080E-05
-1.60206E+00  2.55517E+01  3.72759E+00  3.46395E+00  3.46843E+00  3.46345E+00  3.46793E+00  6.51821E-02  1.21239E-05
-1.60206E+00  2.55517E+01  4.71487E+00  3.73093E+00  3.73558E+00  3.73050E+00  3.73516E+00  4.98624E-02  1.07238E-05
-1.60206E+00  2.55517E+01  5.96362E+00  4.00816E+00  4.01124E+00  4.00780E+00  4.01088E+00  3.78426E-02  9.48602E-06
-1.60206E+00  2.55517E+01  7.54312E+00  4.21004E+00  4.21634E+00  4.20975E+00  4.21604E+00  2.85393E-02  8.39160E-06
-1.60206E+00  2.55517E+01  9.54095E+00  4.49506E+00  4.50754E+00  4.49482E+00  4.50729E+00  2.14121E-02  7.42377E-06
-1.60206E+00  2.55517E+01  1.20679E+01  4.74267E+00  4.74015E+00  4.74247E+00  4.73995E+00  1.59954E-02  6.56779E-06
-1.60206E+00  2.55517E+01  1.52642E+01  4.98377E+00  4.95794E+00  4.98361E+00  4.95778E+00  1.19047E-02  5.81067E-06
-1.60206E+00  2.55517E+01  1.93070E+01  5.21098E+00  5.21398E+00  5.21086E+00  5.21385E+00  8.83179E-03  5.14095E-06
-1.60206E+00  2.55517E+01  2.44205E+01  5.44076E+00  5.45043E+00  5.44065E+00  5.45033E+00  6.53350E-03  4.54849E-06
-1.60206E+00  2.55517E+01  3.08884E+01  5.69509E+00  5.69728E+00  5.69501E+00  5.69720E+00  4.82111E-03  4.02436E-06
-1.60206E+00  2.55517E+01  3.90694E+01  5.92378E+00  5.92480E+00  5.92371E+00  5.92474E+00  3.54945E-03  3.56067E-06
-1.60206E+00  2.55517E+01  4.94171E+01  6.17664E+00  6.17666E+00  6.17659E+00  6.17660E+00  2.60784E-03  3.15043E-06
-1.60206E+00  2.55517E+01  6.25055E+01  6.41667E+00  6.40871E+00  6.41662E+00  6.40867E+00  1.91243E-03  2.78748E-06
-1.60206E+00  2.55517E+01  7.90604E+01  6.68292E+00  6.66939E+00  6.68288E+00  6.66936E+00  1.40005E-03  2.46635E-06
-1.60206E+00  2.55517E+01  1.00000E+02  6.91668E+00  6.89959E+00  6.91666E+00  6.89956E+00  1.02333E-03  2.18223E-06
# T =  0  2.50000E-02
# D = 20  7.88046E+25
-1.60206E+00  2.58966E+01  1.00000E-03  1.29489E-05  1.39342E-05  1.30517E-05  1.40354E-05  0.00000E+00  1.26084E-07
-1.60206E+00  2.58966E+01  1.26486E-03  2.07218E-05  2.22986E-05  2.08715E-05  2.24460E-05  0.00000E+00  1.85227E-07
-1.60206E+00  2.58966E+01  1.59986E-03  3.25551E-05  3.50265E-05  3.27737E-05  3.52416E-05  0.00000E+00  2.71758E-07
-1.60206E+00  2.58966E+01  2.02359E-03  5.03396E-05  5.41452E-05  5.06575E-05  5.44580E-05  0.00000E+00  3.96702E-07
-1.60206E+00  2.58966E+01  2.55955E-03  7.68436E-05  8.26200E-05  7.73024E-05  8.30713E-05  0.00000E+00  5.74421E-07
-1.60206E+00  2.58966E+01  3.23746E-03  1.15993E-04  1.24656E-04  1.16649E-04  1.25301E-04  0.00000E+00  8.24223E-07
-1.60206E+00  2.58966E+01  4.09492E-03  1.73463E-04  1.86324E-04  1.74391E-04  1.87237E-04  3.18445E-18  1.17268E-06
-1.60206E+00  2.58966E+01  5.17947E-03  2.57197E-04  2.76127E-04  2.58499E-04  2.77406E-04  3.40764E-15  1.65393E-06
-1.60206E+00  2.58966E+01  6.55129E-03  3.78634E-04  4.06295E-04  3.80441E-04  4.08070E-04  1.66339E-12  2.31323E-06
-1.60206E+00  2.58966E+01  8.28643E-03  5.54125E-04  5.94310E-04  5.56607E-04  5.96745E-04  2.27637E-10  3.20604E-06
-1.60206E+00  2.58966E+01  1.04811E-02  8.06777E-04  8.64866E-04  8.10162E-04  8.68186E-04  1.13981E-08  4.42000E-06
-1.60206E+00  2.58966E+01  1.32571E-02  1.16958E-03  1.25321E-03  1.17420E-03  1.25773E-03  2.57745E-07  6.08829E-06
-1.60206E+00  2.58966E+01  1.67683E-02  1.68959E-03  1.80954E-03  1.69585E-03  1.81566E-03  3.10900E-06  8.35585E-06
-1.60206E+00  2.58966E+01  2.12095E-02  2.43346E-03  2.60497E-03  2.44205E-03  2.61338E-03  2.28256E-05  1.15742E-05
-1.60206E+00  2.58966E+01  2.68270E-02  3.49621E-03  3.74071E-03  3.50808E-03  3.75232E-03  1.13316E-04  1.60857E-05
-1.60206E+00  2.58966E+01  3.39322E-02  5.01291E-03  5.36059E-03  5.02885E-03  5.37617E-03  4.14045E-04  2.18969E-05
-1.60206E+00  2.58966E+01  4.29193E-02  7.17539E-03  7.66845E-03  7.19579E-03  7.68835E-03  1.19281E-03  2.87889E-05
-1.60206E+00  2.58966E+01  5.42868E-02  1.02563E-02  1.09535E-02  1.02803E-02  1.09769E-02  2.86366E-03  3.58185E-05
-1.60206E+00  2.58966E+01  6.86649E-02  1.46426E-02  1.56257E-02  1.46677E-02  1.56498E-02  5.98510E-03  4.15371E-05
-1.60206E+00  2.58966E+01  8.68511E-02  2.08832E-02  2.22646E-02  2.09054E-02  2.22854E-02  1.12595E-02  4.49778E-05
-1.60206E+00  2.58966E+01  1.09854E-01  2.97562E-02  3.16893E-02  2.97691E-02  3.17005E-02  1.95409E-02  4.45389E-05
-1.60206E+00  2.58966E+01  1.38950E-01  4.23627E-02  4.50554E-02  4.23574E-02  4.50478E-02  3.18279E-02  3.80292E-05
-1.60206E+00  2.58966E+01  1.75751E-01  6.02591E-02  6.39876E-02  6.02310E-02  6.39564E-02  4.91793E-02  3.07336E-05
-1.60206E+00  2.58966E+01  2.22300E-01  8.56404E-02  9.07666E-02  8.55879E-02  9.07101E-02  7.24533E-02  2.64917E-05
-1.60206E+00  2.58966E+01  2.81177E-01  1.21594E-01  1.28577E-01  1.21512E-01  1.28491E-01  1.01753E-01  2.33566E-05
-1.60206E+00  2.58966E+01  3.55648E-01  1.72447E-01  1.81851E-01  1.72330E-01  1.81728E-01  1.35585E-01  2.06199E-05
-1.60206E+00  2.58966E+01  4.49843E-01  2.44230E-01  2.56703E-01  2.44073E-01  2.56538E-01  1.70105E-01  1.82218E-05
-1.60206E+00  2.58966E+01  5.68987E-01  3.45292E-01  3.61504E-01  3.45088E-01  3.61291E-01  1.99319E-01  1.61149E-05
-1.60206E+00  2.58966E+01  7.19686E-01  4.87063E-01  5.07568E-01  4.86807E-01  5.07302E-01  2.16987E-01  1.42602E-05
-1.60206E+00  2.58966E+01  9.10298E-01  6.84990E-01  7.09921E-01  6.84678E-01  7.09600E-01  2.19518E-01  1.26248E-05
-1.60206E+00  2.58966E+01  1.15140E+00  9.59937E-01  9.88494E-01  9.59571E-01  9.88119E-01  2.07641E-01  1.11811E-05
-1.60206E+00  2.58966E+01  1.45635E+00  1.34131E+00  1.37081E+00  1.34089E+00  1.37039E+00  1.85529E-01  9.90532E-06
-1.60206E+00  2.58966E+01  1.84207E+00  1.89655E+00  1.91109E+00  1.89610E+00  1.91063E+00  1.58413E-01  8.77711E-06
-1.60206E+00  2.58966E+01  2.32995E+00  2.30891E+00  2.32313E+00  2.30846E+00  2.32267E+00  1.30648E-01  7.77879E-06
-1.60206E+00  2.58966E+01  2.94705E+00  2.65819E+00  2.66544E+00  2.65776E+00  2.66501E+00  1.04991E-01  6.89499E-06
-1.60206E+00  2.58966E+01  3.72759E+00  2.98094E+00  2.98228E+00  2.98054E+00  2.98188E+00  8.27615E-02  6.11229E-06
-1.60206E+00  2.58966E+01  4.71487E+00  3.28020E+00  3.27531E+00  3.27985E+00  3.27496E+00  6.43025E-02  5.41891E-06
-1.60206E+00  2.58966E+01  5.96362E+00  3.54529E+00  3.54956E+00  3.54498E+00  3.54925E+00  4.94133E-02  4.80452E-06
-1.60206E+00  2.58966E+01  7.54312E+00  3.82106E+00  3.82702E+00  3.82079E+00  3.82675E+00  3.76473E-02  4.26002E-06
-1.60206E+00  2.58966E+01  9.54095E+00  4.06212E+00  4.05655E+00  4.06189E+00  4.05633E+00  2.84871E-02  3.77740E-06
-1.60206E+00  2.58966E+01  1.20679E+01  4.32155E+00  4.34039E+00  4.32136E+00  4.34021E+00  2.14353E-02  3.34956E-06
-1.60206E+00  2.58966E+01  1.52642E+01  4.54072E+00  4.54856E+00  4.54057E+00  4.54841E+00  1.60539E-02  2.97026E-06
-1.60206E+00  2.58966E+01  1.93070E+01  4.82642E+00  4.82893E+00  4.82630E+00  4.82880E+00  1.19755E-02  2.63397E-06
-1.60206E+00  2.58966E+01  2.44205E+01  5.06137E+00  5.07295E+00  5.06127E+00  5.07285E+00  8.90243E-03  2.33580E-06
-1.60206E+00  2.58966E+01  3.08884E+01  5.30116E+00  5.29070E+00  5.30108E+00  5.29062E+00  6.59785E-03  2.07140E-06
-1.60206E+00  2.58966E+01  3.90694E+01  5.55115E+00  5.55120E+00  5.55109E+00  5.55114E+00  4.87668E-03  1.83696E-06
-1.60206E+00  2.58966E+01  4.94171E+01  5.78363E+00  5.77415E+00  5.78358E+00  5.77410E+00  3.59578E-03  1.62906E-06
-1.60206E+00  2.58966E+01  6.25055E+01  6.02684E+00  6.03269E+00  6.02680E+00  6.03265E+00  2.64552E-03  1.44470E-06
-1.60206E+00  2.58966E+01  7.90604E+01  6.26779E+00  6.24719E+00  6.26776E+00  6.24716E+00  1.94252E-03  1.28121E-06
-1.60206E+00  2.58966E+01  1.00000E+02  6.46505E+00  6.46754E+00  6.46502E+00  6.46751E+00  1.42373E-03  1.13623E-06
# T =  0  2.50000E-02
# D = 21  1.74333E+26
-1.60206E+00  2.62414E+01  1.00000E-03  7.84639E-06  8.30965E-06  7.87495E-06  8.33782E-06  0.00000E+00  3.61924E-08
-1.60206E+00  2.62414E+01  1.26486E-03  1.21620E-05  1.28777E-05  1.22040E-05  1.29190E-05  0.00000E+00  5.32763E-08
-1.60206E+00  2.62414E+01  1.59986E-03  1.85950E-05  1.96844E-05  1.86568E-05  1.97453E-05  0.00000E+00  7.83763E-08
-1.60206E+00  2.62414E+01  2.02359E-03  2.81151E-05  2.97533E-05  2.82058E-05  2.98427E-05  0.00000E+00  1.14862E-07
-1.60206E+00  2.62414E+01  2.55955E-03  4.21156E-05  4.45546E-05  4.22478E-05  4.46850E-05  0.00000E+00  1.67267E-07
-1.60206E+00  2.62414E+01  3.23746E-03  6.25744E-05  6.61748E-05  6.27654E-05  6.63632E-05  0.00000E+00  2.41696E-07
-1.60206E+00  2.62414E+01  4.09492E-03  9.23137E-05  9.75909E-05  9.25871E-05  9.78606E-05  0.00000E+00  3.46310E-07
-1.60206E+00  2.62414E+01  5.17947E-03  1.35395E-04  1.43085E-04  1.35783E-04  1.43467E-04  0.00000E+00  4.91830E-07
-1.60206E+00  2.62414E+01  6.55129E-03  1.97465E-04  2.08612E-04  1.98007E-04  2.09146E-04  2.11719E-17  6.92067E-07
-1.60206E+00  2.62414E+01  8.28643E-03  2.86705E-04  3.02796E-04  2.87456E-04  3.03536E-04  2.90288E-14  9.64937E-07
-1.60206E+00  2.62414E+01  1.04811E-02  4.14733E-04  4.37885E-04  4.15767E-04  4.38903E-04  9.24402E-12  1.33868E-06
-1.60206E+00  2.62414E+01  1.32571E-02  5.98135E-04  6.31353E-04  5.99563E-04  6.32759E-04  9.02517E-10  1.86292E-06
-1.60206E+00  2.62414E+01  1.67683E-02  8.60253E-04  9.07789E-04  8.62242E-04  9.09747E-04  3.46011E-08  2.60823E-06
-1.60206E+00  2.62414E+01  2.12095E-02  1.23470E-03  1.30259E-03  1.23752E-03  1.30536E-03  6.33522E-07  3.69997E-06
-1.60206E+00  2.62414E+01  2.68270E-02  1.76886E-03  1.86564E-03  1.77291E-03  1.86962E-03  6.46708E-06  5.29513E-06
-1.60206E+00  2.62414E+01  3.39322E-02  2.53054E-03  2.66823E-03  2.53633E-03  2.67394E-03  4.16184E-05  7.56231E-06
-1.60206E+00  2.62414E+01  4.29193E-02  3.61565E-03  3.81124E-03  3.62378E-03  3.81925E-03  1.86279E-04  1.06330E-05
-1.60206E+00  2.62414E+01  5.42868E-02  5.16112E-03  5.43846E-03  5.17210E-03  5.44927E-03  6.27809E-04  1.45020E-05
-1.60206E+00  2.62414E+01  6.86649E-02  7.36101E-03  7.75354E-03  7.37502E-03  7.76731E-03  1.69910E-03  1.89673E-05
-1.60206E+00  2.62414E+01  8.68511E-02  1.04910E-02  1.10453E-02  1.05075E-02  1.10615E-02  3.88780E-03  2.34286E-05
-1.60206E+00  2.62414E+01  1.09854E-01  1.49426E-02  1.57236E-02  1.49593E-02  1.57399E-02  7.82916E-03  2.64519E-05
-1.60206E+00  2.62414E+01  1.38950E-01  2.12709E-02  2.23680E-02  2.12832E-02  2.23797E-02  1.43012E-02  2.57995E-05
-1.60206E+00  2.62414E+01  1.75751E-01  3.02627E-02  3.17985E-02  3.02655E-02  3.18004E-02  2.42167E-02  2.14484E-05
-1.60206E+00  2.62414E+01  2.22300E-01  4.30319E-02  4.51726E-02  4.30216E-02  4.51612E-02  3.85674E-02  1.53033E-05
-1.60206E+00  2.62414E+01  2.81177E-01  6.11533E-02  6.41210E-02  6.11288E-02  6.40950E-02  5.82371E-02  1.02896E-05
-1.60206E+00  2.62414E+01  3.55648E-01  8.68482E-02  9.09349E-02  8.68083E-02  9.08932E-02  8.35702E-02  6.95885E-06
-1.60206E+00  2.62414E+01  4.49843E-01  1.23241E-01  1.28820E-01  1.23184E-01  1.28760E-01  1.13651E-01  4.72837E-06
-1.60206E+00  2.62414E+01  5.68987E-01  1.74712E-01  1.82244E-01  1.74634E-01  1.82163E-01  1.45530E-01  3.22453E-06
-1.60206E+00  2.62414E+01  7.19686E-01  2.47369E-01  2.57391E-01  2.47267E-01  2.57285E-01  1.74108E-01  2.20522E-06
-1.60206E+00  2.62414E+01  9.10298E-01  3.49670E-01  3.62744E-01  3.49540E-01  3.62610E-01  1.93506E-01  1.51147E-06
-1.60206E+00  2.62414E+01  1.15140E+00  4.93184E-01  5.09789E-01  4.93024E-01  5.09624E-01  1.99650E-01  1.03777E-06
-1.60206E+00  2.62414E+01  1.45635E+00  6.93481E-01  7.13761E-01  6.93288E-01  7.13565E-01  1.92227E-01  7.13498E-07
-1.60206E+00  2.62414E+01  1.84207E+00  9.71280E-01  9.94623E-01  9.71056E-01  9.94395E-01  1.74403E-01  4.91078E-07
-1.60206E+00  2.62414E+01  2.32995E+00  1.35463E+00  1.37891E+00  1.35437E+00  1.37865E+00  1.50830E-01  3.38279E-07
-1.60206E+00  2.62414E+01  2.94705E+00  1.92138E+00  1.93643E+00  1.92111E+00  1.93616E+00  1.25711E-01  2.33178E-07
-1.60206E+00  2.62414E+01  3.72759E+00  2.37973E+00  2.37711E+00  2.37945E+00  2.37683E+00  1.01900E-01  1.60815E-07
-1.60206E+00  2.62414E+01  4.71487E+00  2.73933E+00  2.73552E+00  2.73907E+00  2.73526E+00  8.08987E-02  1.10955E-07
-1.60206E+00  2.62414E+01  5.96362E+00  3.04056E+00  3.04341E+00  3.04031E+00  3.04317E+00  6.32282E-02  7.65785E-08
-1.60206E+00  2.62414E+01  7.54312E+00  3.31823E+00  3.31727E+00  3.31801E+00  3.31705E+00  4.88302E-02  5.28664E-08
-1.60206E+00  2.62414E+01  9.54095E+00  3.58788E+00  3.58091E+00  3.58769E+00  3.58071E+00  3.73608E-02  3.65040E-08
-1.60206E+00  2.62414E+01  1.20679E+01  3.85077E+00  3.85557E+00  3.85061E+00  3.85540E+00  2.83735E-02  2.52099E-08
-1.60206E+00  2.62414E+01  1.52642E+01  4.12603E+00  4.13525E+00  4.12589E+00  4.13511E+00  2.14176E-02  1.74123E-08
-1.60206E+00  2.62414E+01  1.93070E+01  4.37330E+00  4.37683E+00  4.37318E+00  4.37671E+00  1.60852E-02  1.20278E-08
-1.60206E+00  2.62414E+01  2.44205E+01  4.66271E+00  4.66134E+00  4.66262E+00  4.66125E+00  1.20284E-02  8.30902E-09
-1.60206E+00  2.62414E+01  3.08884E+01  4.88052E+00  4.87790E+00  4.88044E+00  4.87782E+00  8.96138E-03  5.74038E-09
-1.60206E+00  2.62414E+01  3.90694E+01  5.13551E+00  5.12705E+00  5.13545E+00  5.12698E+00  6.65461E-03  3.96600E-09
-1.60206E+00  2.62414E+01  4.94171E+01  5.35970E+00  5.34852E+00  5.35965E+00  5.34846E+00  4.92736E-03  2.74020E-09
-1.60206E+00  2.62414E+01  6.25055E+01  5.60475E+00  5.60698E+00  5.60471E+00  5.60694E+00  3.63900E-03  1.89332E-09
-1.60206E+00  2.62414E+01  7.90604E+01  5.83686E+00  5.84106E+00  5.83682E+00  5.84103E+00  2.68124E-03  1.30821E-09
-1.60206E+00  2.62414E+01  1.00000E+02  6.09390E+00  6.10259E+00  6.09387E+00  6.10256E+00  1.97139E-03  9.03941E-10
# T =  0  2.50000E-02
# D = 22  3.85662E+26
-1.60206E+00  2.65862E+01  1.00000E-03  4.46779E-06  4.67117E-06  4.47695E-06  4.68023E-06  0.00000E+00  1.15210E-08
-1.60206E+00  2.65862E+01  1.26486E-03  6.76353E-06  7.07013E-06  6.77608E-06  7.08254E-06  0.00000E+00  1.59873E-08
-1.60206E+00  2.65862E+01  1.59986E-03  1.01469E-05  1.06045E-05  1.01641E-05  1.06215E-05  0.00000E+00  2.21896E-08
-1.60206E+00  2.65862E+01  2.02359E-03  1.51042E-05  1.57814E-05  1.51279E-05  1.58049E-05  0.00000E+00  3.08923E-08
-1.60206E+00  2.65862E+01  2.55955E-03  2.23275E-05  2.33226E-05  2.23604E-05  2.33551E-05  0.00000E+00  4.32638E-08
-1.60206E+00  2.65862E+01  3.23746E-03  3.27960E-05  3.42491E-05  3.28422E-05  3.42948E-05  0.00000E+00  6.11003E-08
-1.60206E+00  2.65862E+01  4.09492E-03  4.79214E-05  5.00327E-05  4.79872E-05  5.00977E-05  0.00000E+00  8.71441E-08
-1.60206E+00  2.65862E+01  5.17947E-03  6.97236E-05  7.27789E-05  6.98188E-05  7.28729E-05  0.00000E+00  1.25733E-07
-1.60206E+00  2.65862E+01  6.55129E-03  1.01016E-04  1.05421E-04  1.01157E-04  1.05560E-04  0.00000E+00  1.83824E-07
-1.60206E+00  2.65862E+01  8.28643E-03  1.45830E-04  1.52161E-04  1.46040E-04  1.52369E-04  0.00000E+00  2.72432E-07
-1.60206E+00  2.65862E+01  1.04811E-02  2.09963E-04  2.19041E-04  2.10279E-04  2.19354E-04  2.50238E-16  4.04536E-07
-1.60206E+00  2.65862E+01  1.32571E-02  3.01618E-04  3.14610E-04  3.02086E-04  3.15074E-04  2.14218E-13  5.94704E-07
-1.60206E+00  2.65862E+01  1.67683E-02  4.32534E-04  4.51100E-04  4.33216E-04  4.51775E-04  4.58632E-11  8.61893E-07
-1.60206E+00  2.65862E+01  2.12095E-02  6.19165E-04  6.45653E-04  6.20131E-04  6.46609E-04  3.27122E-09  1.22066E-06
-1.60206E+00  2.65862E+01  2.68270E-02  8.85224E-04  9.22967E-04  8.86555E-04  9.24284E-04  9.78438E-08  1.69335E-06
-1.60206E+00  2.65862E+01  3.39322E-02  1.26441E-03  1.31813E-03  1.26621E-03  1.31991E-03  1.47215E-06  2.31057E-06
-1.60206E+00  2.65862E+01  4.29193E-02  1.80427E-03  1.88064E-03  1.80667E-03  1.88301E-03  1.28679E-05  3.12324E-06
-1.60206E+00  2.65862E+01  5.42868E-02  2.57303E-03  2.68150E-03  2.57621E-03  2.68464E-03  7.32679E-05  4.20925E-06
-1.60206E+00  2.65862E+01  6.86649E-02  3.66693E-03  3.82078E-03  3.67116E-03  3.82495E-03  2.97889E-04  5.68469E-06
-1.60206E+00  2.65862E+01  8.68511E-02  5.22355E-03  5.44149E-03  5.22886E-03  5.44673E-03  9.31566E-04  7.36048E-06
-1.60206E+00  2.65862E+01  1.09854E-01  7.43780E-03  7.74607E-03  7.44379E-03  7.75195E-03  2.37944E-03  8.87703E-06
-1.60206E+00  2.65862E+01  1.38950E-01  1.05866E-02  1.10219E-02  1.05925E-02  1.10276E-02  5.20631E-03  9.94212E-06
-1.60206E+00  2.65862E+01  1.75751E-01  1.50631E-02  1.56765E-02  1.50671E-02  1.56803E-02  1.01226E-02  9.61716E-06
-1.60206E+00  2.65862E+01  2.22300E-01  2.14253E-02  2.22872E-02  2.14249E-02  2.22866E-02  1.79676E-02  7.52905E-06
-1.60206E+00  2.65862E+01  2.81177E-01  3.04634E-02  3.16709E-02  3.04579E-02  3.16650E-02  2.96671E-02  5.38489E-06
-1.60206E+00  2.65862E+01  3.55648E-01  4.32966E-02  4.49816E-02  4.32856E-02  4.49700E-02  4.60972E-02  3.86814E-06
-1.60206E+00  2.65862E+01  4.49843E-01  6.15081E-02  6.38476E-02  6.14906E-02  6.38294E-02  6.77550E-02  2.78883E-06
-1.60206E+00  2.65862E+01  5.68987E-01  8.73305E-02  9.05583E-02  8.73052E-02  9.05321E-02  9.41631E-02  2.01642E-06
-1.60206E+00  2.65862E+01  7.19686E-01  1.23907E-01  1.28324E-01  1.23872E-01  1.28288E-01  1.23137E-01  1.46118E-06
-1.60206E+00  2.65862E+01  9.10298E-01  1.75644E-01  1.81625E-01  1.75597E-01  1.81577E-01  1.50463E-01  1.06067E-06
-1.60206E+00  2.65862E+01  1.15140E+00  2.48695E-01  2.56680E-01  2.48635E-01  2.56618E-01  1.70796E-01  7.70985E-07
-1.60206E+00  2.65862E+01  1.45635E+00  3.51582E-01  3.62044E-01  3.51506E-01  3.61965E-01  1.79839E-01  5.61017E-07
-1.60206E+00  2.65862E+01  1.84207E+00  4.95987E-01  5.09339E-01  4.95892E-01  5.09242E-01  1.76410E-01  4.08574E-07
-1.60206E+00  2.65862E+01  2.32995E+00  6.97621E-01  7.14027E-01  6.97507E-01  7.13911E-01  1.62686E-01  2.97751E-07
-1.60206E+00  2.65862E+01  2.94705E+00  9.77113E-01  9.96126E-01  9.76980E-01  9.95991E-01  1.42655E-01  2.17101E-07
-1.60206E+00  2.65862E+01  3.72759E+00  1.36164E+00  1.38161E+00  1.36149E+00  1.38146E+00  1.20271E-01  1.58361E-07
-1.60206E+00  2.65862E+01  4.71487E+00  1.93287E+00  1.94088E+00  1.93270E+00  1.94071E+00  9.84179E-02  1.15551E-07
-1.60206E+00  2.65862E+01  5.96362E+00  2.42108E+00  2.42379E+00  2.42091E+00  2.42363E+00  7.87477E-02  8.43359E-08
-1.60206E+00  2.65862E+01  7.54312E+00  2.78138E+00  2.78625E+00  2.78122E+00  2.78609E+00  6.19488E-02  6.15656E-08
-1.60206E+00  2.65862E+01  9.54095E+00  3.08766E+00  3.08473E+00  3.08752E+00  3.08458E+00  4.81043E-02  4.49503E-08
-1.60206E+00  2.65862E+01  1.20679E+01  3.40883E+00  3.40381E+00  3.40870E+00  3.40367E+00  3.69766E-02  3.28233E-08
-1.60206E+00  2.65862E+01  1.52642E+01  3.68298E+00  3.68421E+00  3.68287E+00  3.68409E+00  2.81937E-02  2.39704E-08
-1.60206E+00  2.65862E+01  1.93070E+01  3.96280E+00  3.96457E+00  3.96270E+00  3.96447E+00  2.13554E-02  1.75066E-08
-1.60206E+00  2.65862E+01  2.44205E+01  4.18794E+00  4.19614E+00  4.18785E+00  4.19606E+00  1.60869E-02  1.27866E-08
-1.60206E+00  2.65862E+01  3.08884E+01  4.46028E+00  4.46084E+00  4.46021E+00  4.46076E+00  1.20618E-02  9.33964E-09
-1.60206E+00  2.65862E+01  3.90694E+01  4.70461E+00  4.70161E+00  4.70455E+00  4.70155E+00  9.00746E-03  6.82216E-09
-1.60206E+00  2.65862E+01  4.94171E+01  4.94081E+00  4.94920E+00  4.94076E+00  4.94915E+00  6.70297E-03  4.98342E-09
-1.60206E+00  2.65862E+01  6.25055E+01  5.19155E+00  5.18553E+00  5.19151E+00  5.18549E+00  4.97260E-03  3.64035E-09
-1.60206E+00  2.65862E+01  7.90604E+01  5.47038E+00  5.46644E+00  5.47035E+00  5.46640E+00  3.67872E-03  2.65930E-09
-1.60206E+00  2.65862E+01  1.00000E+02  5.70244E+00  5.69535E+00  5.70241E+00  5.69533E+00  2.71475E-03  1.94266E-09
# T =  0  2.50000E-02
# D = 23  8.53168E+26
-1.60206E+00  2.69310E+01  1.00000E-03  2.41312E-06  2.49803E-06  2.41583E-06  2.50072E-06  0.00000E+00  3.39916E-09
-1.60206E+00  2.69310E+01  1.26486E-03  3.60434E-06  3.73041E-06  3.60809E-06  3.73414E-06  0.00000E+00  4.75459E-09
-1.60206E+00  2.69310E+01  1.59986E-03  5.34241E-06  5.52817E-06  5.34762E-06  5.53333E-06  0.00000E+00  6.64784E-09
-1.60206E+00  2.69310E+01  2.02359E-03  7.86734E-06  8.13927E-06  7.87457E-06  8.14644E-06  0.00000E+00  9.30265E-09
-1.60206E+00  2.69310E+01  2.55955E-03  1.15220E-05  1.19180E-05  1.15321E-05  1.19280E-05  0.00000E+00  1.30473E-08
-1.60206E+00  2.69310E+01  3.23746E-03  1.67962E-05  1.73702E-05  1.68103E-05  1.73842E-05  0.00000E+00  1.83853E-08
-1.60206E+00  2.69310E+01  4.09492E-03  2.43891E-05  2.52184E-05  2.44091E-05  2.52382E-05  0.00000E+00  2.61118E-08
-1.60206E+00  2.69310E+01  5.17947E-03  3.52814E-05  3.64754E-05  3.53101E-05  3.65039E-05  0.00000E+00  3.74980E-08
-1.60206E+00  2.69310E+01  6.55129E-03  5.08580E-05  5.25725E-05  5.09003E-05  5.26144E-05  0.00000E+00  5.46443E-08
-1.60206E+00  2.69310E+01  8.28643E-03  7.31245E-05  7.55811E-05  7.31876E-05  7.56437E-05  0.00000E+00  8.08612E-08
-1.60206E+00  2.69310E+01  1.04811E-02  1.04940E-04  1.08455E-04  1.05036E-04  1.08549E-04  0.00000E+00  1.20221E-07
-1.60206E+00  2.69310E+01  1.32571E-02  1.50339E-04  1.55360E-04  1.50480E-04  1.55501E-04  3.85238E-18  1.77418E-07
-1.60206E+00  2.69310E+01  1.67683E-02  2.15125E-04  2.22292E-04  2.15331E-04  2.22497E-04  2.56695E-15  2.57655E-07
-1.60206E+00  2.69310E+01  2.12095E-02  3.07464E-04  3.17682E-04  3.07759E-04  3.17975E-04  1.38350E-12  3.67799E-07
-1.60206E+00  2.69310E+01  2.68270E-02  4.38947E-04  4.53502E-04  4.39360E-04  4.53911E-04  2.04769E-10  5.16004E-07
-1.60206E+00  2.69310E+01  3.39322E-02  6.26206E-04  6.46923E-04  6.26773E-04  6.47485E-04  1.09078E-08  7.13040E-07
-1.60206E+00  2.69310E+01  4.29193E-02  8.92939E-04  9.22410E-04  8.93715E-04  9.23180E-04  2.59009E-07  9.84345E-07
-1.60206E+00  2.69310E+01  5.42868E-02  1.27244E-03  1.31433E-03  1.27352E-03  1.31540E-03  3.24680E-06  1.37592E-06
-1.60206E+00  2.69310E+01  6.86649E-02  1.81257E-03  1.87206E-03  1.81410E-03  1.87359E-03  2.45669E-05  1.95419E-06
-1.60206E+00  2.69310E+01  8.68511E-02  2.58107E-03  2.66551E-03  2.58316E-03  2.66758E-03  1.24841E-04  2.67992E-06
-1.60206E+00  2.69310E+01  1.09854E-01  3.67435E-03  3.79405E-03  3.67694E-03  3.79662E-03  4.64269E-04  3.43044E-06
-1.60206E+00  2.69310E+01  1.38950E-01  5.22924E-03  5.39878E-03  5.23212E-03  5.40163E-03  1.35453E-03  4.06259E-06
-1.60206E+00  2.69310E+01  1.75751E-01  7.44059E-03  7.68042E-03  7.44310E-03  7.68288E-03  3.27857E-03  4.17502E-06
-1.60206E+00  2.69310E+01  2.22300E-01  1.05847E-02  1.09234E-02  1.05859E-02  1.09245E-02  6.87842E-03  3.53476E-06
-1.60206E+00  2.69310E+01  2.81177E-01  1.50538E-02  1.55312E-02  1.50533E-02  1.55307E-02  1.29295E-02  2.76058E-06
-1.60206E+00  2.69310E+01  3.55648E-01  2.14048E-02  2.20763E-02  2.14024E-02  2.20738E-02  2.22984E-02  2.16190E-06
-1.60206E+00  2.69310E+01  4.49843E-01  3.04268E-02  3.13685E-02  3.04222E-02  3.13637E-02  3.58391E-02  1.69710E-06
-1.60206E+00  2.69310E+01  5.68987E-01  4.32374E-02  4.45529E-02  4.32302E-02  4.45454E-02  5.41408E-02  1.33471E-06
-1.60206E+00  2.69310E+01  7.19686E-01  6.14180E-02  6.32474E-02  6.14073E-02  6.32364E-02  7.70469E-02  1.05122E-06
-1.60206E+00  2.69310E+01  9.10298E-01  8.72004E-02  8.97290E-02  8.71854E-02  8.97136E-02  1.02999E-01  8.28887E-07
-1.60206E+00  2.69310E+01  1.15140E+00  1.23729E-01  1.27197E-01  1.23708E-01  1.27177E-01  1.28607E-01  6.54156E-07
-1.60206E+00  2.69310E+01  1.45635E+00  1.75415E-01  1.80126E-01  1.75388E-01  1.80098E-01  1.49157E-01  5.16619E-07
-1.60206E+00  2.69310E+01  1.84207E+00  2.48422E-01  2.54736E-01  2.48387E-01  2.54700E-01  1.60367E-01  4.08222E-07
-1.60206E+00  2.69310E+01  2.32995E+00  3.51303E-01  3.59612E-01  3.51258E-01  3.59566E-01  1.60396E-01  3.22709E-07
-1.60206E+00  2.69310E+01  2.94705E+00  4.95797E-01  5.06459E-01  4.95741E-01  5.06402E-01  1.50498E-01  2.55195E-07
-1.60206E+00  2.69310E+01  3.72759E+00  6.97746E-01  7.10938E-01  6.97679E-01  7.10870E-01  1.33943E-01  2.01861E-07
-1.60206E+00  2.69310E+01  4.71487E+00  9.77838E-01  9.93261E-01  9.77760E-01  9.93182E-01  1.14343E-01  1.59706E-07
-1.60206E+00  2.69310E+01  5.96362E+00  1.36266E+00  1.37905E+00  1.36257E+00  1.37896E+00  9.45426E-02  1.26376E-07
-1.60206E+00  2.69310E+01  7.54312E+00  1.93393E+00  1.91491E+00  1.93383E+00  1.91482E+00  7.63003E-02  1.00015E-07
-1.60206E+00  2.69310E+01  9.54095E+00  2.45502E+00  2.44473E+00  2.45492E+00  2.44463E+00  6.04551E-02  7.91608E-08
-1.60206E+00  2.69310E+01  1.20679E+01  2.81373E+00  2.81489E+00  2.81364E+00  2.81479E+00  4.72276E-02  6.26601E-08
-1.60206E+00  2.69310E+01  1.52642E+01  3.16622E+00  3.16786E+00  3.16613E+00  3.16777E+00  3.64881E-02  4.96022E-08
-1.60206E+00  2.69310E+01  1.93070E+01  3.45473E+00  3.45566E+00  3.45465E+00  3.45558E+00  2.79428E-02  3.92674E-08
-1.60206E+00  2.69310E+01  2.44205E+01  3.73283E+00  3.73754E+00  3.73276E+00  3.73747E+00  2.12452E-02  3.10872E-08
-1.60206E+00  2.69310E+01  3.08884E+01  4.01503E+00  4.01202E+00  4.01497E+00  4.01196E+00  1.60565E-02  2.46119E-08
-1.60206E+00  2.69310E+01  3.90694E+01  4.27960E+00  4.28651E+00  4.27954E+00  4.28646E+00  1.20737E-02  1.94858E-08
-1.60206E+00  2.69310E+01  4.94171E+01  4.51260E+00  4.51553E+00  4.51256E+00  4.51549E+00  9.03945E-03  1.54277E-08
-1.60206E+00  2.69310E+01  6.25055E+01  4.75746E+00  4.75776E+00  4.75742E+00  4.75772E+00  6.74209E-03  1.22150E-08
-1.60206E+00  2.69310E+01  7.90604E+01  5.05299E+00  5.04584E+00  5.05296E+00  5.04581E+00  5.01183E-03  9.67136E-09
-1.60206E+00  2.69310E+01  1.00000E+02  5.28013E+00  5.27687E+00  5.28011E+00  5.27684E+00  3.71456E-03  7.65750E-09
# T =  0  2.50000E-02
# D = 24  1.88739E+27
-1.60206E+00  2.72759E+01  1.00000E-03  1.27584E-06  1.31032E-06  1.27644E-06  1.31091E-06  0.00000E+00  8.03387E-10
-1.60206E+00  2.72759E+01  1.26486E-03  1.88342E-06  1.93402E-06  1.88432E-06  1.93491E-06  0.00000E+00  1.18658E-09
-1.60206E+00  2.72759E+01  1.59986E-03  2.76485E-06  2.83868E-06  2.76619E-06  2.84001E-06  0.00000E+00  1.75179E-09
-1.60206E+00  2.72759E+01  2.02359E-03  4.03883E-06  4.14608E-06  4.04081E-06  4.14804E-06  0.00000E+00  2.57598E-09
-1.60206E+00  2.72759E+01  2.55955E-03  5.87004E-06  6.02515E-06  5.87295E-06  6.02804E-06  0.00000E+00  3.76279E-09
-1.60206E+00  2.72759E+01  3.23746E-03  8.49538E-06  8.71891E-06  8.49962E-06  8.72312E-06  0.00000E+00  5.45511E-09
-1.60206E+00  2.72759E+01  4.09492E-03  1.22545E-05  1.25758E-05  1.22606E-05  1.25819E-05  0.00000E+00  7.85243E-09
-1.60206E+00  2.72759E+01  5.17947E-03  1.76319E-05  1.80926E-05  1.76406E-05  1.81013E-05  0.00000E+00  1.12238E-08
-1.60206E+00  2.72759E+01  6.55129E-03  2.53186E-05  2.59782E-05  2.53310E-05  2.59906E-05  0.00000E+00  1.59358E-08
-1.60206E+00  2.72759E+01  8.28643E-03  3.62991E-05  3.72424E-05  3.63166E-05  3.72598E-05  0.00000E+00  2.24665E-08
-1.60206E+00  2.72759E+01  1.04811E-02  5.19601E-05  5.33073E-05  5.19845E-05  5.33316E-05  0.00000E+00  3.15298E-08
-1.60206E+00  2.72759E+01  1.32571E-02  7.42919E-05  7.62143E-05  7.43260E-05  7.62482E-05  0.00000E+00  4.42557E-08
-1.60206E+00  2.72759E+01  1.67683E-02  1.06143E-04  1.08885E-04  1.06191E-04  1.08932E-04  0.00000E+00  6.19334E-08
-1.60206E+00  2.72759E+01  2.12095E-02  1.51516E-04  1.55423E-04  1.51583E-04  1.55489E-04  1.49400E-17  8.70520E-08
-1.60206E+00  2.72759E+01  2.68270E-02  2.16071E-04  2.21634E-04  2.16164E-04  2.21727E-04  2.26048E-14  1.22470E-07
-1.60206E+00  2.72759E+01  3.39322E-02  3.07985E-04  3.15903E-04  3.08117E-04  3.16035E-04  7.89317E-12  1.73658E-07
-1.60206E+00  2.72759E+01  4.29193E-02  4.38814E-04  4.50079E-04  4.39007E-04  4.50271E-04  8.28841E-10  2.51831E-07
-1.60206E+00  2.72759E+01  5.42868E-02  6.25105E-04  6.41126E-04  6.25398E-04  6.41416E-04  3.36569E-08  3.75922E-07
-1.60206E+00  2.72759E+01  6.86649E-02  8.90039E-04  9.12809E-04  8.90501E-04  9.13268E-04  6.44804E-07  5.79442E-07
-1.60206E+00  2.72759E+01  8.68511E-02  1.26699E-03  1.29934E-03  1.26772E-03  1.30006E-03  6.82083E-06  8.95028E-07
-1.60206E+00  2.72759E+01  1.09854E-01  1.80340E-03  1.84933E-03  1.80450E-03  1.85042E-03  4.51299E-05  1.33409E-06
-1.60206E+00  2.72759E+01  1.38950E-01  2.56620E-03  2.63136E-03  2.56773E-03  2.63288E-03  2.06331E-04  1.86579E-06
-1.60206E+00  2.72759E+01  1.75751E-01  3.65135E-03  3.74375E-03  3.65328E-03  3.74566E-03  7.06344E-04  2.40120E-06
-1.60206E+00  2.72759E+01  2.22300E-01  5.19430E-03  5.32517E-03  5.19648E-03  5.32733E-03  1.93205E-03  2.84400E-06
-1.60206E+00  2.72759E+01  2.81177E-01  7.38856E-03  7.57373E-03  7.39089E-03  7.57604E-03  4.44679E-03  3.27450E-06
-1.60206E+00  2.72759E+01  3.55648E-01  1.05082E-02  1.07698E-02  1.05106E-02  1.07722E-02  8.96323E-03  3.76744E-06
-1.60206E+00  2.72759E+01  4.49843E-01  1.49426E-02  1.53116E-02  1.49450E-02  1.53140E-02  1.62963E-02  4.33246E-06
-1.60206E+00  2.72759E+01  5.68987E-01  2.12442E-02  2.17636E-02  2.12466E-02  2.17659E-02  2.72745E-02  4.98028E-06
-1.60206E+00  2.72759E+01  7.19686E-01  3.01968E-02  3.09257E-02  3.01989E-02  3.09278E-02  4.25423E-02  5.72323E-06
-1.60206E+00  2.72759E+01  9.10298E-01  4.29101E-02  4.39297E-02  4.29117E-02  4.39313E-02  6.21750E-02  6.57543E-06
-1.60206E+00  2.72759E+01  1.15140E+00  6.09547E-02  6.23748E-02  6.09556E-02  6.23755E-02  8.51113E-02  7.55311E-06
-1.60206E+00  2.72759E+01  1.45635E+00  8.65500E-02  8.85168E-02  8.65496E-02  8.85162E-02  1.08684E-01  8.67486E-06
-1.60206E+00  2.72759E+01  1.84207E+00  1.22822E-01  1.25527E-01  1.22820E-01  1.25525E-01  1.28847E-01  9.96204E-06
-1.60206E+00  2.72759E+01  2.32995E+00  1.74166E-01  1.77849E-01  1.74161E-01  1.77845E-01  1.41517E-01  1.14391E-05
-1.60206E+00  2.72759E+01  2.94705E+00  2.46725E-01  2.51680E-01  2.46718E-01  2.51672E-01  1.44414E-01  1.31343E-05
-1.60206E+00  2.72759E+01  3.72759E+00  3.49042E-01  3.55593E-01  3.49031E-01  3.55582E-01  1.37987E-01  1.50798E-05
-1.60206E+00  2.72759E+01  4.71487E+00  4.92869E-01  5.01327E-01  4.92854E-01  5.01311E-01  1.24770E-01  1.73127E-05
-1.60206E+00  2.72759E+01  5.96362E+00  6.94122E-01  7.04665E-01  6.94103E-01  7.04646E-01  1.07960E-01  1.98755E-05
-1.60206E+00  2.72759E+01  7.54312E+00  9.73683E-01  9.86135E-01  9.73660E-01  9.86111E-01  9.02804E-02  2.28171E-05
-1.60206E+00  2.72759E+01  9.54095E+00  1.35777E+00  1.37118E+00  1.35774E+00  1.37116E+00  7.35519E-02  2.61934E-05
-1.60206E+00  2.72759E+01  1.20679E+01  1.88216E+00  1.89420E+00  1.88213E+00  1.89417E+00  5.87392E-02  3.00687E-05
-1.60206E+00  2.72759E+01  1.52642E+01  2.47622E+00  2.48392E+00  2.47619E+00  2.48390E+00  4.61923E-02  3.45169E-05
-1.60206E+00  2.72759E+01  1.93070E+01  2.84856E+00  2.87284E+00  2.84854E+00  2.87282E+00  3.58890E-02  3.96228E-05
-1.60206E+00  2.72759E+01  2.44205E+01  3.20932E+00  3.21404E+00  3.20931E+00  3.21403E+00  2.76159E-02  4.54835E-05
-1.60206E+00  2.72759E+01  3.08884E+01  3.49478E+00  3.49629E+00  3.49479E+00  3.49629E+00  2.10834E-02  5.22107E-05
-1.60206E+00  2.72759E+01  3.90694E+01  3.79709E+00  3.80050E+00  3.79711E+00  3.80052E+00  1.59914E-02  5.99325E-05
-1.60206E+00  2.72759E+01  4.94171E+01  4.05987E+00  4.05228E+00  4.05990E+00  4.05231E+00  1.20625E-02  6.87962E-05
-1.60206E+00  2.72759E+01  6.25055E+01  4.32929E+00  4.32862E+00  4.32934E+00  4.32867E+00  9.05604E-03  7.89704E-05
-1.60206E+00  2.72759E+01  7.90604E+01  4.61722E+00  4.62440E+00  4.61729E+00  4.62446E+00  6.77106E-03  9.06490E-05
-1.60206E+00  2.72759E+01  1.00000E+02  4.84927E+00  4.85047E+00  4.84935E+00  4.85055E+00  5.04442E-03  1.04055E-04
# T =  0  2.50000E-02
# D = 25  4.17532E+27
-1.60206E+00  2.76207E+01  1.00000E-03  6.51616E-07  6.65205E-07  6.51774E-07  6.65362E-07  0.00000E+00  2.14124E-10
-1.60206E+00  2.76207E+01  1.26486E-03  9.53602E-07  9.73379E-07  9.53837E-07  9.73612E-07  0.00000E+00  3.14788E-10
-1.60206E+00  2.76207E+01  1.59986E-03  1.38939E-06  1.41805E-06  1.38974E-06  1.41840E-06  0.00000E+00  4.63037E-10
-1.60206E+00  2.76207E+01  2.02359E-03  2.01657E-06  2.05797E-06  2.01709E-06  2.05848E-06  0.00000E+00  6.80028E-10
-1.60206E+00  2.76207E+01  2.55955E-03  2.91728E-06  2.97689E-06  2.91804E-06  2.97765E-06  0.00000E+00  9.95461E-10
-1.60206E+00  2.76207E+01  3.23746E-03  4.20854E-06  4.29419E-06  4.20966E-06  4.29530E-06  0.00000E+00  1.45085E-09
-1.60206E+00  2.76207E+01  4.09492E-03  6.05520E-06  6.17800E-06  6.05682E-06  6.17961E-06  0.00000E+00  2.10269E-09
-1.60206E+00  2.76207E+01  5.17947E-03  8.69239E-06  8.86817E-06  8.69474E-06  8.87050E-06  0.00000E+00  3.02686E-09
-1.60206E+00  2.76207E+01  6.55129E-03  1.24567E-05  1.27080E-05  1.24601E-05  1.27113E-05  0.00000E+00  4.32427E-09
-1.60206E+00  2.76207E+01  8.28643E-03  1.78280E-05  1.81868E-05  1.78327E-05  1.81915E-05  0.00000E+00  6.13974E-09
-1.60206E+00  2.76207E+01  1.04811E-02  2.54906E-05  2.60027E-05  2.54974E-05  2.60094E-05  0.00000E+00  8.72232E-09
-1.60206E+00  2.76207E+01  1.32571E-02  3.64209E-05  3.71512E-05  3.64306E-05  3.71609E-05  0.00000E+00  1.25218E-08
-1.60206E+00  2.76207E+01  1.67683E-02  5.19816E-05  5.30224E-05  5.19959E-05  5.30367E-05  0.00000E+00  1.83485E-08
-1.60206E+00  2.76207E+01  2.12095E-02  7.41138E-05  7.55961E-05  7.41357E-05  7.56179E-05  0.00000E+00  2.75851E-08
-1.60206E+00  2.76207E+01  2.68270E-02  1.05614E-04  1.07724E-04  1.05649E-04  1.07759E-04  0.00000E+00  4.25017E-08
-1.60206E+00  2.76207E+01  3.39322E-02  1.50464E-04  1.53467E-04  1.50518E-04  1.53521E-04  1.82091E-16  6.55909E-08
-1.60206E+00  2.76207E+01  4.29193E-02  2.14286E-04  2.18559E-04  2.14368E-04  2.18641E-04  1.72045E-13  9.86854E-08
-1.60206E+00  2.76207E+01  5.42868E-02  3.05169E-04  3.11247E-04  3.05288E-04  3.11366E-04  4.01279E-11  1.42466E-07
-1.60206E+00  2.76207E+01  6.86649E-02  4.34452E-04  4.43095E-04  4.34616E-04  4.43258E-04  3.06246E-09  1.96611E-07
-1.60206E+00  2.76207E+01  8.68511E-02  6.18327E-04  6.30612E-04  6.18546E-04  6.30830E-04  9.66195E-08  2.65331E-07
-1.60206E+00  2.76207E+01  1.09854E-01  8.79924E-04  8.97381E-04  8.80215E-04  8.97671E-04  1.51606E-06  3.57876E-07
-1.60206E+00  2.76207E+01  1.38950E-01  1.25221E-03  1.27701E-03  1.25261E-03  1.27740E-03  1.36942E-05  4.91590E-07
-1.60206E+00  2.76207E+01  1.75751E-01  1.78156E-03  1.81677E-03  1.78216E-03  1.81737E-03  7.99769E-05  7.32476E-07
-1.60206E+00  2.76207E+01  2.22300E-01  2.53462E-03  2.58458E-03  2.53561E-03  2.58557E-03  3.31420E-04  1.18143E-06
-1.60206E+00  2.76207E+01  2.81177E-01  3.60553E-03  3.67637E-03  3.60721E-03  3.67804E-03  1.05046E-03  1.94076E-06
-1.60206E+00  2.76207E+01  3.55648E-01  5.12858E-03  5.22894E-03  5.13140E-03  5.23175E-03  2.70529E-03  3.19288E-06
-1.60206E+00  2.76207E+01  4.49843E-01  7.29399E-03  7.43604E-03  7.29872E-03  7.44076E-03  5.93683E-03  5.25893E-06
-1.60206E+00  2.76207E+01  5.68987E-01  1.03729E-02  1.05737E-02  1.03808E-02  1.05816E-02  1.15098E-02  8.66990E-06
-1.60206E+00  2.76207E+01  7.19686E-01  1.47495E-02  1.50329E-02  1.47627E-02  1.50461E-02  2.02283E-02  1.43038E-05
-1.60206E+00  2.76207E+01  9.10298E-01  2.09693E-02  2.13684E-02  2.09914E-02  2.13905E-02  3.27727E-02  2.36127E-05
-1.60206E+00  2.76207E+01  1.15140E+00  2.98061E-02  3.03669E-02  2.98431E-02  3.04038E-02  4.93875E-02  3.89981E-05
-1.60206E+00  2.76207E+01  1.45635E+00  4.23566E-02  4.31419E-02  4.24183E-02  4.32035E-02  6.94004E-02  6.44321E-05
-1.60206E+00  2.76207E+01  1.84207E+00  6.01731E-02  6.12684E-02  6.02758E-02  6.13710E-02  9.07580E-02  1.06485E-04
-1.60206E+00  2.76207E+01  2.32995E+00  8.54502E-02  8.69698E-02  8.56210E-02  8.71406E-02  1.10061E-01  1.76026E-04
-1.60206E+00  2.76207E+01  2.94705E+00  1.21282E-01  1.23377E-01  1.21567E-01  1.23661E-01  1.23548E-01  2.91036E-04
-1.60206E+00  2.76207E+01  3.72759E+00  1.72024E-01  1.74885E-01  1.72496E-01  1.75357E-01  1.28705E-01  4.81259E-04
-1.60206E+00  2.76207E+01  4.71487E+00  2.43771E-01  2.47633E-01  2.44555E-01  2.48417E-01  1.25325E-01  7.95907E-04
-1.60206E+00  2.76207E+01  5.96362E+00  3.45016E-01  3.50147E-01  3.46317E-01  3.51448E-01  1.15238E-01  1.31639E-03
-1.60206E+00  2.76207E+01  7.54312E+00  4.87473E-01  4.94136E-01  4.89632E-01  4.96295E-01  1.01167E-01  2.17741E-03
-1.60206E+00  2.76207E+01  9.54095E+00  6.87068E-01  6.95440E-01  6.90647E-01  6.99018E-01  8.56473E-02  3.60180E-03
-1.60206E+00  2.76207E+01  1.20679E+01  9.64861E-01  9.74857E-01  9.70792E-01  9.80789E-01  7.05033E-02  5.95825E-03
-1.60206E+00  2.76207E+01  1.52642E+01  1.34706E+00  1.35801E+00  1.35689E+00  1.36784E+00  5.67959E-02  9.85676E-03
-1.60206E+00  2.76207E+01  1.93070E+01  1.86609E+00  1.87618E+00  1.88236E+00  1.89246E+00  4.49919E-02  1.63065E-02
-1.60206E+00  2.76207E+01  2.44205E+01  2.46650E+00  2.47411E+00  2.49344E+00  2.50105E+00  3.51732E-02  2.69773E-02
-1.60206E+00  2.76207E+01  3.08884E+01  2.90798E+00  2.91431E+00  2.95258E+00  2.95891E+00  2.72081E-02  4.46317E-02
-1.60206E+00  2.76207E+01  3.90694E+01  3.26557E+00  3.26119E+00  3.33938E+00  3.33499E+00  2.08663E-02  7.38405E-02
-1.60206E+00  2.76207E+01  4.94171E+01  3.56896E+00  3.57310E+00  3.69110E+00  3.69524E+00  1.58888E-02  1.22166E-01
-1.60206E+00  2.76207E+01  6.25055E+01  3.85165E+00  3.86229E+00  4.05374E+00  4.06438E+00  1.20261E-02  2.02121E-01
-1.60206E+00  2.76207E+01  7.90604E+01  4.13594E+00  4.13283E+00  4.47032E+00  4.46721E+00  9.05587E-03  3.34405E-01
-1.60206E+00  2.76207E+01  1.00000E+02  4.39953E+00  4.40286E+00  4.95278E+00  4.95612E+00  6.78894E-03  5.53272E-01
# T =  0  2.50000E-02
# D = 26  9.23671E+27
-1.60206E+00  2.79655E+01  1.00000E-03  3.30917E-07  3.36211E-07  3.30969E-07  3.36264E-07  0.00000E+00  6.86025E-11
-1.60206E+00  2.79655E+01  1.26486E-03  4.80930E-07  4.88587E-07  4.81003E-07  4.88659E-07  0.00000E+00  9.53274E-11
-1.60206E+00  2.79655E+01  1.59986E-03  6.96534E-07  7.07573E-07  6.96634E-07  7.07673E-07  0.00000E+00  1.32545E-10
-1.60206E+00  2.79655E+01  2.02359E-03  1.00580E-06  1.02167E-06  1.00594E-06  1.02181E-06  0.00000E+00  1.84925E-10
-1.60206E+00  2.79655E+01  2.55955E-03  1.44871E-06  1.47149E-06  1.44891E-06  1.47169E-06  0.00000E+00  2.59613E-10
-1.60206E+00  2.79655E+01  3.23746E-03  2.08225E-06  2.11489E-06  2.08252E-06  2.11516E-06  0.00000E+00  3.67787E-10
-1.60206E+00  2.79655E+01  4.09492E-03  2.98758E-06  3.03428E-06  2.98797E-06  3.03467E-06  0.00000E+00  5.27288E-10
-1.60206E+00  2.79655E+01  5.17947E-03  4.27991E-06  4.34665E-06  4.28049E-06  4.34722E-06  0.00000E+00  7.67254E-10
-1.60206E+00  2.79655E+01  6.55129E-03  6.11932E-06  6.21456E-06  6.12018E-06  6.21542E-06  0.00000E+00  1.13664E-09
-1.60206E+00  2.79655E+01  8.28643E-03  8.73647E-06  8.87227E-06  8.73780E-06  8.87359E-06  0.00000E+00  1.71718E-09
-1.60206E+00  2.79655E+01  1.04811E-02  1.24611E-05  1.26546E-05  1.24632E-05  1.26567E-05  0.00000E+00  2.63169E-09
-1.60206E+00  2.79655E+01  1.32571E-02  1.77631E-05  1.80387E-05  1.77664E-05  1.80420E-05  0.00000E+00  4.05879E-09
-1.60206E+00  2.79655E+01  1.67683E-02  2.53123E-05  2.57048E-05  2.53175E-05  2.57100E-05  0.00000E+00  6.27968E-09
-1.60206E+00  2.79655E+01  2.12095E-02  3.60638E-05  3.66225E-05  3.60719E-05  3.66307E-05  0.00000E+00  9.71508E-09
-1.60206E+00  2.79655E+01  2.68270E-02  5.13674E-05  5.21627E-05  5.13801E-05  5.21754E-05  0.00000E+00  1.50207E-08
-1.60206E+00  2.79655E+01  3.39322E-02  7.31423E-05  7.42741E-05  7.31619E-05  7.42936E-05  0.00000E+00  2.27929E-08
-1.60206E+00  2.79655E+01  4.29193E-02  1.04143E-04  1.05753E-04  1.04172E-04  1.05782E-04  0.00000E+00  3.35599E-08
-1.60206E+00  2.79655E+01  5.42868E-02  1.48291E-04  1.50583E-04  1.48333E-04  1.50624E-04  1.91796E-15  4.75659E-08
-1.60206E+00  2.79655E+01  6.86649E-02  2.11054E-04  2.14313E-04  2.11110E-04  2.14369E-04  1.14349E-12  6.47360E-08
-1.60206E+00  2.79655E+01  8.68511E-02  3.00311E-04  3.04945E-04  3.00384E-04  3.05017E-04  1.83263E-10  8.57551E-08
-1.60206E+00  2.79655E+01  1.09854E-01  4.27305E-04  4.33893E-04  4.27401E-04  4.33988E-04  1.03950E-08  1.14553E-07
-1.60206E+00  2.79655E+01  1.38950E-01  6.07999E-04  6.17362E-04  6.08136E-04  6.17499E-04  2.59347E-07  1.63245E-07
-1.60206E+00  2.79655E+01  1.75751E-01  8.65092E-04  8.78397E-04  8.65314E-04  8.78618E-04  3.37966E-06  2.58982E-07
-1.60206E+00  2.79655E+01  2.22300E-01  1.23065E-03  1.24955E-03  1.23104E-03  1.24994E-03  2.63553E-05  4.44643E-07
-1.60206E+00  2.79655E+01  2.81177E-01  1.75065E-03  1.77749E-03  1.75136E-03  1.77819E-03  1.37040E-04  7.77445E-07
-1.60206E+00  2.79655E+01  3.55648E-01  2.49033E-03  2.52840E-03  2.49158E-03  2.52966E-03  5.18226E-04  1.36252E-06
-1.60206E+00  2.79655E+01  4.49843E-01  3.54211E-03  3.59612E-03  3.54435E-03  3.59836E-03  1.52861E-03  2.39232E-06
-1.60206E+00  2.79655E+01  5.68987E-01  5.03806E-03  5.11459E-03  5.04205E-03  5.11858E-03  3.71952E-03  4.20673E-06
-1.60206E+00  2.79655E+01  7.19686E-01  7.16499E-03  7.27335E-03  7.17210E-03  7.28046E-03  7.79719E-03  7.40606E-06
-1.60206E+00  2.79655E+01  9.10298E-01  1.01890E-02  1.03422E-02  1.02017E-02  1.03549E-02  1.45400E-02  1.30510E-05
-1.60206E+00  2.79655E+01  1.15140E+00  1.44879E-02  1.47043E-02  1.45103E-02  1.47267E-02  2.46538E-02  2.30160E-05
-1.60206E+00  2.79655E+01  1.45635E+00  2.05977E-02  2.09027E-02  2.06375E-02  2.09425E-02  3.85123E-02  4.06141E-05
-1.60206E+00  2.79655E+01  1.84207E+00  2.92793E-02  2.97082E-02  2.93499E-02  2.97787E-02  5.57492E-02  7.17021E-05
-1.60206E+00  2.79655E+01  2.32995E+00  4.16110E-02  4.22122E-02  4.17360E-02  4.23372E-02  7.48209E-02  1.26635E-04
-1.60206E+00  2.79655E+01  2.94705E+00  5.91200E-02  5.99597E-02  5.93416E-02  6.01813E-02  9.29205E-02  2.23720E-04
-1.60206E+00  2.79655E+01  3.72759E+00  8.39668E-02  8.51338E-02  8.43592E-02  8.55262E-02  1.06676E-01  3.95330E-04
-1.60206E+00  2.79655E+01  4.71487E+00  1.19199E-01  1.20811E-01  1.19894E-01  1.21506E-01  1.13504E-01  6.98710E-04
-1.60206E+00  2.79655E+01  5.96362E+00  1.69111E-01  1.71319E-01  1.70341E-01  1.72549E-01  1.12703E-01  1.23509E-03
-1.60206E+00  2.79655E+01  7.54312E+00  2.39724E-01  2.42715E-01  2.41901E-01  2.44892E-01  1.05470E-01  2.18350E-03
-1.60206E+00  2.79655E+01  9.54095E+00  3.39439E-01  3.43431E-01  3.43291E-01  3.47283E-01  9.40316E-02  3.86055E-03
-1.60206E+00  2.79655E+01  1.20679E+01  4.79882E-01  4.85098E-01  4.86698E-01  4.91913E-01  8.06712E-02  6.82615E-03
-1.60206E+00  2.79655E+01  1.52642E+01  6.76923E-01  6.83529E-01  6.88981E-01  6.95587E-01  6.71618E-02  1.20706E-02
-1.60206E+00  2.79655E+01  1.93070E+01  9.51707E-01  9.59685E-01  9.73037E-01  9.81014E-01  5.46233E-02  2.13453E-02
-1.60206E+00  2.79655E+01  2.44205E+01  1.33080E+00  1.33969E+00  1.36853E+00  1.37742E+00  4.36211E-02  3.77477E-02
-1.60206E+00  2.79655E+01  3.08884E+01  1.84536E+00  1.85381E+00  1.91209E+00  1.92055E+00  3.43352E-02  6.67563E-02
-1.60206E+00  2.79655E+01  3.90694E+01  2.49221E+00  2.49408E+00  2.61025E+00  2.61212E+00  2.67147E-02  1.18060E-01
-1.60206E+00  2.79655E+01  4.94171E+01  2.94248E+00  2.94701E+00  3.15126E+00  3.15578E+00  2.05901E-02  2.08796E-01
-1.60206E+00  2.79655E+01  6.25055E+01  3.30229E+00  3.30206E+00  3.67155E+00  3.67132E+00  1.57460E-02  3.69274E-01
-1.60206E+00  2.79655E+01  7.90604E+01  3.60922E+00  3.61047E+00  4.26231E+00  4.26355E+00  1.19626E-02  6.53099E-01
-1.60206E+00  2.79655E+01  1.00000E+02  3.90825E+00  3.91120E+00  5.06332E+00  5.06627E+00  9.03751E-03  1.15508E+00
# T =  0  2.50000E-02
# D = 27  2.04336E+28
-1.60206E+00  2.83103E+01  1.00000E-03  1.64096E-07  1.66120E-07  1.64105E-07  1.66129E-07  0.00000E+00  1.30157E-11
-1.60206E+00  2.83103E+01  1.26486E-03  2.37271E-07  2.40185E-07  2.37283E-07  2.40198E-07  0.00000E+00  1.87694E-11
-1.60206E+00  2.83103E+01  1.59986E-03  3.42141E-07  3.46328E-07  3.42160E-07  3.46346E-07  0.00000E+00  2.71413E-11
-1.60206E+00  2.83103E+01  2.02359E-03  4.92219E-07  4.98222E-07  4.92246E-07  4.98249E-07  0.00000E+00  3.93585E-11
-1.60206E+00  2.83103E+01  2.55955E-03  7.06748E-07  7.15341E-07  7.06787E-07  7.15380E-07  0.00000E+00  5.72751E-11
-1.60206E+00  2.83103E+01  3.23746E-03  1.01313E-06  1.02541E-06  1.01319E-06  1.02547E-06  0.00000E+00  8.38399E-11
-1.60206E+00  2.83103E+01  4.09492E-03  1.45039E-06  1.46794E-06  1.45047E-06  1.46802E-06  0.00000E+00  1.23888E-10
-1.60206E+00  2.83103E+01  5.17947E-03  2.07410E-06  2.09915E-06  2.07423E-06  2.09928E-06  0.00000E+00  1.85452E-10
-1.60206E+00  2.83103E+01  6.55129E-03  2.96335E-06  2.99908E-06  2.96356E-06  2.99929E-06  0.00000E+00  2.82240E-10
-1.60206E+00  2.83103E+01  8.28643E-03  4.22941E-06  4.28035E-06  4.22975E-06  4.28068E-06  0.00000E+00  4.36281E-10
-1.60206E+00  2.83103E+01  1.04811E-02  6.03141E-06  6.10397E-06  6.03194E-06  6.10450E-06  0.00000E+00  6.75719E-10
-1.60206E+00  2.83103E+01  1.32571E-02  8.59656E-06  8.69989E-06  8.59738E-06  8.70071E-06  0.00000E+00  1.03656E-09
-1.60206E+00  2.83103E+01  1.67683E-02  1.22485E-05  1.23957E-05  1.22498E-05  1.23969E-05  0.00000E+00  1.56067E-09
-1.60206E+00  2.83103E+01  2.12095E-02  1.74486E-05  1.76580E-05  1.74505E-05  1.76599E-05  0.00000E+00  2.31182E-09
-1.60206E+00  2.83103E+01  2.68270E-02  2.48542E-05  2.51523E-05  2.48569E-05  2.51551E-05  0.00000E+00  3.36530E-09
-1.60206E+00  2.83103E+01  3.39322E-02  3.54024E-05  3.58268E-05  3.54064E-05  3.58308E-05  0.00000E+00  4.86937E-09
-1.60206E+00  2.83103E+01  4.29193E-02  5.04004E-05  5.10043E-05  5.04063E-05  5.10102E-05  0.00000E+00  7.16829E-09
-1.60206E+00  2.83103E+01  5.42868E-02  7.17149E-05  7.25739E-05  7.17241E-05  7.25830E-05  0.00000E+00  1.09305E-08
-1.60206E+00  2.83103E+01  6.86649E-02  1.02029E-04  1.03250E-04  1.02043E-04  1.03265E-04  1.29079E-17  1.72803E-08
-1.60206E+00  2.83103E+01  8.68511E-02  1.45167E-04  1.46905E-04  1.45191E-04  1.46928E-04  1.74698E-14  2.68526E-08
-1.60206E+00  2.83103E+01  1.09854E-01  2.06530E-04  2.09001E-04  2.06565E-04  2.09035E-04  6.70002E-12  3.95565E-08
-1.60206E+00  2.83103E+01  1.38950E-01  2.93855E-04  2.97368E-04  2.93902E-04  2.97415E-04  7.57512E-10  5.45811E-08
-1.60206E+00  2.83103E+01  1.75751E-01  4.18144E-04  4.23138E-04  4.18201E-04  4.23195E-04  3.26055E-08  6.78581E-08
-1.60206E+00  2.83103E+01  2.22300E-01  5.94818E-04  6.01915E-04  5.94878E-04  6.01975E-04  6.53918E-07  7.48768E-08
-1.60206E+00  2.83103E+01  2.81177E-01  8.46142E-04  8.56227E-04  8.46200E-04  8.56285E-04  7.16886E-06  7.90707E-08
-1.60206E+00  2.83103E+01  3.55648E-01  1.20371E-03  1.21803E-03  1.20376E-03  1.21809E-03  4.87541E-05  8.34579E-08
-1.60206E+00  2.83103E+01  4.49843E-01  1.71229E-03  1.73264E-03  1.71234E-03  1.73268E-03  2.27502E-04  8.80650E-08
-1.60206E+00  2.83103E+01  5.68987E-01  2.43552E-03  2.46440E-03  2.43556E-03  2.46443E-03  7.89869E-04  9.29070E-08
-1.60206E+00  2.83103E+01  7.19686E-01  3.46437E-03  3.50533E-03  3.46438E-03  3.50535E-03  2.17776E-03  9.79991E-08
-1.60206E+00  2.83103E+01  9.10298E-01  4.92717E-03  4.98523E-03  4.92716E-03  4.98522E-03  5.01992E-03  1.03357E-07
-1.60206E+00  2.83103E+01  1.15140E+00  7.00758E-03  7.08982E-03  7.00752E-03  7.08976E-03  1.00596E-02  1.08997E-07
-1.60206E+00  2.83103E+01  1.45635E+00  9.96520E-03  1.00815E-02  9.96508E-03  1.00814E-02  1.80203E-02  1.14935E-07
-1.60206E+00  2.83103E+01  1.84207E+00  1.41701E-02  1.43345E-02  1.41699E-02  1.43343E-02  2.93789E-02  1.21189E-07
-1.60206E+00  2.83103E+01  2.32995E+00  2.01468E-02  2.03786E-02  2.01465E-02  2.03783E-02  4.40154E-02  1.27777E-07
-1.60206E+00  2.83103E+01  2.94705E+00  2.86399E-02  2.89662E-02  2.86394E-02  2.89657E-02  6.08094E-02  1.34719E-07
-1.60206E+00  2.83103E+01  3.72759E+00  4.07055E-02  4.11633E-02  4.07047E-02  4.11626E-02  7.74792E-02  1.42032E-07
-1.60206E+00  2.83103E+01  4.71487E+00  5.78395E-02  5.84797E-02  5.78384E-02  5.84787E-02  9.10599E-02  1.49739E-07
-1.60206E+00  2.83103E+01  5.96362E+00  8.21591E-02  8.30505E-02  8.21576E-02  8.30490E-02  9.90206E-02  1.57862E-07
-1.60206E+00  2.83103E+01  7.54312E+00  1.16654E-01  1.17888E-01  1.16652E-01  1.17886E-01  1.00318E-01  1.66422E-07
-1.60206E+00  2.83103E+01  9.54095E+00  1.65540E-01  1.67234E-01  1.65538E-01  1.67232E-01  9.56094E-02  1.75445E-07
-1.60206E+00  2.83103E+01  1.20679E+01  2.34737E-01  2.37040E-01  2.34733E-01  2.37036E-01  8.66387E-02  1.84955E-07
-1.60206E+00  2.83103E+01  1.52642E+01  3.32523E-01  3.35609E-01  3.32518E-01  3.35604E-01  7.53942E-02  1.94978E-07
-1.60206E+00  2.83103E+01  1.93070E+01  4.70381E-01  4.74437E-01  4.70375E-01  4.74431E-01  6.35430E-02  2.05544E-07
-1.60206E+00  2.83103E+01  2.44205E+01  6.64060E-01  6.69240E-01  6.64053E-01  6.69232E-01  5.22237E-02  2.16682E-07
-1.60206E+00  2.83103E+01  3.08884E+01  9.34685E-01  9.41011E-01  9.34676E-01  9.41002E-01  4.20770E-02  2.28422E-07
-1.60206E+00  2.83103E+01  3.90694E+01  1.30931E+00  1.31648E+00  1.30930E+00  1.31647E+00  3.33705E-02  2.40798E-07
-1.60206E+00  2.83103E+01  4.94171E+01  1.81881E+00  1.82585E+00  1.81880E+00  1.82584E+00  2.61312E-02  2.53843E-07
-1.60206E+00  2.83103E+01  6.25055E+01  2.49511E+00  2.49863E+00  2.49510E+00  2.49862E+00  2.02512E-02  2.67595E-07
-1.60206E+00  2.83103E+01  7.90604E+01  2.98030E+00  2.97840E+00  2.98029E+00  2.97838E+00  1.55601E-02  2.82091E-07
-1.60206E+00  2.83103E+01  1.00000E+02  3.36723E+00  3.35780E+00  3.36722E+00  3.35779E+00  1.18698E-02  2.97372E-07
# T =  0  2.50000E-02
# D = 28  4.52035E+28
-1.60206E+00  2.86552E+01  1.00000E-03  8.12923E-08  8.20618E-08  8.12957E-08  8.20652E-08  0.00000E+00  4.59248E-12
-1.60206E+00  2.86552E+01  1.26486E-03  1.17069E-07  1.18173E-07  1.17074E-07  1.18178E-07  0.00000E+00  6.79687E-12
-1.60206E+00  2.86552E+01  1.59986E-03  1.68235E-07  1.69817E-07  1.68242E-07  1.69824E-07  0.00000E+00  1.00619E-11
-1.60206E+00  2.86552E+01  2.02359E-03  2.41331E-07  2.43594E-07  2.41343E-07  2.43606E-07  0.00000E+00  1.48531E-11
-1.60206E+00  2.86552E+01  2.55955E-03  3.45674E-07  3.48907E-07  3.45690E-07  3.48924E-07  0.00000E+00  2.18111E-11
-1.60206E+00  2.86552E+01  3.23746E-03  4.94522E-07  4.99139E-07  4.94546E-07  4.99163E-07  0.00000E+00  3.18260E-11
-1.60206E+00  2.86552E+01  4.09492E-03  7.06755E-07  7.13342E-07  7.06791E-07  7.13378E-07  0.00000E+00  4.61209E-11
-1.60206E+00  2.86552E+01  5.17947E-03  1.00925E-06  1.01865E-06  1.00930E-06  1.01870E-06  0.00000E+00  6.63540E-11
-1.60206E+00  2.86552E+01  6.55129E-03  1.44028E-06  1.45367E-06  1.44036E-06  1.45375E-06  0.00000E+00  9.47682E-11
-1.60206E+00  2.86552E+01  8.28643E-03  2.05331E-06  2.07237E-06  2.05341E-06  2.07248E-06  0.00000E+00  1.34447E-10
-1.60206E+00  2.86552E+01  1.04811E-02  2.92417E-06  2.95131E-06  2.92431E-06  2.95146E-06  0.00000E+00  1.89980E-10
-1.60206E+00  2.86552E+01  1.32571E-02  4.16184E-06  4.20047E-06  4.16205E-06  4.20068E-06  0.00000E+00  2.68842E-10
-1.60206E+00  2.86552E+01  1.67683E-02  5.92147E-06  5.97643E-06  5.92177E-06  5.97672E-06  0.00000E+00  3.81380E-10
-1.60206E+00  2.86552E+01  2.12095E-02  8.42400E-06  8.50218E-06  8.42443E-06  8.50261E-06  0.00000E+00  5.44583E-10
-1.60206E+00  2.86552E+01  2.68270E-02  1.19841E-05  1.20954E-05  1.19847E-05  1.20960E-05  0.00000E+00  7.80672E-10
-1.60206E+00  2.86552E+01  3.39322E-02  1.70502E-05  1.72084E-05  1.70511E-05  1.72093E-05  0.00000E+00  1.14133E-09
-1.60206E+00  2.86552E+01  4.29193E-02  2.42611E-05  2.44862E-05  2.42625E-05  2.44876E-05  0.00000E+00  1.73162E-09
-1.60206E+00  2.86552E+01  5.42868E-02  3.45248E-05  3.48451E-05  3.45271E-05  3.48473E-05  0.00000E+00  2.75308E-09
-1.60206E+00  2.86552E+01  6.86649E-02  4.91221E-05  4.95776E-05  4.91260E-05  4.95815E-05  0.00000E+00  4.57580E-09
-1.60206E+00  2.86552E+01  8.68511E-02  6.98902E-05  7.05382E-05  6.98967E-05  7.05447E-05  0.00000E+00  7.50353E-09
-1.60206E+00  2.86552E+01  1.09854E-01  9.94524E-05  1.00374E-04  9.94626E-05  1.00384E-04  1.28709E-16  1.15751E-08
-1.60206E+00  2.86552E+01  1.38950E-01  1.41542E-04  1.42853E-04  1.41556E-04  1.42867E-04  1.37226E-13  1.63789E-08
-1.60206E+00  2.86552E+01  1.75751E-01  2.01364E-04  2.03229E-04  2.01382E-04  2.03247E-04  3.49141E-11  2.08129E-08
-1.60206E+00  2.86552E+01  2.22300E-01  2.86423E-04  2.89073E-04  2.86442E-04  2.89093E-04  2.85369E-09  2.36511E-08
-1.60206E+00  2.86552E+01  2.81177E-01  4.07438E-04  4.11206E-04  4.07459E-04  4.11226E-04  9.50243E-08  2.58109E-08
-1.60206E+00  2.86552E+01  3.55648E-01  5.79578E-04  5.84934E-04  5.79598E-04  5.84954E-04  1.55535E-06  2.81502E-08
-1.60206E+00  2.86552E+01  4.49843E-01  8.24571E-04  8.32182E-04  8.24590E-04  8.32201E-04  1.45162E-05  3.06898E-08
-1.60206E+00  2.86552E+01  5.68987E-01  1.17286E-03  1.18367E-03  1.17287E-03  1.18369E-03  8.68980E-05  3.34484E-08
-1.60206E+00  2.86552E+01  7.19686E-01  1.66825E-03  1.68361E-03  1.66827E-03  1.68362E-03  3.66514E-04  3.64465E-08
-1.60206E+00  2.86552E+01  9.10298E-01  2.37308E-03  2.39487E-03  2.37308E-03  2.39488E-03  1.17453E-03  3.97059E-08
-1.60206E+00  2.86552E+01  1.15140E+00  3.37521E-03  3.40614E-03  3.37521E-03  3.40614E-03  3.03743E-03  4.32506E-08
-1.60206E+00  2.86552E+01  1.45635E+00  4.80058E-03  4.84443E-03  4.80056E-03  4.84442E-03  6.64293E-03  4.71063E-08
-1.60206E+00  2.86552E+01  1.84207E+00  6.82732E-03  6.88944E-03  6.82728E-03  6.88940E-03  1.27185E-02  5.13010E-08
-1.60206E+00  2.86552E+01  2.32995E+00  9.70933E-03  9.79726E-03  9.70925E-03  9.79718E-03  2.18257E-02  5.58654E-08
-1.60206E+00  2.86552E+01  2.94705E+00  1.38063E-02  1.39305E-02  1.38061E-02  1.39304E-02  3.40491E-02  6.08324E-08
-1.60206E+00  2.86552E+01  3.72759E+00  1.96303E-02  1.98057E-02  1.96301E-02  1.98055E-02  4.86241E-02  6.62381E-08
-1.60206E+00  2.86552E+01  4.71487E+00  2.79072E-02  2.81542E-02  2.79069E-02  2.81539E-02  6.37298E-02  7.21216E-08
-1.60206E+00  2.86552E+01  5.96362E+00  3.96668E-02  4.00138E-02  3.96664E-02  4.00134E-02  7.67984E-02  7.85256E-08
-1.60206E+00  2.86552E+01  7.54312E+00  5.63690E-02  5.68548E-02  5.63684E-02  5.68542E-02  8.54263E-02  8.54963E-08
-1.60206E+00  2.86552E+01  9.54095E+00  8.00809E-02  8.07582E-02  8.00800E-02  8.07574E-02  8.83545E-02  9.30842E-08
-1.60206E+00  2.86552E+01  1.20679E+01  1.13724E-01  1.14663E-01  1.13723E-01  1.14662E-01  8.58098E-02  1.01344E-07
-1.60206E+00  2.86552E+01  1.52642E+01  1.61420E-01  1.62713E-01  1.61418E-01  1.62711E-01  7.90910E-02  1.10336E-07
-1.60206E+00  2.86552E+01  1.93070E+01  2.28965E-01  2.30727E-01  2.28963E-01  2.30725E-01  6.98731E-02  1.20124E-07
-1.60206E+00  2.86552E+01  2.44205E+01  3.24478E-01  3.26850E-01  3.24475E-01  3.26848E-01  5.96728E-02  1.30780E-07
-1.60206E+00  2.86552E+01  3.08884E+01  4.59256E-01  4.62392E-01  4.59253E-01  4.62388E-01  4.96054E-02  1.42381E-07
-1.60206E+00  2.86552E+01  3.90694E+01  6.48852E-01  6.52887E-01  6.48848E-01  6.52883E-01  4.03595E-02  1.55010E-07
-1.60206E+00  2.86552E+01  4.94171E+01  9.14277E-01  9.19262E-01  9.14272E-01  9.19257E-01  3.22758E-02  1.68758E-07
-1.60206E+00  2.86552E+01  6.25055E+01  1.28285E+00  1.28860E+00  1.28285E+00  1.28860E+00  2.54538E-02  1.83726E-07
-1.60206E+00  2.86552E+01  7.90604E+01  1.78619E+00  1.79202E+00  1.78619E+00  1.79201E+00  1.98461E-02  2.00020E-07
-1.60206E+00  2.86552E+01  1.00000E+02  2.48245E+00  2.48631E+00  2.48244E+00  2.48630E+00  1.53284E-02  2.17759E-07
# T =  0  2.50000E-02
# D = 29  1.00000E+29
-1.60206E+00  2.90000E+01  1.00000E-03  3.95625E-08  3.98512E-08  3.95636E-08  3.98523E-08  0.00000E+00  1.39288E-12
-1.60206E+00  2.90000E+01  1.26486E-03  5.68040E-08  5.72173E-08  5.68055E-08  5.72188E-08  0.00000E+00  1.93640E-12
-1.60206E+00  2.90000E+01  1.59986E-03  8.14252E-08  8.20162E-08  8.14272E-08  8.20182E-08  0.00000E+00  2.69054E-12
-1.60206E+00  2.90000E+01  2.02359E-03  1.16558E-07  1.17402E-07  1.16560E-07  1.17405E-07  0.00000E+00  3.74325E-12
-1.60206E+00  2.90000E+01  2.55955E-03  1.66659E-07  1.67864E-07  1.66663E-07  1.67868E-07  0.00000E+00  5.22312E-12
-1.60206E+00  2.90000E+01  3.23746E-03  2.38075E-07  2.39793E-07  2.38080E-07  2.39799E-07  0.00000E+00  7.31781E-12
-1.60206E+00  2.90000E+01  4.09492E-03  3.39835E-07  3.42285E-07  3.39843E-07  3.42293E-07  0.00000E+00  1.02965E-11
-1.60206E+00  2.90000E+01  5.17947E-03  4.84783E-07  4.88274E-07  4.84794E-07  4.88284E-07  0.00000E+00  1.45521E-11
-1.60206E+00  2.90000E+01  6.55129E-03  6.90983E-07  6.95955E-07  6.90998E-07  6.95970E-07  0.00000E+00  2.06578E-11
-1.60206E+00  2.90000E+01  8.28643E-03  9.84262E-07  9.91340E-07  9.84284E-07  9.91362E-07  0.00000E+00  2.95107E-11
-1.60206E+00  2.90000E+01  1.04811E-02  1.40145E-06  1.41152E-06  1.40148E-06  1.41156E-06  0.00000E+00  4.27141E-11
-1.60206E+00  2.90000E+01  1.32571E-02  1.99497E-06  2.00930E-06  1.99501E-06  2.00935E-06  0.00000E+00  6.30704E-11
-1.60206E+00  2.90000E+01  1.67683E-02  2.83945E-06  2.85985E-06  2.83952E-06  2.85993E-06  0.00000E+00  9.58836E-11
-1.60206E+00  2.90000E+01  2.12095E-02  4.04117E-06  4.07020E-06  4.04128E-06  4.07032E-06  0.00000E+00  1.50268E-10
-1.60206E+00  2.90000E+01  2.68270E-02  5.75143E-06  5.79274E-06  5.75163E-06  5.79294E-06  0.00000E+00  2.43514E-10
-1.60206E+00  2.90000E+01  3.39322E-02  8.18576E-06  8.24454E-06  8.18609E-06  8.24487E-06  0.00000E+00  3.94004E-10
-1.60206E+00  2.90000E+01  4.29193E-02  1.16511E-05  1.17348E-05  1.16517E-05  1.17353E-05  0.00000E+00  6.19889E-10
-1.60206E+00  2.90000E+01  5.42868E-02  1.65849E-05  1.67039E-05  1.65857E-05  1.67047E-05  0.00000E+00  9.37745E-10
-1.60206E+00  2.90000E+01  6.86649E-02  2.36091E-05  2.37785E-05  2.36103E-05  2.37797E-05  0.00000E+00  1.36596E-09
-1.60206E+00  2.90000E+01  8.68511E-02  3.35902E-05  3.38310E-05  3.35919E-05  3.38327E-05  0.00000E+00  1.96589E-09
-1.60206E+00  2.90000E+01  1.09854E-01  4.77724E-05  4.81150E-05  4.77750E-05  4.81175E-05  0.00000E+00  2.90257E-09
-1.60206E+00  2.90000E+01  1.38950E-01  6.79373E-05  6.84244E-05  6.79414E-05  6.84285E-05  0.00000E+00  4.56415E-09
-1.60206E+00  2.90000E+01  1.75751E-01  9.66248E-05  9.73175E-05  9.66320E-05  9.73247E-05  1.41957E-15  7.97081E-09
-1.60206E+00  2.90000E+01  2.22300E-01  1.37444E-04  1.38429E-04  1.37458E-04  1.38443E-04  9.38992E-13  1.50327E-08
-1.60206E+00  2.90000E+01  2.81177E-01  1.95499E-04  1.96899E-04  1.95526E-04  1.96927E-04  1.63139E-10  2.88739E-08
-1.60206E+00  2.90000E+01  3.55648E-01  2.78118E-04  2.80110E-04  2.78172E-04  2.80163E-04  9.86086E-09  5.56733E-08
-1.60206E+00  2.90000E+01  4.49843E-01  3.95696E-04  3.98528E-04  3.95801E-04  3.98632E-04  2.58600E-07  1.07681E-07
-1.60206E+00  2.90000E+01  5.68987E-01  5.62815E-04  5.66840E-04  5.63020E-04  5.67044E-04  3.50321E-06  2.08794E-07
-1.60206E+00  2.90000E+01  7.19686E-01  8.00536E-04  8.06255E-04  8.00935E-04  8.06654E-04  2.81403E-05  4.05672E-07
-1.60206E+00  2.90000E+01  9.10298E-01  1.13868E-03  1.14681E-03  1.13946E-03  1.14759E-03  1.49536E-04  7.89469E-07
-1.60206E+00  2.90000E+01  1.15140E+00  1.61980E-03  1.63134E-03  1.62133E-03  1.63287E-03  5.73703E-04  1.53836E-06
-1.60206E+00  2.90000E+01  1.45635E+00  2.30385E-03  2.32023E-03  2.30683E-03  2.32322E-03  1.70442E-03  3.00074E-06
-1.60206E+00  2.90000E+01  1.84207E+00  3.27683E-03  3.30009E-03  3.28266E-03  3.30592E-03  4.14429E-03  5.85808E-06
-1.60206E+00  2.90000E+01  2.32995E+00  4.66059E-03  4.69357E-03  4.67200E-03  4.70498E-03  8.60139E-03  1.14437E-05
-1.60206E+00  2.90000E+01  2.94705E+00  6.62833E-03  6.67507E-03  6.65065E-03  6.69738E-03  1.57015E-02  2.23668E-05
-1.60206E+00  2.90000E+01  3.72759E+00  9.42650E-03  9.49267E-03  9.47016E-03  9.53633E-03  2.57031E-02  4.37340E-05
-1.60206E+00  2.90000E+01  4.71487E+00  1.34050E-02  1.34985E-02  1.34904E-02  1.35840E-02  3.81479E-02  8.55414E-05
-1.60206E+00  2.90000E+01  5.96362E+00  1.90602E-02  1.91924E-02  1.92275E-02  1.93596E-02  5.16214E-02  1.67358E-04
-1.60206E+00  2.90000E+01  7.54312E+00  2.70985E-02  2.72847E-02  2.74258E-02  2.76120E-02  6.39314E-02  3.27495E-04
-1.60206E+00  2.90000E+01  9.54095E+00  3.85206E-02  3.87824E-02  3.91613E-02  3.94231E-02  7.28428E-02  6.40964E-04
-1.60206E+00  2.90000E+01  1.20679E+01  5.47458E-02  5.51128E-02  5.60001E-02  5.63670E-02  7.69759E-02  1.25464E-03
-1.60206E+00  2.90000E+01  1.52642E+01  7.77849E-02  7.82972E-02  8.02405E-02  8.07528E-02  7.62250E-02  2.45611E-03
-1.60206E+00  2.90000E+01  1.93070E+01  1.10481E-01  1.11193E-01  1.15289E-01  1.16001E-01  7.15041E-02  4.80852E-03
-1.60206E+00  2.90000E+01  2.44205E+01  1.56850E-01  1.57832E-01  1.66264E-01  1.67246E-01  6.41796E-02  9.41461E-03
-1.60206E+00  2.90000E+01  3.08884E+01  2.22546E-01  2.23889E-01  2.40979E-01  2.42321E-01  5.55881E-02  1.84338E-02
-1.60206E+00  2.90000E+01  3.90694E+01  3.15501E-01  3.17315E-01  3.51594E-01  3.53408E-01  4.67838E-02  3.60949E-02
-1.60206E+00  2.90000E+01  4.94171E+01  4.46779E-01  4.49189E-01  5.17456E-01  5.19866E-01  3.84724E-02  7.06790E-02
-1.60206E+00  2.90000E+01  6.25055E+01  6.31671E-01  6.34796E-01  7.70072E-01  7.73196E-01  3.10499E-02  1.38403E-01
-1.60206E+00  2.90000E+01  7.90604E+01  8.90975E-01  8.94878E-01  1.16200E+00  1.16590E+00  2.46796E-02  2.71024E-01
-1.60206E+00  2.90000E+01  1.00000E+02  1.25207E+00  1.25665E+00  1.78280E+00  1.78739E+00  1.93717E-02  5.30736E-01
