# nt =  1
# nd = 30
# ne = 50
# T =  0  2.50000E-02
# D =  0  1.00000E+19
-1.60206E+00  1.90000E+01  1.00000E-03  1.72348E-11  1.72600E-11  2.78300E-01  2.78300E-01  8.85931E-02  2.78300E-01
-1.60206E+00  1.90000E+01  1.26486E-03  1.47332E-07  1.47661E-07  2.72864E-01  2.72864E-01  1.08949E-01  2.72864E-01
-1.60206E+00  1.90000E+01  1.59986E-03  1.47532E-04  1.48099E-04  2.68885E-01  2.68885E-01  1.32253E-01  2.68841E-01
-1.60206E+00  1.90000E+01  2.02359E-03  1.70493E-02  1.71862E-02  2.72092E-01  2.72147E-01  1.58199E-01  2.65462E-01
-1.60206E+00  1.90000E+01  2.55955E-03  2.32911E-01  2.34684E-01  3.74547E-01  3.75470E-01  1.85874E-01  2.59285E-01
-1.60206E+00  1.90000E+01  3.23746E-03  6.96946E-01  6.98561E-01  6.65595E-01  6.66682E-01  2.13418E-01  2.48739E-01
-1.60206E+00  1.90000E+01  4.09492E-03  9.75952E-01  9.76801E-01  8.95582E-01  8.96245E-01  2.37756E-01  2.35867E-01
-1.60206E+00  1.90000E+01  5.17947E-03  1.12210E+00  1.12291E+00  1.04563E+00  1.04632E+00  2.54734E-01  2.21044E-01
-1.60206E+00  1.90000E+01  6.55129E-03  1.25353E+00  1.25429E+00  1.19125E+00  1.19194E+00  2.60100E-01  2.05061E-01
-1.60206E+00  1.90000E+01  8.28643E-03  1.38148E+00  1.38226E+00  1.32993E+00  1.33066E+00  2.51326E-01  1.81810E-01
-1.60206E+00  1.90000E+01  1.04811E-02  1.50267E+00  1.50336E+00  1.45764E+00  1.45830E+00  2.29247E-01  1.54160E-01
-1.60206E+00  1.90000E+01  1.32571E-02  1.62560E+00  1.62640E+00  1.58967E+00  1.59045E+00  1.98018E-01  1.31423E-01
-1.60206E+00  1.90000E+01  1.67683E-02  1.74364E+00  1.74425E+00  1.72019E+00  1.72078E+00  1.63224E-01  1.15326E-01
-1.60206E+00  1.90000E+01  2.12095E-02  1.86368E+00  1.86454E+00  1.85135E+00  1.85219E+00  1.29656E-01  1.01617E-01
-1.60206E+00  1.90000E+01  2.68270E-02  1.98262E+00  1.98333E+00  1.97855E+00  1.97925E+00  1.00201E-01  8.87047E-02
-1.60206E+00  1.90000E+01  3.39322E-02  2.09959E+00  2.10025E+00  2.10134E+00  2.10200E+00  7.59394E-02  7.70456E-02
-1.60206E+00  1.90000E+01  4.29193E-02  2.21919E+00  2.22003E+00  2.22542E+00  2.22627E+00  5.67784E-02  6.67899E-02
-1.60206E+00  1.90000E+01  5.42868E-02  2.33359E+00  2.33425E+00  2.34277E+00  2.34343E+00  4.20588E-02  5.75489E-02
-1.60206E+00  1.90000E+01  6.86649E-02  2.45423E+00  2.45490E+00  2.46481E+00  2.46548E+00  3.09556E-02  4.96258E-02
-1.60206E+00  1.90000E+01  8.68511E-02  2.57572E+00  2.57660E+00  2.59181E+00  2.59268E+00  2.26810E-02  4.72480E-02
-1.60206E+00  1.90000E+01  1.09854E-01  2.68898E+00  2.68966E+00  2.71059E+00  2.71127E+00  1.65643E-02  4.62546E-02
-1.60206E+00  1.90000E+01  1.38950E-01  2.79320E+00  2.79373E+00  2.81761E+00  2.81815E+00  1.20678E-02  4.37800E-02
-1.60206E+00  1.90000E+01  1.75751E-01  2.93313E+00  2.93409E+00  2.95613E+00  2.95709E+00  8.77533E-03  3.88283E-02
-1.60206E+00  1.90000E+01  2.22300E-01  3.04924E+00  3.04997E+00  3.07120E+00  3.07193E+00  6.37148E-03  3.44370E-02
-1.60206E+00  1.90000E+01  2.81177E-01  3.16008E+00  3.16070E+00  3.18080E+00  3.18143E+00  4.62025E-03  3.05427E-02
-1.60206E+00  1.90000E+01  3.55648E-01  3.27060E+00  3.27115E+00  3.28993E+00  3.29048E+00  3.34667E-03  2.70891E-02
-1.60206E+00  1.90000E+01  4.49843E-01  3.37304E+00  3.37407E+00  3.39109E+00  3.39212E+00  2.42179E-03  2.40262E-02
-1.60206E+00  1.90000E+01  5.68987E-01  3.53222E+00  3.53295E+00  3.54853E+00  3.54926E+00  1.75097E-03  2.13097E-02
-1.60206E+00  1.90000E+01  7.19686E-01  3.64679E+00  3.64744E+00  3.66174E+00  3.66240E+00  1.26494E-03  1.89005E-02
-1.60206E+00  1.90000E+01  9.10298E-01  3.73936E+00  3.73983E+00  3.75308E+00  3.75355E+00  9.13136E-04  1.67637E-02
-1.60206E+00  1.90000E+01  1.15140E+00  3.86585E+00  3.86668E+00  3.87828E+00  3.87910E+00  6.58712E-04  1.48685E-02
-1.60206E+00  1.90000E+01  1.45635E+00  3.98478E+00  3.98584E+00  3.99605E+00  3.99711E+00  4.74864E-04  1.31876E-02
-1.60206E+00  1.90000E+01  1.84207E+00  4.08621E+00  4.08685E+00  4.09643E+00  4.09707E+00  3.42114E-04  1.16968E-02
-1.60206E+00  1.90000E+01  2.32995E+00  4.18588E+00  4.18654E+00  4.19511E+00  4.19577E+00  2.46329E-04  1.03745E-02
-1.60206E+00  1.90000E+01  2.94705E+00  4.36828E+00  4.36878E+00  4.37648E+00  4.37699E+00  1.77262E-04  9.20172E-03
-1.60206E+00  1.90000E+01  3.72759E+00  4.46413E+00  4.46467E+00  4.47152E+00  4.47206E+00  1.27492E-04  8.16151E-03
-1.60206E+00  1.90000E+01  4.71487E+00  4.57266E+00  4.57383E+00  4.57930E+00  4.58047E+00  9.16490E-05  7.23890E-03
-1.60206E+00  1.90000E+01  5.96362E+00  4.68143E+00  4.68239E+00  4.68739E+00  4.68835E+00  6.58507E-05  6.42059E-03
-1.60206E+00  1.90000E+01  7.54312E+00  4.82766E+00  4.82821E+00  4.83298E+00  4.83352E+00  4.72922E-05  5.69478E-03
-1.60206E+00  1.90000E+01  9.54095E+00  4.93236E+00  4.93302E+00  4.93711E+00  4.93778E+00  3.39487E-05  5.05103E-03
-1.60206E+00  1.90000E+01  1.20679E+01  5.02695E+00  5.02754E+00  5.03121E+00  5.03179E+00  2.43597E-05  4.48005E-03
-1.60206E+00  1.90000E+01  1.52642E+01  5.13215E+00  5.13249E+00  5.13595E+00  5.13629E+00  1.74719E-05  3.97361E-03
-1.60206E+00  1.90000E+01  1.93070E+01  5.25098E+00  5.25181E+00  5.25437E+00  5.25520E+00  1.25267E-05  3.52442E-03
-1.60206E+00  1.90000E+01  2.44205E+01  5.43597E+00  5.43730E+00  5.43898E+00  5.44031E+00  8.97777E-06  3.12601E-03
-1.60206E+00  1.90000E+01  3.08884E+01  5.56118E+00  5.56215E+00  5.56386E+00  5.56483E+00  6.43192E-06  2.77264E-03
-1.60206E+00  1.90000E+01  3.90694E+01  5.63590E+00  5.63639E+00  5.63829E+00  5.63878E+00  4.60638E-06  2.45922E-03
-1.60206E+00  1.90000E+01  4.94171E+01  5.72482E+00  5.72537E+00  5.72695E+00  5.72750E+00  3.29785E-06  2.18122E-03
-1.60206E+00  1.90000E+01  6.25055E+01  5.93002E+00  5.93062E+00  5.93191E+00  5.93251E+00  2.36026E-06  1.93465E-03
-1.60206E+00  1.90000E+01  7.90604E+01  6.03598E+00  6.03652E+00  6.03766E+00  6.03820E+00  1.68870E-06  1.71596E-03
-1.60206E+00  1.90000E+01  1.00000E+02  6.23687E+00  6.23712E+00  6.23836E+00  6.23861E+00  1.20785E-06  1.52198E-03
# T =  0  2.50000E-02
# D =  1  2.21222E+19
-1.60206E+00  1.93448E+01  1.00000E-03  2.05222E-11  2.05888E-11  2.72105E-01  2.72105E-01  1.12874E-01  2.72105E-01
-1.60206E+00  1.93448E+01  1.26486E-03  1.75264E-07  1.76134E-07  2.68199E-01  2.68199E-01  1.41073E-01  2.68199E-01
-1.60206E+00  1.93448E+01  1.59986E-03  1.74912E-04  1.76417E-04  2.65270E-01  2.65271E-01  1.73624E-01  2.65218E-01
-1.60206E+00  1.93448E+01  2.02359E-03  1.91365E-02  1.94748E-02  2.70108E-01  2.70246E-01  2.10114E-01  2.62552E-01
-1.60206E+00  1.93448E+01  2.55955E-03  2.32325E-01  2.36097E-01  3.73179E-01  3.75161E-01  2.49266E-01  2.57100E-01
-1.60206E+00  1.93448E+01  3.23746E-03  6.89289E-01  6.92903E-01  6.61393E-01  6.63829E-01  2.88451E-01  2.47240E-01
-1.60206E+00  1.93448E+01  4.09492E-03  1.05361E+00  1.05631E+00  9.61907E-01  9.64100E-01  3.23301E-01  2.34776E-01
-1.60206E+00  1.93448E+01  5.17947E-03  1.21095E+00  1.21251E+00  1.12563E+00  1.12698E+00  3.47923E-01  2.20313E-01
-1.60206E+00  1.93448E+01  6.55129E-03  1.34515E+00  1.34712E+00  1.27684E+00  1.27865E+00  3.56315E-01  2.04467E-01
-1.60206E+00  1.93448E+01  8.28643E-03  1.47200E+00  1.47355E+00  1.41668E+00  1.41815E+00  3.44960E-01  1.81479E-01
-1.60206E+00  1.93448E+01  1.04811E-02  1.59360E+00  1.59534E+00  1.54622E+00  1.54790E+00  3.15082E-01  1.53986E-01
-1.60206E+00  1.93448E+01  1.32571E-02  1.71680E+00  1.71862E+00  1.67940E+00  1.68119E+00  2.72499E-01  1.31326E-01
-1.60206E+00  1.93448E+01  1.67683E-02  1.83548E+00  1.83684E+00  1.81108E+00  1.81243E+00  2.24942E-01  1.15225E-01
-1.60206E+00  1.93448E+01  2.12095E-02  1.95337E+00  1.95522E+00  1.94043E+00  1.94227E+00  1.78993E-01  1.01541E-01
-1.60206E+00  1.93448E+01  2.68270E-02  2.07475E+00  2.07656E+00  2.07019E+00  2.07199E+00  1.38609E-01  8.86456E-02
-1.60206E+00  1.93448E+01  3.39322E-02  2.19180E+00  2.19322E+00  2.19347E+00  2.19489E+00  1.05279E-01  7.69905E-02
-1.60206E+00  1.93448E+01  4.29193E-02  2.30627E+00  2.30777E+00  2.31235E+00  2.31385E+00  7.88950E-02  6.67446E-02
-1.60206E+00  1.93448E+01  5.42868E-02  2.43070E+00  2.43284E+00  2.43937E+00  2.44151E+00  5.85755E-02  5.75278E-02
-1.60206E+00  1.93448E+01  6.86649E-02  2.54496E+00  2.54651E+00  2.55579E+00  2.55734E+00  4.32086E-02  4.96284E-02
-1.60206E+00  1.93448E+01  8.68511E-02  2.65820E+00  2.65938E+00  2.67452E+00  2.67569E+00  3.17271E-02  4.72453E-02
-1.60206E+00  1.93448E+01  1.09854E-01  2.78372E+00  2.78557E+00  2.80500E+00  2.80686E+00  2.32184E-02  4.62523E-02
-1.60206E+00  1.93448E+01  1.38950E-01  2.90019E+00  2.90237E+00  2.92429E+00  2.92646E+00  1.69486E-02  4.37746E-02
-1.60206E+00  1.93448E+01  1.75751E-01  3.01388E+00  3.01534E+00  3.03717E+00  3.03863E+00  1.23473E-02  3.88113E-02
-1.60206E+00  1.93448E+01  2.22300E-01  3.12403E+00  3.12536E+00  3.14621E+00  3.14753E+00  8.98062E-03  3.44112E-02
-1.60206E+00  1.93448E+01  2.81177E-01  3.26069E+00  3.26188E+00  3.28115E+00  3.28234E+00  6.52295E-03  3.05104E-02
-1.60206E+00  1.93448E+01  3.55648E-01  3.36570E+00  3.36826E+00  3.38498E+00  3.38754E+00  4.73222E-03  2.70521E-02
-1.60206E+00  1.93448E+01  4.49843E-01  3.49349E+00  3.49526E+00  3.51127E+00  3.51304E+00  3.42945E-03  2.39859E-02
-1.60206E+00  1.93448E+01  5.68987E-01  3.59735E+00  3.59875E+00  3.61380E+00  3.61520E+00  2.48295E-03  2.12675E-02
-1.60206E+00  1.93448E+01  7.19686E-01  3.69792E+00  3.69930E+00  3.71304E+00  3.71442E+00  1.79608E-03  1.88572E-02
-1.60206E+00  1.93448E+01  9.10298E-01  3.85810E+00  3.85895E+00  3.87165E+00  3.87250E+00  1.29817E-03  1.67202E-02
-1.60206E+00  1.93448E+01  1.15140E+00  3.96038E+00  3.96274E+00  3.97275E+00  3.97512E+00  9.37563E-04  1.48254E-02
-1.60206E+00  1.93448E+01  1.45635E+00  4.06634E+00  4.06896E+00  4.07760E+00  4.08022E+00  6.76641E-04  1.31453E-02
-1.60206E+00  1.93448E+01  1.84207E+00  4.20771E+00  4.20902E+00  4.21783E+00  4.21914E+00  4.88002E-04  1.16557E-02
-1.60206E+00  1.93448E+01  2.32995E+00  4.30672E+00  4.30808E+00  4.31586E+00  4.31723E+00  3.51726E-04  1.03349E-02
-1.60206E+00  1.93448E+01  2.94705E+00  4.40447E+00  4.40599E+00  4.41272E+00  4.41424E+00  2.53351E-04  9.16375E-03
-1.60206E+00  1.93448E+01  3.72759E+00  4.52303E+00  4.52387E+00  4.53043E+00  4.53127E+00  1.82385E-04  8.12535E-03
-1.60206E+00  1.93448E+01  4.71487E+00  4.67980E+00  4.68103E+00  4.68638E+00  4.68762E+00  1.31224E-04  7.20461E-03
-1.60206E+00  1.93448E+01  5.96362E+00  4.78840E+00  4.79143E+00  4.79431E+00  4.79734E+00  9.43650E-05  6.38822E-03
-1.60206E+00  1.93448E+01  7.54312E+00  4.90187E+00  4.90456E+00  4.90716E+00  4.90985E+00  6.78248E-05  5.66434E-03
-1.60206E+00  1.93448E+01  9.54095E+00  5.00540E+00  5.00667E+00  5.01013E+00  5.01141E+00  4.87255E-05  5.02249E-03
-1.60206E+00  1.93448E+01  1.20679E+01  5.15979E+00  5.16075E+00  5.16401E+00  5.16497E+00  3.49884E-05  4.45337E-03
-1.60206E+00  1.93448E+01  1.52642E+01  5.26606E+00  5.26769E+00  5.26982E+00  5.27145E+00  2.51131E-05  3.94874E-03
-1.60206E+00  1.93448E+01  1.93070E+01  5.34257E+00  5.34407E+00  5.34593E+00  5.34743E+00  1.80174E-05  3.50129E-03
-1.60206E+00  1.93448E+01  2.44205E+01  5.48425E+00  5.48503E+00  5.48725E+00  5.48803E+00  1.29213E-05  3.10454E-03
-1.60206E+00  1.93448E+01  3.08884E+01  5.57370E+00  5.57426E+00  5.57637E+00  5.57693E+00  9.26297E-06  2.75276E-03
-1.60206E+00  1.93448E+01  3.90694E+01  5.75608E+00  5.75883E+00  5.75844E+00  5.76119E+00  6.63791E-06  2.44083E-03
-1.60206E+00  1.93448E+01  4.94171E+01  5.83415E+00  5.83778E+00  5.83626E+00  5.83989E+00  4.75505E-06  2.16425E-03
-1.60206E+00  1.93448E+01  6.25055E+01  5.93072E+00  5.93346E+00  5.93260E+00  5.93534E+00  3.40509E-06  1.91901E-03
-1.60206E+00  1.93448E+01  7.90604E+01  6.05364E+00  6.05497E+00  6.05531E+00  6.05664E+00  2.43756E-06  1.70156E-03
-1.60206E+00  1.93448E+01  1.00000E+02  6.28888E+00  6.28943E+00  6.29036E+00  6.29091E+00  1.74438E-06  1.50875E-03
# T =  0  2.50000E-02
# D =  2  4.89390E+19
-1.60206E+00  1.96897E+01  1.00000E-03  2.99452E-11  3.01610E-11  2.61910E-01  2.61910E-01  1.21357E-01  2.61910E-01
-1.60206E+00  1.96897E+01  1.26486E-03  2.55199E-07  2.58026E-07  2.60503E-01  2.60503E-01  1.55033E-01  2.60503E-01
-1.60206E+00  1.96897E+01  1.59986E-03  2.52276E-04  2.57200E-04  2.59273E-01  2.59274E-01  1.94576E-01  2.59195E-01
-1.60206E+00  1.96897E+01  2.02359E-03  2.37459E-02  2.46540E-02  2.67283E-01  2.67666E-01  2.39706E-01  2.57648E-01
-1.60206E+00  1.96897E+01  2.55955E-03  2.31035E-01  2.38781E-01  3.70751E-01  3.74899E-01  2.89184E-01  2.53386E-01
-1.60206E+00  1.96897E+01  3.23746E-03  6.72512E-01  6.80683E-01  6.51952E-01  6.57467E-01  3.40199E-01  2.44722E-01
-1.60206E+00  1.96897E+01  4.09492E-03  1.04485E+00  1.05076E+00  9.57091E-01  9.61907E-01  3.87787E-01  2.32951E-01
-1.60206E+00  1.96897E+01  5.17947E-03  1.32272E+00  1.32730E+00  1.22914E+00  1.23327E+00  4.24797E-01  2.19106E-01
-1.60206E+00  1.96897E+01  6.55129E-03  1.45729E+00  1.46176E+00  1.38351E+00  1.38765E+00  4.43253E-01  2.03453E-01
-1.60206E+00  1.96897E+01  8.28643E-03  1.58539E+00  1.58906E+00  1.52671E+00  1.53022E+00  4.37380E-01  1.80926E-01
-1.60206E+00  1.96897E+01  1.04811E-02  1.70604E+00  1.70872E+00  1.65665E+00  1.65924E+00  4.06883E-01  1.53722E-01
-1.60206E+00  1.96897E+01  1.32571E-02  1.82722E+00  1.83175E+00  1.78868E+00  1.79315E+00  3.57742E-01  1.31180E-01
-1.60206E+00  1.96897E+01  1.67683E-02  1.94921E+00  1.95374E+00  1.92401E+00  1.92849E+00  2.99454E-01  1.15066E-01
-1.60206E+00  1.96897E+01  2.12095E-02  2.06994E+00  2.07347E+00  2.05648E+00  2.05999E+00  2.40986E-01  1.01435E-01
-1.60206E+00  1.96897E+01  2.68270E-02  2.18606E+00  2.18883E+00  2.18125E+00  2.18400E+00  1.88283E-01  8.85859E-02
-1.60206E+00  1.96897E+01  3.39322E-02  2.30137E+00  2.30483E+00  2.30281E+00  2.30626E+00  1.44013E-01  7.69504E-02
-1.60206E+00  1.96897E+01  4.29193E-02  2.42277E+00  2.42828E+00  2.42866E+00  2.43417E+00  1.08523E-01  6.67154E-02
-1.60206E+00  1.96897E+01  5.42868E-02  2.54113E+00  2.54488E+00  2.55000E+00  2.55375E+00  8.09381E-02  5.74987E-02
-1.60206E+00  1.96897E+01  6.86649E-02  2.66203E+00  2.66532E+00  2.67261E+00  2.67590E+00  5.99297E-02  4.96121E-02
-1.60206E+00  1.96897E+01  8.68511E-02  2.77775E+00  2.78048E+00  2.79378E+00  2.79651E+00  4.41467E-02  4.72141E-02
-1.60206E+00  1.96897E+01  1.09854E-01  2.88375E+00  2.88652E+00  2.90541E+00  2.90817E+00  3.23983E-02  4.62278E-02
-1.60206E+00  1.96897E+01  1.38950E-01  3.00914E+00  3.01511E+00  3.03322E+00  3.03918E+00  2.37089E-02  4.37666E-02
-1.60206E+00  1.96897E+01  1.75751E-01  3.13757E+00  3.14251E+00  3.16064E+00  3.16559E+00  1.73113E-02  3.88278E-02
-1.60206E+00  1.96897E+01  2.22300E-01  3.25046E+00  3.25319E+00  3.27251E+00  3.27524E+00  1.26171E-02  3.44467E-02
-1.60206E+00  1.96897E+01  2.81177E-01  3.35634E+00  3.35976E+00  3.37722E+00  3.38064E+00  9.18176E-03  3.05604E-02
-1.60206E+00  1.96897E+01  3.55648E-01  3.48111E+00  3.48392E+00  3.50043E+00  3.50324E+00  6.67289E-03  2.71129E-02
-1.60206E+00  1.96897E+01  4.49843E-01  3.60405E+00  3.60567E+00  3.62183E+00  3.62345E+00  4.84385E-03  2.40546E-02
-1.60206E+00  1.96897E+01  5.68987E-01  3.70538E+00  3.71078E+00  3.72187E+00  3.72727E+00  3.51240E-03  2.13414E-02
-1.60206E+00  1.96897E+01  7.19686E-01  3.83885E+00  3.84579E+00  3.85390E+00  3.86084E+00  2.54445E-03  1.89343E-02
-1.60206E+00  1.96897E+01  9.10298E-01  3.94199E+00  3.94614E+00  3.95580E+00  3.95995E+00  1.84158E-03  1.67989E-02
-1.60206E+00  1.96897E+01  1.15140E+00  4.06608E+00  4.06800E+00  4.07859E+00  4.08051E+00  1.33175E-03  1.49043E-02
-1.60206E+00  1.96897E+01  1.45635E+00  4.21177E+00  4.21512E+00  4.22302E+00  4.22637E+00  9.62303E-04  1.32234E-02
-1.60206E+00  1.96897E+01  1.84207E+00  4.30748E+00  4.31122E+00  4.31769E+00  4.32143E+00  6.94829E-04  1.17321E-02
-1.60206E+00  1.96897E+01  2.32995E+00  4.41025E+00  4.41249E+00  4.41948E+00  4.42172E+00  5.01347E-04  1.04091E-02
-1.60206E+00  1.96897E+01  2.94705E+00  4.53670E+00  4.53762E+00  4.54498E+00  4.54590E+00  3.61502E-04  9.23520E-03
-1.60206E+00  1.96897E+01  3.72759E+00  4.63439E+00  4.63886E+00  4.64185E+00  4.64632E+00  2.60501E-04  8.19374E-03
-1.60206E+00  1.96897E+01  4.71487E+00  4.74120E+00  4.74932E+00  4.74790E+00  4.75602E+00  1.87606E-04  7.26973E-03
-1.60206E+00  1.96897E+01  5.96362E+00  4.93240E+00  4.93943E+00  4.93836E+00  4.94539E+00  1.35032E-04  6.44992E-03
-1.60206E+00  1.96897E+01  7.54312E+00  5.04472E+00  5.04830E+00  5.05006E+00  5.05364E+00  9.71381E-05  5.72257E-03
-1.60206E+00  1.96897E+01  9.54095E+00  5.15190E+00  5.15310E+00  5.15668E+00  5.15788E+00  6.98420E-05  5.07724E-03
-1.60206E+00  1.96897E+01  1.20679E+01  5.24174E+00  5.24370E+00  5.24602E+00  5.24798E+00  5.01913E-05  4.50469E-03
-1.60206E+00  1.96897E+01  1.52642E+01  5.36594E+00  5.37008E+00  5.36976E+00  5.37389E+00  3.60523E-05  3.99670E-03
-1.60206E+00  1.96897E+01  1.93070E+01  5.49726E+00  5.50163E+00  5.50066E+00  5.50503E+00  2.58845E-05  3.54600E-03
-1.60206E+00  1.96897E+01  2.44205E+01  5.58754E+00  5.59039E+00  5.59058E+00  5.59343E+00  1.85762E-05  3.14613E-03
-1.60206E+00  1.96897E+01  3.08884E+01  5.68830E+00  5.68953E+00  5.69100E+00  5.69224E+00  1.33258E-05  2.79134E-03
-1.60206E+00  1.96897E+01  3.90694E+01  5.81302E+00  5.81369E+00  5.81543E+00  5.81610E+00  9.55553E-06  2.47657E-03
-1.60206E+00  1.96897E+01  4.94171E+01  6.07511E+00  6.07747E+00  6.07724E+00  6.07960E+00  6.84933E-06  2.19729E-03
-1.60206E+00  1.96897E+01  6.25055E+01  6.07919E+00  6.08678E+00  6.08110E+00  6.08868E+00  4.90772E-06  1.94951E-03
-1.60206E+00  1.96897E+01  7.90604E+01  6.45699E+00  6.46708E+00  6.45869E+00  6.46877E+00  3.51525E-06  1.72967E-03
-1.60206E+00  1.96897E+01  1.00000E+02  6.23450E+00  6.24279E+00  6.23601E+00  6.24430E+00  2.51700E-06  1.53462E-03
# T =  0  2.50000E-02
# D =  3  1.08264E+20
-1.60206E+00  2.00345E+01  1.00000E-03  6.66461E-11  6.77185E-11  2.45259E-01  2.45259E-01  1.10546E-01  2.45259E-01
-1.60206E+00  2.00345E+01  1.26486E-03  5.65164E-07  5.79277E-07  2.47797E-01  2.47797E-01  1.45211E-01  2.47797E-01
-1.60206E+00  2.00345E+01  1.59986E-03  5.37804E-04  5.62371E-04  2.49344E-01  2.49352E-01  1.86986E-01  2.49168E-01
-1.60206E+00  2.00345E+01  2.02359E-03  3.29979E-02  3.55833E-02  2.63449E-01  2.64608E-01  2.35967E-01  2.49435E-01
-1.60206E+00  2.00345E+01  2.55955E-03  2.28054E-01  2.43151E-01  3.66184E-01  3.74543E-01  2.91424E-01  2.47087E-01
-1.60206E+00  2.00345E+01  3.23746E-03  6.37365E-01  6.55867E-01  6.31658E-01  6.44156E-01  3.51168E-01  2.40432E-01
-1.60206E+00  2.00345E+01  4.09492E-03  1.02640E+00  1.03955E+00  9.46320E-01  9.57038E-01  4.10786E-01  2.29890E-01
-1.60206E+00  2.00345E+01  5.17947E-03  1.32543E+00  1.33738E+00  1.23577E+00  1.24654E+00  4.63143E-01  2.17077E-01
-1.60206E+00  2.00345E+01  6.55129E-03  1.59356E+00  1.60362E+00  1.51586E+00  1.52522E+00  4.98989E-01  2.01721E-01
-1.60206E+00  2.00345E+01  8.28643E-03  1.72284E+00  1.73174E+00  1.66199E+00  1.67052E+00  5.09548E-01  1.79971E-01
-1.60206E+00  2.00345E+01  1.04811E-02  1.84780E+00  1.85555E+00  1.79731E+00  1.80488E+00  4.90594E-01  1.53358E-01
-1.60206E+00  2.00345E+01  1.32571E-02  1.96924E+00  1.97622E+00  1.93007E+00  1.93696E+00  4.45284E-01  1.30993E-01
-1.60206E+00  2.00345E+01  1.67683E-02  2.08798E+00  2.09456E+00  2.06231E+00  2.06883E+00  3.83022E-01  1.14816E-01
-1.60206E+00  2.00345E+01  2.12095E-02  2.20502E+00  2.21067E+00  2.19131E+00  2.19692E+00  3.15050E-01  1.01253E-01
-1.60206E+00  2.00345E+01  2.68270E-02  2.32236E+00  2.32829E+00  2.31738E+00  2.32329E+00  2.50319E-01  8.84838E-02
-1.60206E+00  2.00345E+01  3.39322E-02  2.43996E+00  2.44875E+00  2.44133E+00  2.45012E+00  1.93896E-01  7.68852E-02
-1.60206E+00  2.00345E+01  4.29193E-02  2.55828E+00  2.57055E+00  2.56416E+00  2.57643E+00  1.47506E-01  6.66765E-02
-1.60206E+00  2.00345E+01  5.42868E-02  2.67709E+00  2.69138E+00  2.68583E+00  2.70011E+00  1.10807E-01  5.74839E-02
-1.60206E+00  2.00345E+01  6.86649E-02  2.79748E+00  2.81026E+00  2.80815E+00  2.82092E+00  8.25078E-02  4.96430E-02
-1.60206E+00  2.00345E+01  8.68511E-02  2.91677E+00  2.92483E+00  2.93295E+00  2.94101E+00  6.10529E-02  4.71919E-02
-1.60206E+00  2.00345E+01  1.09854E-01  3.04078E+00  3.04616E+00  3.06213E+00  3.06751E+00  4.49725E-02  4.61918E-02
-1.60206E+00  2.00345E+01  1.38950E-01  3.15514E+00  3.16150E+00  3.17921E+00  3.18556E+00  3.30150E-02  4.37401E-02
-1.60206E+00  2.00345E+01  1.75751E-01  3.26397E+00  3.27181E+00  3.28731E+00  3.29515E+00  2.41730E-02  3.88347E-02
-1.60206E+00  2.00345E+01  2.22300E-01  3.39055E+00  3.39849E+00  3.41254E+00  3.42048E+00  1.76615E-02  3.44798E-02
-1.60206E+00  2.00345E+01  2.81177E-01  3.50343E+00  3.50921E+00  3.52419E+00  3.52996E+00  1.28811E-02  3.06139E-02
-1.60206E+00  2.00345E+01  3.55648E-01  3.61682E+00  3.61958E+00  3.63622E+00  3.63897E+00  9.38043E-03  2.71819E-02
-1.60206E+00  2.00345E+01  4.49843E-01  3.71577E+00  3.72055E+00  3.73387E+00  3.73865E+00  6.82198E-03  2.41349E-02
-1.60206E+00  2.00345E+01  5.68987E-01  3.86019E+00  3.87212E+00  3.87665E+00  3.88858E+00  4.95539E-03  2.14297E-02
-1.60206E+00  2.00345E+01  7.19686E-01  3.97109E+00  3.98855E+00  3.98622E+00  4.00368E+00  3.59559E-03  1.90279E-02
-1.60206E+00  2.00345E+01  9.10298E-01  4.08563E+00  4.10412E+00  4.09948E+00  4.11797E+00  2.60631E-03  1.68954E-02
-1.60206E+00  2.00345E+01  1.15140E+00  4.20991E+00  4.22476E+00  4.22250E+00  4.23735E+00  1.88746E-03  1.50019E-02
-1.60206E+00  2.00345E+01  1.45635E+00  4.31302E+00  4.32124E+00  4.32449E+00  4.33271E+00  1.36568E-03  1.33207E-02
-1.60206E+00  2.00345E+01  1.84207E+00  4.47372E+00  4.47674E+00  4.48399E+00  4.48701E+00  9.87342E-04  1.18279E-02
-1.60206E+00  2.00345E+01  2.32995E+00  4.58479E+00  4.58642E+00  4.59406E+00  4.59570E+00  7.13265E-04  1.05025E-02
-1.60206E+00  2.00345E+01  2.94705E+00  4.68032E+00  4.68529E+00  4.68871E+00  4.69368E+00  5.14895E-04  9.32557E-03
-1.60206E+00  2.00345E+01  3.72759E+00  4.80353E+00  4.81217E+00  4.81105E+00  4.81970E+00  3.71438E-04  8.28056E-03
-1.60206E+00  2.00345E+01  4.71487E+00  4.91424E+00  4.92494E+00  4.92100E+00  4.93170E+00  2.67776E-04  7.35266E-03
-1.60206E+00  2.00345E+01  5.96362E+00  5.01342E+00  5.02396E+00  5.01950E+00  5.03003E+00  1.92924E-04  6.52875E-03
-1.60206E+00  2.00345E+01  7.54312E+00  5.11337E+00  5.12131E+00  5.11882E+00  5.12675E+00  1.38914E-04  5.79716E-03
-1.60206E+00  2.00345E+01  9.54095E+00  5.29870E+00  5.30299E+00  5.30355E+00  5.30783E+00  9.99680E-05  5.14756E-03
-1.60206E+00  2.00345E+01  1.20679E+01  5.40261E+00  5.40435E+00  5.40694E+00  5.40868E+00  7.19023E-05  4.57075E-03
-1.60206E+00  2.00345E+01  1.52642E+01  5.49580E+00  5.49631E+00  5.49967E+00  5.50018E+00  5.16894E-05  4.05858E-03
-1.60206E+00  2.00345E+01  1.93070E+01  5.59174E+00  5.59189E+00  5.59520E+00  5.59535E+00  3.71405E-05  3.60380E-03
-1.60206E+00  2.00345E+01  2.44205E+01  5.75004E+00  5.75504E+00  5.75312E+00  5.75812E+00  2.66742E-05  3.19998E-03
-1.60206E+00  2.00345E+01  3.08884E+01  5.84235E+00  5.85593E+00  5.84510E+00  5.85868E+00  1.91486E-05  2.84141E-03
-1.60206E+00  2.00345E+01  3.90694E+01  5.92733E+00  5.94871E+00  5.92979E+00  5.95116E+00  1.37404E-05  2.52302E-03
-1.60206E+00  2.00345E+01  4.94171E+01  6.05004E+00  6.07556E+00  6.05222E+00  6.07775E+00  9.85551E-06  2.24030E-03
-1.60206E+00  2.00345E+01  6.25055E+01  6.27144E+00  6.29686E+00  6.27339E+00  6.29881E+00  7.06623E-06  1.98927E-03
-1.60206E+00  2.00345E+01  7.90604E+01  6.38002E+00  6.40083E+00  6.38175E+00  6.40256E+00  5.06442E-06  1.76636E-03
-1.60206E+00  2.00345E+01  1.00000E+02  6.48559E+00  6.49921E+00  6.48713E+00  6.50075E+00  3.62838E-06  1.56844E-03
# T =  0  2.50000E-02
# D =  4  2.39503E+20
-1.60206E+00  2.03793E+01  1.00000E-03  3.40136E-10  3.52495E-10  2.18270E-01  2.18270E-01  8.66410E-02  2.18270E-01
-1.60206E+00  2.03793E+01  1.26486E-03  2.84815E-06  3.01253E-06  2.26852E-01  2.26852E-01  1.17614E-01  2.26851E-01
-1.60206E+00  2.03793E+01  1.59986E-03  2.06573E-03  2.29466E-03  2.33233E-01  2.33321E-01  1.56239E-01  2.32493E-01
-1.60206E+00  2.03793E+01  2.02359E-03  4.73292E-02  5.42624E-02  2.57368E-01  2.60784E-01  2.03099E-01  2.35834E-01
-1.60206E+00  2.03793E+01  2.55955E-03  2.20882E-01  2.48454E-01  3.56972E-01  3.73127E-01  2.58192E-01  2.36466E-01
-1.60206E+00  2.03793E+01  3.23746E-03  5.74551E-01  6.14959E-01  5.94341E-01  6.21926E-01  3.20427E-01  2.32962E-01
-1.60206E+00  2.03793E+01  4.09492E-03  9.85839E-01  1.01510E+00  9.20948E-01  9.44672E-01  3.86879E-01  2.24759E-01
-1.60206E+00  2.03793E+01  5.17947E-03  1.29729E+00  1.32307E+00  1.21703E+00  1.24025E+00  4.51940E-01  2.13587E-01
-1.60206E+00  2.03793E+01  6.55129E-03  1.57154E+00  1.59900E+00  1.49969E+00  1.52575E+00  5.06975E-01  1.98853E-01
-1.60206E+00  2.03793E+01  8.28643E-03  1.83392E+00  1.85061E+00  1.77384E+00  1.79012E+00  5.41499E-01  1.78313E-01
-1.60206E+00  2.03793E+01  1.04811E-02  2.08795E+00  2.09996E+00  2.03706E+00  2.04914E+00  5.46625E-01  1.52889E-01
-1.60206E+00  2.03793E+01  1.32571E-02  2.20806E+00  2.23192E+00  2.16943E+00  2.19272E+00  5.19559E-01  1.30751E-01
-1.60206E+00  2.03793E+01  1.67683E-02  2.32108E+00  2.35304E+00  2.29542E+00  2.32719E+00  4.65755E-01  1.14447E-01
-1.60206E+00  2.03793E+01  2.12095E-02  2.44380E+00  2.47161E+00  2.43001E+00  2.45774E+00  3.96443E-01  1.00982E-01
-1.60206E+00  2.03793E+01  2.68270E-02  2.56766E+00  2.59271E+00  2.56268E+00  2.58777E+00  3.23518E-01  8.83491E-02
-1.60206E+00  2.03793E+01  3.39322E-02  2.68507E+00  2.70733E+00  2.68647E+00  2.70872E+00  2.55673E-01  7.68125E-02
-1.60206E+00  2.03793E+01  4.29193E-02  2.79902E+00  2.82108E+00  2.80493E+00  2.82696E+00  1.97399E-01  6.66376E-02
-1.60206E+00  2.03793E+01  5.42868E-02  2.91871E+00  2.93771E+00  2.92753E+00  2.94651E+00  1.49914E-01  5.74653E-02
-1.60206E+00  2.03793E+01  6.86649E-02  3.03963E+00  3.05526E+00  3.05038E+00  3.06600E+00  1.12543E-01  4.96970E-02
-1.60206E+00  2.03793E+01  8.68511E-02  3.16099E+00  3.17950E+00  3.17709E+00  3.19559E+00  8.38019E-02  4.71784E-02
-1.60206E+00  2.03793E+01  1.09854E-01  3.28117E+00  3.29575E+00  3.30266E+00  3.31725E+00  6.20372E-02  4.62065E-02
-1.60206E+00  2.03793E+01  1.38950E-01  3.40199E+00  3.41602E+00  3.42611E+00  3.44013E+00  4.57278E-02  4.37669E-02
-1.60206E+00  2.03793E+01  1.75751E-01  3.52522E+00  3.53789E+00  3.54834E+00  3.56101E+00  3.35958E-02  3.88260E-02
-1.60206E+00  2.03793E+01  2.22300E-01  3.64154E+00  3.64961E+00  3.66364E+00  3.67170E+00  2.46188E-02  3.44419E-02
-1.60206E+00  2.03793E+01  2.81177E-01  3.75743E+00  3.76741E+00  3.77823E+00  3.78820E+00  1.80024E-02  3.05538E-02
-1.60206E+00  2.03793E+01  3.55648E-01  3.88445E+00  3.89761E+00  3.90367E+00  3.91683E+00  1.31407E-02  2.71052E-02
-1.60206E+00  2.03793E+01  4.49843E-01  3.98771E+00  4.00777E+00  4.00559E+00  4.02565E+00  9.57708E-03  2.40463E-02
-1.60206E+00  2.03793E+01  5.68987E-01  4.09608E+00  4.12327E+00  4.11255E+00  4.13974E+00  6.97032E-03  2.13329E-02
-1.60206E+00  2.03793E+01  7.19686E-01  4.19689E+00  4.22754E+00  4.21202E+00  4.24268E+00  5.06681E-03  1.89259E-02
-1.60206E+00  2.03793E+01  9.10298E-01  4.34285E+00  4.37719E+00  4.35650E+00  4.39084E+00  3.67897E-03  1.67906E-02
-1.60206E+00  2.03793E+01  1.15140E+00  4.43873E+00  4.48217E+00  4.45121E+00  4.49466E+00  2.66848E-03  1.48964E-02
-1.60206E+00  2.03793E+01  1.45635E+00  4.55983E+00  4.60403E+00  4.57112E+00  4.61532E+00  1.93367E-03  1.32159E-02
-1.60206E+00  2.03793E+01  1.84207E+00  4.66456E+00  4.71199E+00  4.67478E+00  4.72222E+00  1.39993E-03  1.17251E-02
-1.60206E+00  2.03793E+01  2.32995E+00  4.76131E+00  4.81245E+00  4.77056E+00  4.82170E+00  1.01266E-03  1.04025E-02
-1.60206E+00  2.03793E+01  2.94705E+00  4.93418E+00  4.98737E+00  4.94243E+00  4.99562E+00  7.31937E-04  9.22905E-03
-1.60206E+00  2.03793E+01  3.72759E+00  5.03248E+00  5.08614E+00  5.03991E+00  5.09356E+00  5.28634E-04  8.18802E-03
-1.60206E+00  2.03793E+01  4.71487E+00  5.13041E+00  5.18725E+00  5.13709E+00  5.19393E+00  3.81529E-04  7.26443E-03
-1.60206E+00  2.03793E+01  5.96362E+00  5.26951E+00  5.32498E+00  5.27548E+00  5.33095E+00  2.75173E-04  6.44503E-03
-1.60206E+00  2.03793E+01  7.54312E+00  5.36936E+00  5.42472E+00  5.37471E+00  5.43007E+00  1.98338E-04  5.71806E-03
-1.60206E+00  2.03793E+01  9.54095E+00  5.46805E+00  5.52520E+00  5.47284E+00  5.52999E+00  1.42869E-04  5.07310E-03
-1.60206E+00  2.03793E+01  1.20679E+01  5.57458E+00  5.63155E+00  5.57886E+00  5.63583E+00  1.02854E-04  4.50088E-03
-1.60206E+00  2.03793E+01  1.52642E+01  5.75159E+00  5.80609E+00  5.75540E+00  5.80990E+00  7.40053E-05  3.99322E-03
-1.60206E+00  2.03793E+01  1.93070E+01  5.85835E+00  5.91601E+00  5.86174E+00  5.91941E+00  5.32199E-05  3.54281E-03
-1.60206E+00  2.03793E+01  2.44205E+01  5.95486E+00  6.01531E+00  5.95789E+00  6.01834E+00  3.82531E-05  3.14321E-03
-1.60206E+00  2.03793E+01  3.08884E+01  6.05998E+00  6.11867E+00  6.06268E+00  6.12137E+00  2.74820E-05  2.78868E-03
-1.60206E+00  2.03793E+01  3.90694E+01  6.21836E+00  6.27803E+00  6.22076E+00  6.28043E+00  1.97346E-05  2.47414E-03
-1.60206E+00  2.03793E+01  4.94171E+01  6.31006E+00  6.37077E+00  6.31220E+00  6.37291E+00  1.41650E-05  2.19507E-03
-1.60206E+00  2.03793E+01  6.25055E+01  6.39101E+00  6.44942E+00  6.39292E+00  6.45132E+00  1.01630E-05  1.94749E-03
-1.60206E+00  2.03793E+01  7.90604E+01  6.54699E+00  6.60756E+00  6.54868E+00  6.60925E+00  7.28867E-06  1.72783E-03
-1.60206E+00  2.03793E+01  1.00000E+02  6.63481E+00  6.69231E+00  6.63631E+00  6.69382E+00  5.22522E-06  1.53294E-03
# T =  0  2.50000E-02
# D =  5  5.29832E+20
-1.60206E+00  2.07241E+01  1.00000E-03  7.96221E-09  8.63139E-09  1.78769E-01  1.78769E-01  5.96355E-02  1.78769E-01
-1.60206E+00  2.07241E+01  1.26486E-03  6.15489E-05  7.03957E-05  1.94915E-01  1.94918E-01  8.39202E-02  1.94895E-01
-1.60206E+00  2.07241E+01  1.59986E-03  8.50435E-03  1.04929E-02  2.10033E-01  2.10956E-01  1.15460E-01  2.06514E-01
-1.60206E+00  2.07241E+01  2.02359E-03  6.19601E-02  7.77114E-02  2.45147E-01  2.54046E-01  1.55291E-01  2.14128E-01
-1.60206E+00  2.07241E+01  2.55955E-03  2.05485E-01  2.52224E-01  3.38098E-01  3.68102E-01  2.04101E-01  2.18462E-01
-1.60206E+00  2.07241E+01  3.23746E-03  4.85344E-01  5.63372E-01  5.37570E-01  5.92810E-01  2.61893E-01  2.19455E-01
-1.60206E+00  2.07241E+01  4.09492E-03  8.93365E-01  9.66698E-01  8.59450E-01  9.19199E-01  3.27427E-01  2.15697E-01
-1.60206E+00  2.07241E+01  5.17947E-03  1.23961E+00  1.29692E+00  1.17600E+00  1.22719E+00  3.97406E-01  2.07273E-01
-1.60206E+00  2.07241E+01  6.55129E-03  1.52622E+00  1.56768E+00  1.46464E+00  1.50335E+00  4.65603E-01  1.94140E-01
-1.60206E+00  2.07241E+01  8.28643E-03  1.78785E+00  1.82242E+00  1.73552E+00  1.76880E+00  5.22604E-01  1.75433E-01
-1.60206E+00  2.07241E+01  1.04811E-02  2.04236E+00  2.06514E+00  1.99824E+00  2.02018E+00  5.57294E-01  1.52195E-01
-1.60206E+00  2.07241E+01  1.32571E-02  2.30548E+00  2.30938E+00  2.27436E+00  2.27471E+00  5.60733E-01  1.30395E-01
-1.60206E+00  2.07241E+01  1.67683E-02  2.52089E+00  2.56912E+00  2.49478E+00  2.54617E+00  5.30805E-01  1.13899E-01
-1.60206E+00  2.07241E+01  2.12095E-02  2.77858E+00  2.78236E+00  2.76425E+00  2.76250E+00  4.73962E-01  1.00552E-01
-1.60206E+00  2.07241E+01  2.68270E-02  3.00680E+00  3.01704E+00  3.00345E+00  3.00257E+00  4.02163E-01  8.81115E-02
-1.60206E+00  2.07241E+01  3.39322E-02  3.22020E+00  3.27573E+00  3.22280E+00  3.27804E+00  3.27513E-01  7.66606E-02
-1.60206E+00  2.07241E+01  4.29193E-02  3.51140E+00  3.49525E+00  3.51826E+00  3.50183E+00  2.58566E-01  6.65265E-02
-1.60206E+00  2.07241E+01  5.42868E-02  3.74523E+00  3.75271E+00  3.75464E+00  3.76160E+00  1.99594E-01  5.74016E-02
-1.60206E+00  2.07241E+01  6.86649E-02  3.95948E+00  3.97539E+00  3.97064E+00  3.98651E+00  1.51639E-01  4.97673E-02
-1.60206E+00  2.07241E+01  8.68511E-02  4.18590E+00  4.20439E+00  4.20219E+00  4.22066E+00  1.13922E-01  4.71186E-02
-1.60206E+00  2.07241E+01  1.09854E-01  4.42792E+00  4.45775E+00  4.44952E+00  4.47933E+00  8.49090E-02  4.61813E-02
-1.60206E+00  2.07241E+01  1.38950E-01  4.68765E+00  4.69011E+00  4.71185E+00  4.71427E+00  6.29224E-02  4.37669E-02
-1.60206E+00  2.07241E+01  1.75751E-01  4.91964E+00  4.94606E+00  4.94295E+00  4.96934E+00  4.64300E-02  3.88326E-02
-1.60206E+00  2.07241E+01  2.22300E-01  5.12077E+00  5.13914E+00  5.14286E+00  5.16122E+00  3.41480E-02  3.44428E-02
-1.60206E+00  2.07241E+01  2.81177E-01  5.38902E+00  5.38776E+00  5.40971E+00  5.40845E+00  2.50491E-02  3.05507E-02
-1.60206E+00  2.07241E+01  3.55648E-01  5.59157E+00  5.61620E+00  5.61095E+00  5.63558E+00  1.83350E-02  2.70994E-02
-1.60206E+00  2.07241E+01  4.49843E-01  5.85740E+00  5.87290E+00  5.87530E+00  5.89079E+00  1.33959E-02  2.40387E-02
-1.60206E+00  2.07241E+01  5.68987E-01  6.08474E+00  6.09393E+00  6.10113E+00  6.11032E+00  9.77161E-03  2.13242E-02
-1.60206E+00  2.07241E+01  7.19686E-01  6.30977E+00  6.31693E+00  6.32483E+00  6.33199E+00  7.11775E-03  1.89165E-02
-1.60206E+00  2.07241E+01  9.10298E-01  6.50727E+00  6.52481E+00  6.52103E+00  6.53857E+00  5.17799E-03  1.67809E-02
-1.60206E+00  2.07241E+01  1.15140E+00  6.75306E+00  6.81877E+00  6.76554E+00  6.83125E+00  3.76243E-03  1.48866E-02
-1.60206E+00  2.07241E+01  1.45635E+00  7.05415E+00  7.07618E+00  7.06540E+00  7.08743E+00  2.73089E-03  1.32063E-02
-1.60206E+00  2.07241E+01  1.84207E+00  7.25495E+00  7.27182E+00  7.26516E+00  7.28203E+00  1.98017E-03  1.17157E-02
-1.60206E+00  2.07241E+01  2.32995E+00  7.50052E+00  7.53898E+00  7.50970E+00  7.54817E+00  1.43447E-03  1.03934E-02
-1.60206E+00  2.07241E+01  2.94705E+00  7.71840E+00  7.71119E+00  7.72669E+00  7.71948E+00  1.03824E-03  9.22038E-03
-1.60206E+00  2.07241E+01  3.72759E+00  7.94616E+00  7.96460E+00  7.95361E+00  7.97205E+00  7.50828E-04  8.17979E-03
-1.60206E+00  2.07241E+01  4.71487E+00  8.18587E+00  8.19855E+00  8.19252E+00  8.20520E+00  5.42557E-04  7.25665E-03
-1.60206E+00  2.07241E+01  5.96362E+00  8.37249E+00  8.39922E+00  8.37845E+00  8.40518E+00  3.91768E-04  6.43771E-03
-1.60206E+00  2.07241E+01  7.54312E+00  8.64589E+00  8.64931E+00  8.65124E+00  8.65466E+00  2.82688E-04  5.71120E-03
-1.60206E+00  2.07241E+01  9.54095E+00  8.87332E+00  8.91860E+00  8.87809E+00  8.92337E+00  2.03844E-04  5.06668E-03
-1.60206E+00  2.07241E+01  1.20679E+01  9.14016E+00  9.15452E+00  9.14443E+00  9.15878E+00  1.46897E-04  4.49491E-03
-1.60206E+00  2.07241E+01  1.52642E+01  9.28255E+00  9.33194E+00  9.28636E+00  9.33575E+00  1.05796E-04  3.98766E-03
-1.60206E+00  2.07241E+01  1.93070E+01  9.57598E+00  9.59731E+00  9.57937E+00  9.60070E+00  7.61506E-05  3.53766E-03
-1.60206E+00  2.07241E+01  2.44205E+01  9.82553E+00  9.86667E+00  9.82855E+00  9.86969E+00  5.47825E-05  3.13844E-03
-1.60206E+00  2.07241E+01  3.08884E+01  1.00576E+01  1.01309E+01  1.00603E+01  1.01336E+01  3.93898E-05  2.78427E-03
-1.60206E+00  2.07241E+01  3.90694E+01  1.02641E+01  1.02558E+01  1.02665E+01  1.02582E+01  2.83081E-05  2.47007E-03
-1.60206E+00  2.07241E+01  4.94171E+01  1.05145E+01  1.05716E+01  1.05167E+01  1.05738E+01  2.03343E-05  2.19133E-03
-1.60206E+00  2.07241E+01  6.25055E+01  1.07545E+01  1.07632E+01  1.07564E+01  1.07651E+01  1.45999E-05  1.94405E-03
-1.60206E+00  2.07241E+01  7.90604E+01  1.09628E+01  1.10043E+01  1.09645E+01  1.10060E+01  1.04780E-05  1.72467E-03
-1.60206E+00  2.07241E+01  1.00000E+02  1.12312E+01  1.12721E+01  1.12327E+01  1.12736E+01  7.51671E-06  1.53004E-03
# T =  0  2.50000E-02
# D =  6  1.17210E+21
-1.60206E+00  2.10690E+01  1.00000E-03  2.59258E-06  3.13398E-06  1.24220E-01  1.24220E-01  3.67213E-02  1.24219E-01
-1.60206E+00  2.10690E+01  1.26486E-03  1.99504E-03  2.68647E-03  1.46328E-01  1.46664E-01  5.37049E-02  1.45503E-01
-1.60206E+00  2.10690E+01  1.59986E-03  1.91048E-02  2.69008E-02  1.73826E-01  1.78485E-01  7.66975E-02  1.64437E-01
-1.60206E+00  2.10690E+01  2.02359E-03  6.97927E-02  9.96234E-02  2.19350E-01  2.39746E-01  1.07021E-01  1.79828E-01
-1.60206E+00  2.10690E+01  2.55955E-03  1.78824E-01  2.53265E-01  3.04419E-01  3.59806E-01  1.45877E-01  1.90781E-01
-1.60206E+00  2.10690E+01  3.23746E-03  3.80206E-01  5.11148E-01  4.62292E-01  5.62029E-01  1.94110E-01  1.97483E-01
-1.60206E+00  2.10690E+01  4.09492E-03  7.10964E-01  8.57265E-01  7.31764E-01  8.46981E-01  2.51841E-01  1.99759E-01
-1.60206E+00  2.10690E+01  5.17947E-03  1.11805E+00  1.20823E+00  1.08442E+00  1.16237E+00  3.17891E-01  1.96001E-01
-1.60206E+00  2.10690E+01  6.55129E-03  1.43386E+00  1.49244E+00  1.39022E+00  1.44401E+00  3.88945E-01  1.86066E-01
-1.60206E+00  2.10690E+01  8.28643E-03  1.71389E+00  1.75393E+00  1.66577E+00  1.71079E+00  4.58659E-01  1.70436E-01
-1.60206E+00  2.10690E+01  1.04811E-02  1.97182E+00  2.01019E+00  1.93235E+00  1.97420E+00  5.17403E-01  1.50481E-01
-1.60206E+00  2.10690E+01  1.32571E-02  2.21921E+00  2.23785E+00  2.19475E+00  2.21025E+00  5.53806E-01  1.29711E-01
-1.60206E+00  2.10690E+01  1.67683E-02  2.48662E+00  2.49102E+00  2.46477E+00  2.46886E+00  5.58722E-01  1.13056E-01
-1.60206E+00  2.10690E+01  2.12095E-02  2.70144E+00  2.72149E+00  2.69267E+00  2.70895E+00  5.29954E-01  9.97967E-02
-1.60206E+00  2.10690E+01  2.68270E-02  2.95652E+00  2.94826E+00  2.95291E+00  2.94573E+00  4.73982E-01  8.76635E-02
-1.60206E+00  2.10690E+01  3.39322E-02  3.21660E+00  3.21743E+00  3.21349E+00  3.22224E+00  4.02803E-01  7.64066E-02
-1.60206E+00  2.10690E+01  4.29193E-02  3.43533E+00  3.44492E+00  3.44325E+00  3.45215E+00  3.28553E-01  6.63608E-02
-1.60206E+00  2.10690E+01  5.42868E-02  3.67574E+00  3.67206E+00  3.68184E+00  3.68390E+00  2.59812E-01  5.73206E-02
-1.60206E+00  2.10690E+01  6.86649E-02  3.90901E+00  3.90269E+00  3.92032E+00  3.91401E+00  2.00890E-01  4.94552E-02
-1.60206E+00  2.10690E+01  8.68511E-02  4.14023E+00  4.13877E+00  4.14761E+00  4.15080E+00  1.52875E-01  4.26242E-02
-1.60206E+00  2.10690E+01  1.09854E-01  4.38501E+00  4.39045E+00  4.39737E+00  4.40273E+00  1.15034E-01  3.67202E-02
-1.60206E+00  2.10690E+01  1.38950E-01  4.63170E+00  4.63550E+00  4.64567E+00  4.64943E+00  8.58686E-02  3.33881E-02
-1.60206E+00  2.10690E+01  1.75751E-01  4.83450E+00  4.83526E+00  4.85266E+00  4.85340E+00  6.37248E-02  3.36327E-02
-1.60206E+00  2.10690E+01  2.22300E-01  5.07903E+00  5.09264E+00  5.10070E+00  5.11429E+00  4.70854E-02  3.39602E-02
-1.60206E+00  2.10690E+01  2.81177E-01  5.31705E+00  5.31941E+00  5.34159E+00  5.34394E+00  3.46733E-02  3.42909E-02
-1.60206E+00  2.10690E+01  3.55648E-01  5.57684E+00  5.58597E+00  5.60371E+00  5.61283E+00  2.54641E-02  3.46246E-02
-1.60206E+00  2.10690E+01  4.49843E-01  5.79618E+00  5.78697E+00  5.82497E+00  5.81576E+00  1.86590E-02  3.49614E-02
-1.60206E+00  2.10690E+01  5.68987E-01  6.01341E+00  6.01523E+00  6.04388E+00  6.04570E+00  1.36463E-02  3.53015E-02
-1.60206E+00  2.10690E+01  7.19686E-01  6.23462E+00  6.24319E+00  6.26640E+00  6.27497E+00  9.96367E-03  3.56447E-02
-1.60206E+00  2.10690E+01  9.10298E-01  6.47726E+00  6.48752E+00  6.51017E+00  6.52044E+00  7.26401E-03  3.59913E-02
-1.60206E+00  2.10690E+01  1.15140E+00  6.68725E+00  6.69696E+00  6.72118E+00  6.73088E+00  5.28871E-03  3.63412E-02
-1.60206E+00  2.10690E+01  1.45635E+00  6.93776E+00  6.93943E+00  6.97258E+00  6.97425E+00  3.84582E-03  3.66945E-02
-1.60206E+00  2.10690E+01  1.84207E+00  7.17074E+00  7.17359E+00  7.20627E+00  7.20912E+00  2.79342E-03  3.70512E-02
-1.60206E+00  2.10690E+01  2.32995E+00  7.42599E+00  7.41995E+00  7.46219E+00  7.45615E+00  2.02688E-03  3.74114E-02
-1.60206E+00  2.10690E+01  2.94705E+00  7.64902E+00  7.63041E+00  7.68585E+00  7.66725E+00  1.46924E-03  3.77750E-02
-1.60206E+00  2.10690E+01  3.72759E+00  7.89192E+00  7.92054E+00  7.92931E+00  7.95793E+00  1.06404E-03  3.81421E-02
-1.60206E+00  2.10690E+01  4.71487E+00  8.11462E+00  8.09746E+00  8.15256E+00  8.13539E+00  7.69921E-04  3.85128E-02
-1.60206E+00  2.10690E+01  5.96362E+00  8.39492E+00  8.40309E+00  8.43333E+00  8.44150E+00  5.56650E-04  3.88871E-02
-1.60206E+00  2.10690E+01  7.54312E+00  8.62489E+00  8.64555E+00  8.66377E+00  8.68444E+00  4.02147E-04  3.92650E-02
-1.60206E+00  2.10690E+01  9.54095E+00  8.80848E+00  8.81193E+00  8.84783E+00  8.85129E+00  2.90316E-04  3.96466E-02
-1.60206E+00  2.10690E+01  1.20679E+01  9.06998E+00  9.08961E+00  9.10979E+00  9.12941E+00  2.09440E-04  4.00319E-02
-1.60206E+00  2.10690E+01  1.52642E+01  9.31237E+00  9.31037E+00  9.35260E+00  9.35061E+00  1.50995E-04  4.04210E-02
-1.60206E+00  2.10690E+01  1.93070E+01  9.49162E+00  9.48364E+00  9.53229E+00  9.52432E+00  1.08792E-04  4.08138E-02
-1.60206E+00  2.10690E+01  2.44205E+01  9.74651E+00  9.74123E+00  9.78762E+00  9.78234E+00  7.83378E-05  4.12104E-02
-1.60206E+00  2.10690E+01  3.08884E+01  1.00630E+01  1.00724E+01  1.01045E+01  1.01139E+01  5.63770E-05  4.16109E-02
-1.60206E+00  2.10690E+01  3.90694E+01  1.02280E+01  1.02418E+01  1.02699E+01  1.02838E+01  4.05508E-05  4.20153E-02
-1.60206E+00  2.10690E+01  4.94171E+01  1.05040E+01  1.05087E+01  1.05464E+01  1.05511E+01  2.91524E-05  4.24236E-02
-1.60206E+00  2.10690E+01  6.25055E+01  1.06742E+01  1.06955E+01  1.07170E+01  1.07383E+01  2.09476E-05  4.28359E-02
-1.60206E+00  2.10690E+01  7.90604E+01  1.09560E+01  1.09663E+01  1.09992E+01  1.10095E+01  1.50449E-05  4.32522E-02
-1.60206E+00  2.10690E+01  1.00000E+02  1.11280E+01  1.11438E+01  1.11716E+01  1.11874E+01  1.08007E-05  4.36725E-02
# T =  0  2.50000E-02
# D =  7  2.59294E+21
-1.60206E+00  2.14138E+01  1.00000E-03  9.67597E-04  1.45916E-03  6.95281E-02  6.98157E-02  2.03739E-02  6.90767E-02
-1.60206E+00  2.14138E+01  1.26486E-03  7.75533E-03  1.24477E-02  9.28281E-02  9.61639E-02  3.11860E-02  8.87091E-02
-1.60206E+00  2.14138E+01  1.59986E-03  2.68163E-02  4.53314E-02  1.24452E-01  1.39622E-01  4.63886E-02  1.08552E-01
-1.60206E+00  2.14138E+01  2.02359E-03  6.72850E-02  1.15134E-01  1.71626E-01  2.11914E-01  6.72793E-02  1.27838E-01
-1.60206E+00  2.14138E+01  2.55955E-03  1.42835E-01  2.36120E-01  2.45473E-01  3.22547E-01  9.52658E-02  1.45041E-01
-1.60206E+00  2.14138E+01  3.23746E-03  2.74036E-01  4.21377E-01  3.63737E-01  4.83280E-01  1.31697E-01  1.58409E-01
-1.60206E+00  2.14138E+01  4.09492E-03  4.91532E-01  6.80748E-01  5.55493E-01  7.08236E-01  1.77604E-01  1.67622E-01
-1.60206E+00  2.14138E+01  5.17947E-03  8.36907E-01  1.00901E+00  8.60036E-01  1.00168E+00  2.33316E-01  1.72074E-01
-1.60206E+00  2.14138E+01  6.55129E-03  1.24390E+00  1.33829E+00  1.23177E+00  1.31362E+00  2.97874E-01  1.70640E-01
-1.60206E+00  2.14138E+01  8.28643E-03  1.56445E+00  1.62159E+00  1.53686E+00  1.59778E+00  3.68202E-01  1.61836E-01
-1.60206E+00  2.14138E+01  1.04811E-02  1.83342E+00  1.88811E+00  1.80902E+00  1.86593E+00  4.38203E-01  1.46576E-01
-1.60206E+00  2.14138E+01  1.32571E-02  2.10494E+00  2.12671E+00  2.08768E+00  2.10770E+00  4.98431E-01  1.28549E-01
-1.60206E+00  2.14138E+01  1.67683E-02  2.34686E+00  2.37919E+00  2.33264E+00  2.36677E+00  5.37503E-01  1.11939E-01
-1.60206E+00  2.14138E+01  2.12095E-02  2.60766E+00  2.62421E+00  2.59711E+00  2.61887E+00  5.45951E-01  9.86948E-02
-1.60206E+00  2.14138E+01  2.68270E-02  2.85259E+00  2.84806E+00  2.84311E+00  2.84895E+00  5.20982E-01  8.70143E-02
-1.60206E+00  2.14138E+01  3.39322E-02  3.08270E+00  3.08511E+00  3.08598E+00  3.08428E+00  4.68442E-01  7.60837E-02
-1.60206E+00  2.14138E+01  4.29193E-02  3.31564E+00  3.35308E+00  3.32539E+00  3.36214E+00  3.99931E-01  6.61618E-02
-1.60206E+00  2.14138E+01  5.42868E-02  3.54166E+00  3.58384E+00  3.55137E+00  3.59452E+00  3.27495E-01  5.72400E-02
-1.60206E+00  2.14138E+01  6.86649E-02  3.78224E+00  3.82702E+00  3.79430E+00  3.83905E+00  2.59846E-01  4.94110E-02
-1.60206E+00  2.14138E+01  8.68511E-02  4.02516E+00  4.02567E+00  4.03781E+00  4.03818E+00  2.01495E-01  4.26076E-02
-1.60206E+00  2.14138E+01  1.09854E-01  4.26858E+00  4.26827E+00  4.28127E+00  4.28090E+00  1.53717E-01  3.67311E-02
-1.60206E+00  2.14138E+01  1.38950E-01  4.51805E+00  4.51590E+00  4.53226E+00  4.53007E+00  1.15920E-01  3.34522E-02
-1.60206E+00  2.14138E+01  1.75751E-01  4.74643E+00  4.75237E+00  4.76463E+00  4.77055E+00  8.66966E-02  3.35903E-02
-1.60206E+00  2.14138E+01  2.22300E-01  5.01901E+00  5.01720E+00  5.04073E+00  5.03714E+00  6.44499E-02  3.39386E-02
-1.60206E+00  2.14138E+01  2.81177E-01  5.21375E+00  5.22251E+00  5.23832E+00  5.24708E+00  4.76949E-02  3.42902E-02
-1.60206E+00  2.14138E+01  3.55648E-01  5.44913E+00  5.44844E+00  5.47607E+00  5.47537E+00  3.51715E-02  3.46452E-02
-1.60206E+00  2.14138E+01  4.49843E-01  5.66867E+00  5.71521E+00  5.69756E+00  5.74409E+00  2.58631E-02  3.50038E-02
-1.60206E+00  2.14138E+01  5.68987E-01  5.92855E+00  5.92701E+00  5.95905E+00  5.95751E+00  1.89736E-02  3.53659E-02
-1.60206E+00  2.14138E+01  7.19686E-01  6.17783E+00  6.17553E+00  6.20971E+00  6.20741E+00  1.38914E-02  3.57316E-02
-1.60206E+00  2.14138E+01  9.10298E-01  6.38024E+00  6.39117E+00  6.41331E+00  6.42424E+00  1.01528E-02  3.61011E-02
-1.60206E+00  2.14138E+01  1.15140E+00  6.64814E+00  6.64630E+00  6.68218E+00  6.68035E+00  7.40874E-03  3.64742E-02
-1.60206E+00  2.14138E+01  1.45635E+00  6.87557E+00  6.86887E+00  6.91050E+00  6.90381E+00  5.39874E-03  3.68512E-02
-1.60206E+00  2.14138E+01  1.84207E+00  7.11802E+00  7.11969E+00  7.15375E+00  7.15541E+00  3.92899E-03  3.72321E-02
-1.60206E+00  2.14138E+01  2.32995E+00  7.35132E+00  7.32421E+00  7.38776E+00  7.36065E+00  2.85598E-03  3.76168E-02
-1.60206E+00  2.14138E+01  2.94705E+00  7.57163E+00  7.54480E+00  7.60867E+00  7.58184E+00  2.07373E-03  3.80055E-02
-1.60206E+00  2.14138E+01  3.72759E+00  7.81863E+00  7.79403E+00  7.85628E+00  7.83168E+00  1.50419E-03  3.83981E-02
-1.60206E+00  2.14138E+01  4.71487E+00  8.03706E+00  8.01640E+00  8.07527E+00  8.05460E+00  1.09003E-03  3.87948E-02
-1.60206E+00  2.14138E+01  5.96362E+00  8.30214E+00  8.27706E+00  8.34087E+00  8.31579E+00  7.89195E-04  3.91956E-02
-1.60206E+00  2.14138E+01  7.54312E+00  8.46374E+00  8.43733E+00  8.50298E+00  8.47657E+00  5.70902E-04  3.96006E-02
-1.60206E+00  2.14138E+01  9.54095E+00  8.75835E+00  8.72420E+00  8.79806E+00  8.76391E+00  4.12659E-04  4.00097E-02
-1.60206E+00  2.14138E+01  1.20679E+01  9.01669E+00  8.98195E+00  9.05688E+00  9.02214E+00  2.98053E-04  4.04230E-02
-1.60206E+00  2.14138E+01  1.52642E+01  9.18549E+00  9.16726E+00  9.22615E+00  9.20792E+00  2.15122E-04  4.08406E-02
-1.60206E+00  2.14138E+01  1.93070E+01  9.42525E+00  9.42065E+00  9.46636E+00  9.46176E+00  1.55161E-04  4.12624E-02
-1.60206E+00  2.14138E+01  2.44205E+01  9.69924E+00  9.68984E+00  9.74081E+00  9.73142E+00  1.11841E-04  4.16887E-02
-1.60206E+00  2.14138E+01  3.08884E+01  9.87500E+00  9.84270E+00  9.91703E+00  9.88473E+00  8.05662E-05  4.21193E-02
-1.60206E+00  2.14138E+01  3.90694E+01  1.00937E+01  1.00875E+01  1.01361E+01  1.01300E+01  5.80031E-05  4.25544E-02
-1.60206E+00  2.14138E+01  4.94171E+01  1.03677E+01  1.03514E+01  1.04106E+01  1.03943E+01  4.17358E-05  4.29940E-02
-1.60206E+00  2.14138E+01  6.25055E+01  1.06442E+01  1.06208E+01  1.06876E+01  1.06642E+01  3.00148E-05  4.34381E-02
-1.60206E+00  2.14138E+01  7.90604E+01  1.08368E+01  1.08153E+01  1.08806E+01  1.08591E+01  2.15746E-05  4.38868E-02
-1.60206E+00  2.14138E+01  1.00000E+02  1.10726E+01  1.10612E+01  1.11169E+01  1.11056E+01  1.55003E-05  4.43402E-02
# T =  0  2.50000E-02
# D =  8  5.73615E+21
-1.60206E+00  2.17586E+01  1.00000E-03  4.17481E-03  7.80991E-03  3.63698E-02  3.96700E-02  1.00337E-02  3.37882E-02
-1.60206E+00  2.17586E+01  1.26486E-03  1.21513E-02  2.34625E-02  5.36419E-02  6.44717E-02  1.63723E-02  4.55863E-02
-1.60206E+00  2.17586E+01  1.59986E-03  2.79596E-02  5.36191E-02  8.00368E-02  1.04465E-01  2.56393E-02  6.03492E-02
-1.60206E+00  2.17586E+01  2.02359E-03  5.63602E-02  1.04622E-01  1.19712E-01  1.64482E-01  3.88598E-02  7.79245E-02
-1.60206E+00  2.17586E+01  2.55955E-03  1.04532E-01  1.84622E-01  1.77252E-01  2.49414E-01  5.72932E-02  9.62552E-02
-1.60206E+00  2.17586E+01  3.23746E-03  1.83350E-01  3.03996E-01  2.61396E-01  3.67496E-01  8.23724E-02  1.13840E-01
-1.60206E+00  2.17586E+01  4.09492E-03  3.09461E-01  4.75363E-01  3.86031E-01  5.29583E-01  1.15554E-01  1.28622E-01
-1.60206E+00  2.17586E+01  5.17947E-03  5.09064E-01  7.13111E-01  5.75467E-01  7.50752E-01  1.58057E-01  1.39547E-01
-1.60206E+00  2.17586E+01  6.55129E-03  8.27418E-01  1.02896E+00  8.71659E-01  1.04465E+00  2.10468E-01  1.45178E-01
-1.60206E+00  2.17586E+01  8.28643E-03  1.26682E+00  1.37001E+00  1.26935E+00  1.37576E+00  2.72154E-01  1.44766E-01
-1.60206E+00  2.17586E+01  1.04811E-02  1.59118E+00  1.65152E+00  1.58966E+00  1.64285E+00  3.40445E-01  1.37415E-01
-1.60206E+00  2.17586E+01  1.32571E-02  1.87314E+00  1.92631E+00  1.86637E+00  1.92059E+00  4.09725E-01  1.24451E-01
-1.60206E+00  2.17586E+01  1.67683E-02  2.14970E+00  2.19072E+00  2.14605E+00  2.18096E+00  4.70998E-01  1.09568E-01
-1.60206E+00  2.17586E+01  2.12095E-02  2.41991E+00  2.43997E+00  2.41561E+00  2.43765E+00  5.13066E-01  9.64676E-02
-1.60206E+00  2.17586E+01  2.68270E-02  2.65455E+00  2.67316E+00  2.65274E+00  2.67464E+00  5.26121E-01  8.54248E-02
-1.60206E+00  2.17586E+01  3.39322E-02  2.90191E+00  2.90412E+00  2.90588E+00  2.91076E+00  5.06491E-01  7.51280E-02
-1.60206E+00  2.17586E+01  4.29193E-02  3.13841E+00  3.17779E+00  3.14933E+00  3.18683E+00  4.58980E-01  6.55181E-02
-1.60206E+00  2.17586E+01  5.42868E-02  3.37540E+00  3.41936E+00  3.38167E+00  3.43131E+00  3.94476E-01  5.68566E-02
-1.60206E+00  2.17586E+01  6.86649E-02  3.61447E+00  3.61644E+00  3.62774E+00  3.62842E+00  3.24826E-01  4.91542E-02
-1.60206E+00  2.17586E+01  8.68511E-02  3.85655E+00  3.86353E+00  3.86998E+00  3.87658E+00  2.58904E-01  4.24360E-02
-1.60206E+00  2.17586E+01  1.09854E-01  4.11744E+00  4.11059E+00  4.12961E+00  4.12363E+00  2.01516E-01  3.66777E-02
-1.60206E+00  2.17586E+01  1.38950E-01  4.33543E+00  4.34048E+00  4.34833E+00  4.35494E+00  1.54210E-01  3.34544E-02
-1.60206E+00  2.17586E+01  1.75751E-01  4.59264E+00  4.59691E+00  4.60853E+00  4.61512E+00  1.16596E-01  3.33923E-02
-1.60206E+00  2.17586E+01  2.22300E-01  4.80822E+00  4.79918E+00  4.82989E+00  4.82081E+00  8.73973E-02  3.37555E-02
-1.60206E+00  2.17586E+01  2.81177E-01  5.07134E+00  5.06510E+00  5.09425E+00  5.08957E+00  6.50975E-02  3.41221E-02
-1.60206E+00  2.17586E+01  3.55648E-01  5.30673E+00  5.30239E+00  5.33356E+00  5.32920E+00  4.82570E-02  3.44923E-02
-1.60206E+00  2.17586E+01  4.49843E-01  5.51008E+00  5.51445E+00  5.53886E+00  5.54322E+00  3.56407E-02  3.48662E-02
-1.60206E+00  2.17586E+01  5.68987E-01  5.76866E+00  5.76448E+00  5.79907E+00  5.79489E+00  2.62444E-02  3.52439E-02
-1.60206E+00  2.17586E+01  7.19686E-01  5.99586E+00  5.97787E+00  6.02765E+00  6.00966E+00  1.92776E-02  3.56255E-02
-1.60206E+00  2.17586E+01  9.10298E-01  6.22753E+00  6.24749E+00  6.26050E+00  6.28045E+00  1.41303E-02  3.60110E-02
-1.60206E+00  2.17586E+01  1.15140E+00  6.45107E+00  6.45353E+00  6.48507E+00  6.48753E+00  1.03383E-02  3.64007E-02
-1.60206E+00  2.17586E+01  1.45635E+00  6.70623E+00  6.70746E+00  6.74113E+00  6.74236E+00  7.55154E-03  3.67944E-02
-1.60206E+00  2.17586E+01  1.84207E+00  6.93599E+00  6.92772E+00  6.97166E+00  6.96339E+00  5.50780E-03  3.71923E-02
-1.60206E+00  2.17586E+01  2.32995E+00  7.18767E+00  7.19821E+00  7.22407E+00  7.23461E+00  4.01175E-03  3.75945E-02
-1.60206E+00  2.17586E+01  2.94705E+00  7.40600E+00  7.42146E+00  7.44306E+00  7.45852E+00  2.91844E-03  3.80009E-02
-1.60206E+00  2.17586E+01  3.72759E+00  7.60914E+00  7.61350E+00  7.64681E+00  7.65117E+00  2.12064E-03  3.84117E-02
-1.60206E+00  2.17586E+01  4.71487E+00  7.89955E+00  7.89691E+00  7.93777E+00  7.93513E+00  1.53929E-03  3.88269E-02
-1.60206E+00  2.17586E+01  5.96362E+00  8.12829E+00  8.11059E+00  8.16707E+00  8.14937E+00  1.11619E-03  3.92466E-02
-1.60206E+00  2.17586E+01  7.54312E+00  8.31986E+00  8.29780E+00  8.35916E+00  8.33710E+00  8.08626E-04  3.96708E-02
-1.60206E+00  2.17586E+01  9.54095E+00  8.57533E+00  8.56876E+00  8.61514E+00  8.60857E+00  5.85296E-04  4.00995E-02
-1.60206E+00  2.17586E+01  1.20679E+01  8.82544E+00  8.79728E+00  8.86575E+00  8.83758E+00  4.23294E-04  4.05329E-02
-1.60206E+00  2.17586E+01  1.52642E+01  9.04347E+00  9.03116E+00  9.08425E+00  9.07194E+00  3.05892E-04  4.09710E-02
-1.60206E+00  2.17586E+01  1.93070E+01  9.30972E+00  9.29239E+00  9.35098E+00  9.33366E+00  2.20888E-04  4.14137E-02
-1.60206E+00  2.17586E+01  2.44205E+01  9.49014E+00  9.48110E+00  9.53189E+00  9.52285E+00  1.59394E-04  4.18613E-02
-1.60206E+00  2.17586E+01  3.08884E+01  9.75673E+00  9.73821E+00  9.79895E+00  9.78043E+00  1.14942E-04  4.23137E-02
-1.60206E+00  2.17586E+01  3.90694E+01  9.93325E+00  9.92087E+00  9.97595E+00  9.96357E+00  8.28350E-05  4.27709E-02
-1.60206E+00  2.17586E+01  4.94171E+01  1.02078E+01  1.01950E+01  1.02510E+01  1.02382E+01  5.96603E-05  4.32332E-02
-1.60206E+00  2.17586E+01  6.25055E+01  1.04486E+01  1.04320E+01  1.04922E+01  1.04757E+01  4.29446E-05  4.37004E-02
-1.60206E+00  2.17586E+01  7.90604E+01  1.07004E+01  1.06868E+01  1.07445E+01  1.07309E+01  3.08953E-05  4.41726E-02
-1.60206E+00  2.17586E+01  1.00000E+02  1.08980E+01  1.08740E+01  1.09427E+01  1.09186E+01  2.22152E-05  4.46499E-02
# T =  0  2.50000E-02
# D =  9  1.26896E+22
-1.60206E+00  2.21034E+01  1.00000E-03  6.15078E-03  1.22548E-02  2.04499E-02  2.66917E-02  4.18341E-03  1.58154E-02
-1.60206E+00  2.21034E+01  1.26486E-03  1.26921E-02  2.48394E-02  3.16753E-02  4.40527E-02  7.54694E-03  2.17934E-02
-1.60206E+00  2.21034E+01  1.59986E-03  2.38443E-02  4.53319E-02  4.88220E-02  7.03719E-02  1.27555E-02  2.97268E-02
-1.60206E+00  2.21034E+01  2.02359E-03  4.20691E-02  7.71418E-02  7.44555E-02  1.08878E-01  2.05208E-02  3.99352E-02
-1.60206E+00  2.21034E+01  2.55955E-03  7.10300E-02  1.24907E-01  1.12123E-01  1.63812E-01  3.17739E-02  5.25749E-02
-1.60206E+00  2.21034E+01  3.23746E-03  1.16200E-01  1.94984E-01  1.66795E-01  2.40827E-01  4.76933E-02  6.74679E-02
-1.60206E+00  2.21034E+01  4.09492E-03  1.85789E-01  2.95928E-01  2.44939E-01  3.46715E-01  6.96801E-02  8.32250E-02
-1.60206E+00  2.21034E+01  5.17947E-03  2.92277E-01  4.39045E-01  3.56960E-01  4.91030E-01  9.92432E-02  9.81255E-02
-1.60206E+00  2.21034E+01  6.55129E-03  4.55144E-01  6.39211E-01  5.19655E-01  6.86760E-01  1.37761E-01  1.09816E-01
-1.60206E+00  2.21034E+01  8.28643E-03  7.07695E-01  9.16605E-01  7.64788E-01  9.53978E-01  1.86090E-01  1.17172E-01
-1.60206E+00  2.21034E+01  1.04811E-02  1.14621E+00  1.28452E+00  1.19653E+00  1.31906E+00  2.43979E-01  1.19197E-01
-1.60206E+00  2.21034E+01  1.32571E-02  1.52030E+00  1.60117E+00  1.53711E+00  1.61351E+00  3.09268E-01  1.14922E-01
-1.60206E+00  2.21034E+01  1.67683E-02  1.83024E+00  1.88605E+00  1.83711E+00  1.89623E+00  3.76962E-01  1.05192E-01
-1.60206E+00  2.21034E+01  2.12095E-02  2.10052E+00  2.15604E+00  2.12061E+00  2.16558E+00  4.38695E-01  9.34208E-02
-1.60206E+00  2.21034E+01  2.68270E-02  2.38829E+00  2.39428E+00  2.39914E+00  2.40456E+00  4.83621E-01  8.29946E-02
-1.60206E+00  2.21034E+01  3.39322E-02  2.62462E+00  2.64562E+00  2.63726E+00  2.65803E+00  5.01657E-01  7.36559E-02
-1.60206E+00  2.21034E+01  4.29193E-02  2.88775E+00  2.88668E+00  2.89672E+00  2.90024E+00  4.88143E-01  6.46754E-02
-1.60206E+00  2.21034E+01  5.42868E-02  3.12712E+00  3.12848E+00  3.13737E+00  3.14317E+00  4.46606E-01  5.63762E-02
-1.60206E+00  2.21034E+01  6.86649E-02  3.36506E+00  3.37306E+00  3.37947E+00  3.38736E+00  3.86991E-01  4.88762E-02
-1.60206E+00  2.21034E+01  8.68511E-02  3.61568E+00  3.61907E+00  3.62845E+00  3.63050E+00  3.20818E-01  4.22658E-02
-1.60206E+00  2.21034E+01  1.09854E-01  3.87043E+00  3.86728E+00  3.88437E+00  3.88007E+00  2.57110E-01  3.67171E-02
-1.60206E+00  2.21034E+01  1.38950E-01  4.09234E+00  4.08371E+00  4.10745E+00  4.09881E+00  2.01003E-01  3.35385E-02
-1.60206E+00  2.21034E+01  1.75751E-01  4.34558E+00  4.35294E+00  4.36395E+00  4.37130E+00  1.54371E-01  3.32235E-02
-1.60206E+00  2.21034E+01  2.22300E-01  4.56163E+00  4.55648E+00  4.58342E+00  4.57824E+00  1.17064E-01  3.36732E-02
-1.60206E+00  2.21034E+01  2.81177E-01  4.79167E+00  4.79569E+00  4.81628E+00  4.82029E+00  8.79685E-02  3.41280E-02
-1.60206E+00  2.21034E+01  3.55648E-01  5.06601E+00  5.06373E+00  5.09301E+00  5.09073E+00  6.56640E-02  3.45880E-02
-1.60206E+00  2.21034E+01  4.49843E-01  5.27413E+00  5.26464E+00  5.30315E+00  5.29365E+00  4.87684E-02  3.50537E-02
-1.60206E+00  2.21034E+01  5.68987E-01  5.52170E+00  5.52906E+00  5.55242E+00  5.55978E+00  3.60783E-02  3.55250E-02
-1.60206E+00  2.21034E+01  7.19686E-01  5.74416E+00  5.74374E+00  5.77635E+00  5.77593E+00  2.66063E-02  3.60023E-02
-1.60206E+00  2.21034E+01  9.10298E-01  5.99162E+00  5.98464E+00  6.02507E+00  6.01810E+00  1.95697E-02  3.64857E-02
-1.60206E+00  2.21034E+01  1.15140E+00  6.21148E+00  6.21162E+00  6.24605E+00  6.24620E+00  1.43620E-02  3.69752E-02
-1.60206E+00  2.21034E+01  1.45635E+00  6.47373E+00  6.47926E+00  6.50930E+00  6.51482E+00  1.05196E-02  3.74712E-02
-1.60206E+00  2.21034E+01  1.84207E+00  6.68412E+00  6.69454E+00  6.72060E+00  6.73102E+00  7.69194E-03  3.79736E-02
-1.60206E+00  2.21034E+01  2.32995E+00  6.94790E+00  6.94883E+00  6.98519E+00  6.98612E+00  5.61557E-03  3.84826E-02
-1.60206E+00  2.21034E+01  2.94705E+00  7.17068E+00  7.14336E+00  7.20872E+00  7.18141E+00  4.09389E-03  3.89983E-02
-1.60206E+00  2.21034E+01  3.72759E+00  7.38309E+00  7.37362E+00  7.42186E+00  7.41239E+00  2.98066E-03  3.95209E-02
-1.60206E+00  2.21034E+01  4.71487E+00  7.64844E+00  7.64861E+00  7.68791E+00  7.68807E+00  2.16753E-03  4.00504E-02
-1.60206E+00  2.21034E+01  5.96362E+00  7.88986E+00  7.88511E+00  7.92998E+00  7.92523E+00  1.57446E-03  4.05869E-02
-1.60206E+00  2.21034E+01  7.54312E+00  8.10438E+00  8.11015E+00  8.14513E+00  8.15091E+00  1.14246E-03  4.11306E-02
-1.60206E+00  2.21034E+01  9.54095E+00  8.36725E+00  8.35187E+00  8.40864E+00  8.39326E+00  8.28190E-04  4.16815E-02
-1.60206E+00  2.21034E+01  1.20679E+01  8.57825E+00  8.56536E+00  8.62026E+00  8.60737E+00  5.99816E-04  4.22397E-02
-1.60206E+00  2.21034E+01  1.52642E+01  8.78602E+00  8.77399E+00  8.82864E+00  8.81661E+00  4.34041E-04  4.28055E-02
-1.60206E+00  2.21034E+01  1.93070E+01  9.07994E+00  9.05654E+00  9.12318E+00  9.09978E+00  3.13827E-04  4.33787E-02
-1.60206E+00  2.21034E+01  2.44205E+01  9.30457E+00  9.29168E+00  9.34842E+00  9.33552E+00  2.26733E-04  4.39597E-02
-1.60206E+00  2.21034E+01  3.08884E+01  9.52158E+00  9.51757E+00  9.56604E+00  9.56202E+00  1.63690E-04  4.45484E-02
-1.60206E+00  2.21034E+01  3.90694E+01  9.72140E+00  9.70566E+00  9.76647E+00  9.75074E+00  1.18094E-04  4.51450E-02
-1.60206E+00  2.21034E+01  4.94171E+01  1.00212E+01  1.00220E+01  1.00669E+01  1.00676E+01  8.51433E-05  4.57495E-02
-1.60206E+00  2.21034E+01  6.25055E+01  1.01980E+01  1.02047E+01  1.02443E+01  1.02510E+01  6.13482E-05  4.63622E-02
-1.60206E+00  2.21034E+01  7.90604E+01  1.03853E+01  1.03864E+01  1.04323E+01  1.04333E+01  4.41769E-05  4.69830E-02
-1.60206E+00  2.21034E+01  1.00000E+02  1.07061E+01  1.06988E+01  1.07537E+01  1.07464E+01  3.17938E-05  4.76122E-02
# T =  0  2.50000E-02
# D = 10  2.80722E+22
-1.60206E+00  2.24483E+01  1.00000E-03  5.97646E-03  1.11802E-02  1.20584E-02  1.74027E-02  1.34729E-03  6.99502E-03
-1.60206E+00  2.24483E+01  1.26486E-03  1.05132E-02  1.92423E-02  1.87099E-02  2.76329E-02  2.86167E-03  9.67482E-03
-1.60206E+00  2.24483E+01  1.59986E-03  1.76707E-02  3.15364E-02  2.86831E-02  4.27258E-02  5.46597E-03  1.33113E-02
-1.60206E+00  2.24483E+01  2.02359E-03  2.87300E-02  4.98538E-02  4.34507E-02  6.45886E-02  9.64207E-03  1.81934E-02
-1.60206E+00  2.24483E+01  2.55955E-03  4.55688E-02  7.67091E-02  6.50696E-02  9.58181E-02  1.60215E-02  2.46260E-02
-1.60206E+00  2.24483E+01  3.23746E-03  7.09472E-02  1.15588E-01  9.64179E-02  1.39914E-01  2.54348E-02  3.28820E-02
-1.60206E+00  2.24483E+01  4.09492E-03  1.08929E-01  1.71326E-01  1.41616E-01  2.01679E-01  3.89553E-02  4.31964E-02
-1.60206E+00  2.24483E+01  5.17947E-03  1.65527E-01  2.50553E-01  2.06473E-01  2.87500E-01  5.79059E-02  5.55526E-02
-1.60206E+00  2.24483E+01  6.55129E-03  2.49710E-01  3.62295E-01  2.98779E-01  4.05298E-01  8.37888E-02  6.89523E-02
-1.60206E+00  2.24483E+01  8.28643E-03  3.75063E-01  5.18886E-01  4.29283E-01  5.64798E-01  1.18090E-01  8.06989E-02
-1.60206E+00  2.24483E+01  1.04811E-02  5.63045E-01  7.37443E-01  6.18340E-01  7.82469E-01  1.61912E-01  8.97798E-02
-1.60206E+00  2.24483E+01  1.32571E-02  8.53140E-01  1.04720E+00  9.04550E-01  1.08734E+00  2.15406E-01  9.53027E-02
-1.60206E+00  2.24483E+01  1.67683E-02  1.35133E+00  1.45070E+00  1.37530E+00  1.47119E+00  2.76971E-01  9.44856E-02
-1.60206E+00  2.24483E+01  2.12095E-02  1.67143E+00  1.73571E+00  1.72475E+00  1.75717E+00  3.42324E-01  8.86138E-02
-1.60206E+00  2.24483E+01  2.68270E-02  2.00401E+00  2.02592E+00  2.01996E+00  2.04502E+00  4.03847E-01  7.97257E-02
-1.60206E+00  2.24483E+01  3.39322E-02  2.26824E+00  2.30235E+00  2.28697E+00  2.32004E+00  4.51194E-01  7.14101E-02
-1.60206E+00  2.24483E+01  4.29193E-02  2.54598E+00  2.54643E+00  2.56135E+00  2.56132E+00  4.74123E-01  6.35585E-02
-1.60206E+00  2.24483E+01  5.42868E-02  2.78760E+00  2.80779E+00  2.80582E+00  2.82427E+00  4.66996E-01  5.58642E-02
-1.60206E+00  2.24483E+01  6.86649E-02  3.02775E+00  3.05664E+00  3.04430E+00  3.07238E+00  4.31950E-01  4.87282E-02
-1.60206E+00  2.24483E+01  8.68511E-02  3.30090E+00  3.30079E+00  3.31584E+00  3.31676E+00  3.77806E-01  4.22988E-02
-1.60206E+00  2.24483E+01  1.09854E-01  3.51906E+00  3.54364E+00  3.53461E+00  3.55909E+00  3.15625E-01  3.70768E-02
-1.60206E+00  2.24483E+01  1.38950E-01  3.77333E+00  3.77636E+00  3.78823E+00  3.79254E+00  2.54523E-01  3.39084E-02
-1.60206E+00  2.24483E+01  1.75751E-01  4.02542E+00  4.02814E+00  4.04426E+00  4.04698E+00  1.99974E-01  3.32126E-02
-1.60206E+00  2.24483E+01  2.22300E-01  4.24065E+00  4.23495E+00  4.26156E+00  4.25709E+00  1.54199E-01  3.37241E-02
-1.60206E+00  2.24483E+01  2.81177E-01  4.49508E+00  4.50441E+00  4.52004E+00  4.52935E+00  1.17320E-01  3.42707E-02
-1.60206E+00  2.24483E+01  3.55648E-01  4.73696E+00  4.74085E+00  4.76433E+00  4.76819E+00  8.84038E-02  3.48245E-02
-1.60206E+00  2.24483E+01  4.49843E-01  4.95218E+00  4.95886E+00  4.98160E+00  4.98828E+00  6.61439E-02  3.53859E-02
-1.60206E+00  2.24483E+01  5.68987E-01  5.18764E+00  5.20040E+00  5.21885E+00  5.23159E+00  4.92249E-02  3.59553E-02
-1.60206E+00  2.24483E+01  7.19686E-01  5.41641E+00  5.40698E+00  5.44916E+00  5.43972E+00  3.64812E-02  3.65330E-02
-1.60206E+00  2.24483E+01  9.10298E-01  5.66333E+00  5.66937E+00  5.69744E+00  5.70348E+00  2.69463E-02  3.71193E-02
-1.60206E+00  2.24483E+01  1.15140E+00  5.88284E+00  5.89085E+00  5.91817E+00  5.92618E+00  1.98483E-02  3.77145E-02
-1.60206E+00  2.24483E+01  1.45635E+00  6.13667E+00  6.13584E+00  6.17310E+00  6.17226E+00  1.45855E-02  3.83187E-02
-1.60206E+00  2.24483E+01  1.84207E+00  6.36201E+00  6.35733E+00  6.39944E+00  6.39476E+00  1.06960E-02  3.89323E-02
-1.60206E+00  2.24483E+01  2.32995E+00  6.62099E+00  6.62155E+00  6.65935E+00  6.65991E+00  7.82946E-03  3.95554E-02
-1.60206E+00  2.24483E+01  2.94705E+00  6.84238E+00  6.85185E+00  6.88163E+00  6.89111E+00  5.72174E-03  4.01882E-02
-1.60206E+00  2.24483E+01  3.72759E+00  7.11002E+00  7.11130E+00  7.15010E+00  7.15138E+00  4.17518E-03  4.08310E-02
-1.60206E+00  2.24483E+01  4.71487E+00  7.32715E+00  7.32317E+00  7.36804E+00  7.36406E+00  3.04249E-03  4.14840E-02
-1.60206E+00  2.24483E+01  5.96362E+00  7.54188E+00  7.54962E+00  7.58356E+00  7.59130E+00  2.21428E-03  4.21472E-02
-1.60206E+00  2.24483E+01  7.54312E+00  7.79758E+00  7.79472E+00  7.84003E+00  7.83718E+00  1.60963E-03  4.28210E-02
-1.60206E+00  2.24483E+01  9.54095E+00  8.00895E+00  8.01943E+00  8.05216E+00  8.06264E+00  1.16882E-03  4.35054E-02
-1.60206E+00  2.24483E+01  1.20679E+01  8.25589E+00  8.25893E+00  8.29986E+00  8.30290E+00  8.47858E-04  4.42008E-02
-1.60206E+00  2.24483E+01  1.52642E+01  8.51120E+00  8.52943E+00  8.55593E+00  8.57415E+00  6.14445E-04  4.49072E-02
-1.60206E+00  2.24483E+01  1.93070E+01  8.74893E+00  8.73285E+00  8.79441E+00  8.77833E+00  4.44889E-04  4.56248E-02
-1.60206E+00  2.24483E+01  2.44205E+01  8.96681E+00  8.95685E+00  9.01306E+00  9.00309E+00  3.21849E-04  4.63539E-02
-1.60206E+00  2.24483E+01  3.08884E+01  9.19120E+00  9.18333E+00  9.23820E+00  9.23033E+00  2.32651E-04  4.70946E-02
-1.60206E+00  2.24483E+01  3.90694E+01  9.48083E+00  9.46991E+00  9.52860E+00  9.51769E+00  1.68046E-04  4.78472E-02
-1.60206E+00  2.24483E+01  4.94171E+01  9.66412E+00  9.65423E+00  9.71268E+00  9.70278E+00  1.21294E-04  4.86117E-02
-1.60206E+00  2.24483E+01  6.25055E+01  9.90700E+00  9.89500E+00  9.95635E+00  9.94434E+00  8.74899E-05  4.93884E-02
-1.60206E+00  2.24483E+01  7.90604E+01  1.01149E+01  1.01190E+01  1.01650E+01  1.01691E+01  6.30659E-05  5.01776E-02
-1.60206E+00  2.24483E+01  1.00000E+02  1.03948E+01  1.03783E+01  1.04458E+01  1.04292E+01  4.54323E-05  5.09793E-02
# T =  0  2.50000E-02
# D = 11  6.21017E+22
-1.60206E+00  2.27931E+01  1.00000E-03  4.64868E-03  7.93245E-03  7.20031E-03  1.05148E-02  2.87389E-04  2.99739E-03
-1.60206E+00  2.27931E+01  1.26486E-03  7.51700E-03  1.26203E-02  1.10249E-02  1.61678E-02  7.95228E-04  4.18615E-03
-1.60206E+00  2.27931E+01  1.59986E-03  1.18525E-02  1.95483E-02  1.66570E-02  2.43855E-02  1.85382E-03  5.81657E-03
-1.60206E+00  2.27931E+01  2.02359E-03  1.83319E-02  2.96636E-02  2.48845E-02  3.62081E-02  3.79689E-03  8.04034E-03
-1.60206E+00  2.27931E+01  2.55955E-03  2.79355E-02  4.42862E-02  3.68361E-02  5.30785E-02  7.05673E-03  1.10593E-02
-1.60206E+00  2.27931E+01  3.23746E-03  4.20849E-02  6.52689E-02  5.41325E-02  7.70138E-02  1.21940E-02  1.51406E-02
-1.60206E+00  2.27931E+01  4.09492E-03  6.28452E-02  9.52015E-02  7.90092E-02  1.10734E-01  1.99435E-02  2.05391E-02
-1.60206E+00  2.27931E+01  5.17947E-03  9.32222E-02  1.37665E-01  1.14559E-01  1.57868E-01  3.12645E-02  2.74387E-02
-1.60206E+00  2.27931E+01  6.55129E-03  1.37599E-01  1.97644E-01  1.65301E-01  2.23510E-01  4.73718E-02  3.60796E-02
-1.60206E+00  2.27931E+01  8.28643E-03  2.02401E-01  2.81994E-01  2.37556E-01  3.14415E-01  6.97081E-02  4.64550E-02
-1.60206E+00  2.27931E+01  1.04811E-02  2.97119E-01  4.00156E-01  3.40310E-01  4.39578E-01  9.98023E-02  5.81360E-02
-1.60206E+00  2.27931E+01  1.32571E-02  4.36028E-01  5.65150E-01  4.85094E-01  6.09410E-01  1.38954E-01  6.84169E-02
-1.60206E+00  2.27931E+01  1.67683E-02  6.41586E-01  7.95547E-01  6.92825E-01  8.41182E-01  1.87693E-01  7.57407E-02
-1.60206E+00  2.27931E+01  2.12095E-02  9.57653E-01  1.13633E+00  1.00747E+00  1.18482E+00  2.44998E-01  7.99290E-02
-1.60206E+00  2.27931E+01  2.68270E-02  1.45237E+00  1.55426E+00  1.48794E+00  1.58953E+00  3.07344E-01  7.85863E-02
-1.60206E+00  2.27931E+01  3.39322E-02  1.79545E+00  1.85578E+00  1.84223E+00  1.88517E+00  3.67953E-01  7.20120E-02
-1.60206E+00  2.27931E+01  4.29193E-02  2.09511E+00  2.11950E+00  2.11913E+00  2.14126E+00  4.17105E-01  6.26900E-02
-1.60206E+00  2.27931E+01  5.42868E-02  2.35987E+00  2.40314E+00  2.38037E+00  2.42371E+00  4.44542E-01  5.44834E-02
-1.60206E+00  2.27931E+01  6.86649E-02  2.64269E+00  2.66339E+00  2.66300E+00  2.68321E+00  4.43743E-01  4.78936E-02
-1.60206E+00  2.27931E+01  8.68511E-02  2.90954E+00  2.91251E+00  2.92752E+00  2.93063E+00  4.15413E-01  4.19700E-02
-1.60206E+00  2.27931E+01  1.09854E-01  3.16234E+00  3.16358E+00  3.17944E+00  3.17997E+00  3.67119E-01  3.71650E-02
-1.60206E+00  2.27931E+01  1.38950E-01  3.41102E+00  3.40505E+00  3.42804E+00  3.42257E+00  3.09328E-01  3.40613E-02
-1.60206E+00  2.27931E+01  1.75751E-01  3.65162E+00  3.66115E+00  3.67063E+00  3.68057E+00  2.51169E-01  3.30309E-02
-1.60206E+00  2.27931E+01  2.22300E-01  3.90006E+00  3.89724E+00  3.92256E+00  3.91970E+00  1.98428E-01  3.35572E-02
-1.60206E+00  2.27931E+01  2.81177E-01  4.15343E+00  4.15072E+00  4.17877E+00  4.17506E+00  1.53686E-01  3.43206E-02
-1.60206E+00  2.27931E+01  3.55648E-01  4.37121E+00  4.36561E+00  4.39905E+00  4.39216E+00  1.17353E-01  3.50974E-02
-1.60206E+00  2.27931E+01  4.49843E-01  4.60620E+00  4.59361E+00  4.63626E+00  4.62367E+00  8.86946E-02  3.58885E-02
-1.60206E+00  2.27931E+01  5.68987E-01  4.86538E+00  4.87882E+00  4.89740E+00  4.91083E+00  6.65305E-02  3.66950E-02
-1.60206E+00  2.27931E+01  7.19686E-01  5.08306E+00  5.08175E+00  5.11685E+00  5.11553E+00  4.96213E-02  3.75174E-02
-1.60206E+00  2.27931E+01  9.10298E-01  5.33238E+00  5.34131E+00  5.36777E+00  5.37669E+00  3.68458E-02  3.83567E-02
-1.60206E+00  2.27931E+01  1.15140E+00  5.55589E+00  5.55732E+00  5.59274E+00  5.59416E+00  2.72621E-02  3.92134E-02
-1.60206E+00  2.27931E+01  1.45635E+00  5.79693E+00  5.80284E+00  5.83514E+00  5.84105E+00  2.01116E-02  4.00882E-02
-1.60206E+00  2.27931E+01  1.84207E+00  6.01728E+00  6.03880E+00  6.05677E+00  6.07829E+00  1.47994E-02  4.09816E-02
-1.60206E+00  2.27931E+01  2.32995E+00  6.29516E+00  6.29263E+00  6.33587E+00  6.33334E+00  1.08666E-02  4.18942E-02
-1.60206E+00  2.27931E+01  2.94705E+00  6.51142E+00  6.51409E+00  6.55330E+00  6.55597E+00  7.96355E-03  4.28266E-02
-1.60206E+00  2.27931E+01  3.72759E+00  6.71207E+00  6.71656E+00  6.75510E+00  6.75959E+00  5.82592E-03  4.37793E-02
-1.60206E+00  2.27931E+01  4.71487E+00  6.96555E+00  6.97872E+00  7.00972E+00  7.02288E+00  4.25539E-03  4.47528E-02
-1.60206E+00  2.27931E+01  5.96362E+00  7.20126E+00  7.20954E+00  7.24654E+00  7.25483E+00  3.10376E-03  4.57477E-02
-1.60206E+00  2.27931E+01  7.54312E+00  7.46192E+00  7.48249E+00  7.50831E+00  7.52888E+00  2.26080E-03  4.67644E-02
-1.60206E+00  2.27931E+01  9.54095E+00  7.66901E+00  7.66728E+00  7.71652E+00  7.71479E+00  1.64475E-03  4.78035E-02
-1.60206E+00  2.27931E+01  1.20679E+01  7.89476E+00  7.90334E+00  7.94340E+00  7.95198E+00  1.19520E-03  4.88656E-02
-1.60206E+00  2.27931E+01  1.52642E+01  8.12032E+00  8.11390E+00  8.17009E+00  8.16366E+00  8.67599E-04  4.99511E-02
-1.60206E+00  2.27931E+01  1.93070E+01  8.39674E+00  8.37557E+00  8.44766E+00  8.42648E+00  6.29162E-04  5.10607E-02
-1.60206E+00  2.27931E+01  2.44205E+01  8.61927E+00  8.63283E+00  8.67135E+00  8.68491E+00  4.55825E-04  5.21948E-02
-1.60206E+00  2.27931E+01  3.08884E+01  8.82534E+00  8.84274E+00  8.87860E+00  8.89600E+00  3.29951E-04  5.33541E-02
-1.60206E+00  2.27931E+01  3.90694E+01  9.09256E+00  9.10802E+00  9.14703E+00  9.16249E+00  2.38638E-04  5.45390E-02
-1.60206E+00  2.27931E+01  4.94171E+01  9.33655E+00  9.35012E+00  9.39224E+00  9.40581E+00  1.72460E-04  5.57502E-02
-1.60206E+00  2.27931E+01  6.25055E+01  9.56926E+00  9.58649E+00  9.62620E+00  9.64343E+00  1.24541E-04  5.69883E-02
-1.60206E+00  2.27931E+01  7.90604E+01  9.75248E+00  9.77638E+00  9.81069E+00  9.83460E+00  8.98737E-05  5.82538E-02
-1.60206E+00  2.27931E+01  1.00000E+02  1.00701E+01  1.00860E+01  1.01296E+01  1.01455E+01  6.48128E-05  5.95474E-02
# T =  0  2.50000E-02
# D = 12  1.37382E+23
-1.60206E+00  2.31379E+01  1.00000E-03  3.16154E-03  4.92035E-03  4.08820E-03  5.83838E-03  3.20238E-05  1.12111E-03
-1.60206E+00  2.31379E+01  1.26486E-03  4.87354E-03  7.50612E-03  6.16555E-03  8.78526E-03  1.34482E-04  1.57883E-03
-1.60206E+00  2.31379E+01  1.59986E-03  7.39893E-03  1.12696E-02  9.19884E-03  1.30477E-02  4.31674E-04  2.21856E-03
-1.60206E+00  2.31379E+01  2.02359E-03  1.10994E-02  1.67042E-02  1.35991E-02  1.91649E-02  1.12672E-03  3.10548E-03
-1.60206E+00  2.31379E+01  2.55955E-03  1.64943E-02  2.45066E-02  1.99449E-02  2.78862E-02  2.51286E-03  4.32005E-03
-1.60206E+00  2.31379E+01  3.23746E-03  2.43313E-02  3.56496E-02  2.90594E-02  4.02516E-02  4.97794E-03  5.96626E-03
-1.60206E+00  2.31379E+01  4.09492E-03  3.56861E-02  5.15028E-02  4.21105E-02  5.77104E-02  9.02241E-03  8.17237E-03
-1.60206E+00  2.31379E+01  5.17947E-03  5.21068E-02  7.39671E-02  6.07371E-02  8.22400E-02  1.52961E-02  1.10744E-02
-1.60206E+00  2.31379E+01  6.55129E-03  7.58238E-02  1.05703E-01  8.72821E-02  1.16596E-01  2.46477E-02  1.48373E-02
-1.60206E+00  2.31379E+01  8.28643E-03  1.10058E-01  1.50402E-01  1.25055E-01  1.64547E-01  3.81704E-02  1.96082E-02
-1.60206E+00  2.31379E+01  1.04811E-02  1.59462E-01  2.13186E-01  1.78726E-01  2.31224E-01  5.72080E-02  2.54616E-02
-1.60206E+00  2.31379E+01  1.32571E-02  2.30791E-01  3.01094E-01  2.54611E-01  3.23239E-01  8.32696E-02  3.20051E-02
-1.60206E+00  2.31379E+01  1.67683E-02  3.33919E-01  4.23861E-01  3.61293E-01  4.49075E-01  1.17780E-01  3.79763E-02
-1.60206E+00  2.31379E+01  2.12095E-02  4.83546E-01  5.94981E-01  5.13146E-01  6.21971E-01  1.61597E-01  4.30403E-02
-1.60206E+00  2.31379E+01  2.68270E-02  7.02503E-01  8.33849E-01  7.32217E-01  8.60661E-01  2.14259E-01  4.63722E-02
-1.60206E+00  2.31379E+01  3.39322E-02  1.03900E+00  1.21030E+00  1.06486E+00  1.22897E+00  2.73023E-01  4.57379E-02
-1.60206E+00  2.31379E+01  4.29193E-02  1.53395E+00  1.60688E+00  1.55022E+00  1.62232E+00  3.32011E-01  4.21580E-02
-1.60206E+00  2.31379E+01  5.42868E-02  1.88305E+00  1.91417E+00  1.89591E+00  1.92617E+00  3.82246E-01  3.70495E-02
-1.60206E+00  2.31379E+01  6.86649E-02  2.19175E+00  2.21860E+00  2.19988E+00  2.22801E+00  4.13620E-01  3.28109E-02
-1.60206E+00  2.31379E+01  8.68511E-02  2.46293E+00  2.50014E+00  2.47066E+00  2.50866E+00  4.18860E-01  2.92319E-02
-1.60206E+00  2.31379E+01  1.09854E-01  2.75159E+00  2.75343E+00  2.76032E+00  2.75850E+00  3.97265E-01  2.62256E-02
-1.60206E+00  2.31379E+01  1.38950E-01  2.99945E+00  3.00232E+00  3.00898E+00  3.01178E+00  3.55057E-01  2.42124E-02
-1.60206E+00  2.31379E+01  1.75751E-01  3.25147E+00  3.24801E+00  3.26253E+00  3.25904E+00  3.01971E-01  2.34669E-02
-1.60206E+00  2.31379E+01  2.22300E-01  3.50872E+00  3.50950E+00  3.52230E+00  3.52287E+00  2.47049E-01  2.38707E-02
-1.60206E+00  2.31379E+01  2.81177E-01  3.75572E+00  3.75417E+00  3.77185E+00  3.77031E+00  1.96354E-01  2.46248E-02
-1.60206E+00  2.31379E+01  3.55648E-01  3.97145E+00  3.96124E+00  3.98993E+00  3.97970E+00  1.52817E-01  2.53984E-02
-1.60206E+00  2.31379E+01  4.49843E-01  4.22862E+00  4.23090E+00  4.24919E+00  4.25146E+00  1.17150E-01  2.61919E-02
-1.60206E+00  2.31379E+01  5.68987E-01  4.47145E+00  4.46615E+00  4.49392E+00  4.48861E+00  8.88302E-02  2.70068E-02
-1.60206E+00  2.31379E+01  7.19686E-01  4.68204E+00  4.68626E+00  4.70624E+00  4.71045E+00  6.68159E-02  2.78442E-02
-1.60206E+00  2.31379E+01  9.10298E-01  4.95205E+00  4.94906E+00  4.97782E+00  4.97485E+00  4.99522E-02  2.87053E-02
-1.60206E+00  2.31379E+01  1.15140E+00  5.20071E+00  5.19543E+00  5.22795E+00  5.22268E+00  3.71682E-02  2.95912E-02
-1.60206E+00  2.31379E+01  1.45635E+00  5.41489E+00  5.42277E+00  5.44353E+00  5.44631E+00  2.75508E-02  3.05029E-02
-1.60206E+00  2.31379E+01  1.84207E+00  5.66974E+00  5.67161E+00  5.69970E+00  5.70157E+00  2.03579E-02  3.14416E-02
-1.60206E+00  2.31379E+01  2.32995E+00  5.89069E+00  5.89238E+00  5.92192E+00  5.92361E+00  1.50027E-02  3.24080E-02
-1.60206E+00  2.31379E+01  2.94705E+00  6.14603E+00  6.14619E+00  6.17850E+00  6.17866E+00  1.10306E-02  3.34034E-02
-1.60206E+00  2.31379E+01  3.72759E+00  6.37799E+00  6.38264E+00  6.41167E+00  6.41633E+00  8.09362E-03  3.44288E-02
-1.60206E+00  2.31379E+01  4.71487E+00  6.57441E+00  6.57867E+00  6.60931E+00  6.61357E+00  5.92773E-03  3.54850E-02
-1.60206E+00  2.31379E+01  5.96362E+00  6.83692E+00  6.83911E+00  6.87303E+00  6.87522E+00  4.33424E-03  3.65732E-02
-1.60206E+00  2.31379E+01  7.54312E+00  7.06329E+00  7.06230E+00  7.10061E+00  7.09963E+00  3.16431E-03  3.76945E-02
-1.60206E+00  2.31379E+01  9.54095E+00  7.34069E+00  7.32969E+00  7.37924E+00  7.36825E+00  2.30695E-03  3.88498E-02
-1.60206E+00  2.31379E+01  1.20679E+01  7.54129E+00  7.53606E+00  7.58109E+00  7.57587E+00  1.67972E-03  4.00403E-02
-1.60206E+00  2.31379E+01  1.52642E+01  7.76781E+00  7.77295E+00  7.80889E+00  7.81403E+00  1.22156E-03  4.12672E-02
-1.60206E+00  2.31379E+01  1.93070E+01  8.02856E+00  8.03808E+00  8.07094E+00  8.08047E+00  8.87379E-04  4.25314E-02
-1.60206E+00  2.31379E+01  2.44205E+01  8.26687E+00  8.24948E+00  8.31059E+00  8.29320E+00  6.43944E-04  4.38342E-02
-1.60206E+00  2.31379E+01  3.08884E+01  8.48960E+00  8.48057E+00  8.53468E+00  8.52566E+00  4.66833E-04  4.51769E-02
-1.60206E+00  2.31379E+01  3.90694E+01  8.68516E+00  8.68075E+00  8.73165E+00  8.72724E+00  3.38123E-04  4.65606E-02
-1.60206E+00  2.31379E+01  4.94171E+01  8.94957E+00  8.95247E+00  8.99750E+00  9.00041E+00  2.44688E-04  4.79866E-02
-1.60206E+00  2.31379E+01  6.25055E+01  9.14900E+00  9.16521E+00  9.19841E+00  9.21462E+00  1.76927E-04  4.94562E-02
-1.60206E+00  2.31379E+01  7.90604E+01  9.45451E+00  9.45455E+00  9.50545E+00  9.50548E+00  1.27832E-04  5.09708E-02
-1.60206E+00  2.31379E+01  1.00000E+02  9.63878E+00  9.64095E+00  9.69128E+00  9.69345E+00  9.22930E-05  5.25317E-02
# T =  0  2.50000E-02
# D = 13  3.03920E+23
-1.60206E+00  2.34828E+01  1.00000E-03  1.97123E-03  2.82314E-03  2.29019E-03  3.13271E-03  1.32058E-06  3.97184E-04
-1.60206E+00  2.34828E+01  1.26486E-03  2.95306E-03  4.20336E-03  3.39099E-03  4.62795E-03  1.04792E-05  5.51418E-04
-1.60206E+00  2.34828E+01  1.59986E-03  4.38102E-03  6.19536E-03  4.98030E-03  6.77549E-03  5.53165E-05  7.62926E-04
-1.60206E+00  2.34828E+01  2.02359E-03  6.44912E-03  9.05670E-03  7.26608E-03  9.84583E-03  2.12122E-04  1.05164E-03
-1.60206E+00  2.34828E+01  2.55955E-03  9.43496E-03  1.31498E-02  1.05438E-02  1.42178E-02  6.34694E-04  1.44363E-03
-1.60206E+00  2.34828E+01  3.23746E-03  1.37355E-02  1.89866E-02  1.52319E-02  2.04228E-02  1.57007E-03  1.97152E-03
-1.60206E+00  2.34828E+01  4.09492E-03  1.99188E-02  2.72834E-02  2.19254E-02  2.92009E-02  3.36229E-03  2.67680E-03
-1.60206E+00  2.34828E+01  5.17947E-03  2.87973E-02  3.90483E-02  3.14686E-02  4.15878E-02  6.45998E-03  3.61033E-03
-1.60206E+00  2.34828E+01  6.55129E-03  4.15348E-02  5.56869E-02  4.50520E-02  5.90107E-02  1.14409E-02  4.82259E-03
-1.60206E+00  2.34828E+01  8.28643E-03  5.97956E-02  7.91645E-02  6.43395E-02  8.34282E-02  1.90544E-02  6.34155E-03
-1.60206E+00  2.34828E+01  1.04811E-02  8.59620E-02  1.12218E-01  9.16858E-02  1.17543E-01  3.02717E-02  8.17188E-03
-1.60206E+00  2.34828E+01  1.32571E-02  1.23444E-01  1.58630E-01  1.30448E-01  1.65081E-01  4.63152E-02  1.02940E-02
-1.60206E+00  2.34828E+01  1.67683E-02  1.77137E-01  2.23653E-01  1.85336E-01  2.31111E-01  6.86224E-02  1.25539E-02
-1.60206E+00  2.34828E+01  2.12095E-02  2.54074E-01  3.14520E-01  2.63031E-01  3.22520E-01  9.86677E-02  1.46192E-02
-1.60206E+00  2.34828E+01  2.68270E-02  3.64437E-01  4.41210E-01  3.73413E-01  4.49010E-01  1.37559E-01  1.61961E-02
-1.60206E+00  2.34828E+01  3.39322E-02  5.23195E-01  6.17564E-01  5.31136E-01  6.24143E-01  1.85341E-01  1.69474E-02
-1.60206E+00  2.34828E+01  4.29193E-02  7.53240E-01  8.63428E-01  7.58769E-01  8.67498E-01  2.40042E-01  1.65046E-02
-1.60206E+00  2.34828E+01  5.42868E-02  1.10378E+00  1.26312E+00  1.10588E+00  1.26312E+00  2.96727E-01  1.49729E-02
-1.60206E+00  2.34828E+01  6.86649E-02  1.60644E+00  1.67949E+00  1.61992E+00  1.67711E+00  3.47271E-01  1.35346E-02
-1.60206E+00  2.34828E+01  8.68511E-02  1.93929E+00  1.98199E+00  1.93705E+00  1.97908E+00  3.81880E-01  1.22802E-02
-1.60206E+00  2.34828E+01  1.09854E-01  2.25022E+00  2.28989E+00  2.24713E+00  2.28664E+00  3.92704E-01  1.11963E-02
-1.60206E+00  2.34828E+01  1.38950E-01  2.54431E+00  2.56277E+00  2.54088E+00  2.55749E+00  3.77708E-01  1.04936E-02
-1.60206E+00  2.34828E+01  1.75751E-01  2.81608E+00  2.81737E+00  2.81536E+00  2.81693E+00  3.41707E-01  1.03191E-02
-1.60206E+00  2.34828E+01  2.22300E-01  3.06741E+00  3.06813E+00  3.06872E+00  3.06915E+00  2.93573E-01  1.06442E-02
-1.60206E+00  2.34828E+01  2.81177E-01  3.32504E+00  3.31764E+00  3.32738E+00  3.32012E+00  2.42156E-01  1.11313E-02
-1.60206E+00  2.34828E+01  3.55648E-01  3.57756E+00  3.57510E+00  3.58276E+00  3.58027E+00  1.93732E-01  1.16378E-02
-1.60206E+00  2.34828E+01  4.49843E-01  3.82576E+00  3.83509E+00  3.83265E+00  3.84133E+00  1.51574E-01  1.21645E-02
-1.60206E+00  2.34828E+01  5.68987E-01  4.06522E+00  4.07178E+00  4.07361E+00  4.08016E+00  1.16695E-01  1.27128E-02
-1.60206E+00  2.34828E+01  7.19686E-01  4.32975E+00  4.33714E+00  4.33952E+00  4.34688E+00  8.87989E-02  1.32840E-02
-1.60206E+00  2.34828E+01  9.10298E-01  4.55263E+00  4.55150E+00  4.56367E+00  4.56254E+00  6.69915E-02  1.38793E-02
-1.60206E+00  2.34828E+01  1.15140E+00  4.79400E+00  4.78616E+00  4.80622E+00  4.79837E+00  5.02114E-02  1.45001E-02
-1.60206E+00  2.34828E+01  1.45635E+00  5.00744E+00  5.01713E+00  5.02076E+00  5.03045E+00  3.74440E-02  1.51476E-02
-1.60206E+00  2.34828E+01  1.84207E+00  5.25707E+00  5.25217E+00  5.27143E+00  5.26653E+00  2.78096E-02  1.58231E-02
-1.60206E+00  2.34828E+01  2.32995E+00  5.47640E+00  5.48548E+00  5.49177E+00  5.50084E+00  2.05849E-02  1.65281E-02
-1.60206E+00  2.34828E+01  2.94705E+00  5.72304E+00  5.72586E+00  5.73938E+00  5.74220E+00  1.51938E-02  1.72639E-02
-1.60206E+00  2.34828E+01  3.72759E+00  5.96046E+00  5.95669E+00  5.97776E+00  5.97399E+00  1.11871E-02  1.80320E-02
-1.60206E+00  2.34828E+01  4.71487E+00  6.20318E+00  6.20913E+00  6.22143E+00  6.22739E+00  8.21904E-03  1.88339E-02
-1.60206E+00  2.34828E+01  5.96362E+00  6.43825E+00  6.43962E+00  6.45746E+00  6.45883E+00  6.02674E-03  1.96712E-02
-1.60206E+00  2.34828E+01  7.54312E+00  6.70010E+00  6.69996E+00  6.72028E+00  6.72014E+00  4.41146E-03  2.05453E-02
-1.60206E+00  2.34828E+01  9.54095E+00  6.92981E+00  6.93547E+00  6.95098E+00  6.95664E+00  3.22394E-03  2.14582E-02
-1.60206E+00  2.34828E+01  1.20679E+01  7.12409E+00  7.13360E+00  7.14627E+00  7.15578E+00  2.35263E-03  2.24113E-02
-1.60206E+00  2.34828E+01  1.52642E+01  7.39792E+00  7.40324E+00  7.42115E+00  7.42646E+00  1.71447E-03  2.34067E-02
-1.60206E+00  2.34828E+01  1.93070E+01  7.63013E+00  7.63549E+00  7.65443E+00  7.65979E+00  1.24785E-03  2.44462E-02
-1.60206E+00  2.34828E+01  2.44205E+01  7.82498E+00  7.82444E+00  7.85040E+00  7.84986E+00  9.07160E-04  2.55317E-02
-1.60206E+00  2.34828E+01  3.08884E+01  8.10023E+00  8.10117E+00  8.12680E+00  8.12774E+00  6.58767E-04  2.66654E-02
-1.60206E+00  2.34828E+01  3.90694E+01  8.34047E+00  8.33468E+00  8.36824E+00  8.36245E+00  4.77898E-04  2.78493E-02
-1.60206E+00  2.34828E+01  4.94171E+01  8.56883E+00  8.55550E+00  8.59786E+00  8.58453E+00  3.46355E-04  2.90857E-02
-1.60206E+00  2.34828E+01  6.25055E+01  8.82864E+00  8.82930E+00  8.85897E+00  8.85963E+00  2.50793E-04  3.03770E-02
-1.60206E+00  2.34828E+01  7.90604E+01  9.01602E+00  9.01786E+00  9.04772E+00  9.04955E+00  1.81443E-04  3.17255E-02
-1.60206E+00  2.34828E+01  1.00000E+02  9.27569E+00  9.27914E+00  9.30880E+00  9.31224E+00  1.31164E-04  3.31339E-02
# T =  0  2.50000E-02
# D = 14  6.72336E+23
-1.60206E+00  2.38276E+01  1.00000E-03  1.15799E-03  1.54444E-03  1.28987E-03  1.67189E-03  1.22826E-08  1.61227E-04
-1.60206E+00  2.38276E+01  1.26486E-03  1.70443E-03  2.26523E-03  1.88704E-03  2.44159E-03  2.52427E-07  2.24838E-04
-1.60206E+00  2.38276E+01  1.59986E-03  2.49249E-03  3.30060E-03  2.74437E-03  3.54363E-03  2.82358E-06  3.12374E-04
-1.60206E+00  2.38276E+01  2.02359E-03  3.62592E-03  4.78311E-03  3.97184E-03  5.11652E-03  1.95349E-05  4.32271E-04
-1.60206E+00  2.38276E+01  2.55955E-03  5.25273E-03  6.90011E-03  5.72579E-03  7.35550E-03  9.25823E-05  5.95880E-04
-1.60206E+00  2.38276E+01  3.23746E-03  7.58425E-03  9.91740E-03  8.22769E-03  1.05359E-02  3.26415E-04  8.17508E-04
-1.60206E+00  2.38276E+01  4.09492E-03  1.09216E-02  1.42082E-02  1.17898E-02  1.50411E-02  9.15454E-04  1.11387E-03
-1.60206E+00  2.38276E+01  5.17947E-03  1.56944E-02  2.02998E-02  1.68541E-02  2.14100E-02  2.15566E-03  1.50482E-03
-1.60206E+00  2.38276E+01  6.55129E-03  2.25151E-02  2.89310E-02  2.40402E-02  3.03867E-02  4.44749E-03  2.00735E-03
-1.60206E+00  2.38276E+01  8.28643E-03  3.22565E-02  4.11404E-02  3.42196E-02  4.30065E-02  8.30794E-03  2.63233E-03
-1.60206E+00  2.38276E+01  1.04811E-02  4.61622E-02  5.83755E-02  4.86205E-02  6.06997E-02  1.44016E-02  3.37956E-03
-1.60206E+00  2.38276E+01  1.32571E-02  6.60044E-02  8.26628E-02  6.90027E-02  8.54772E-02  2.35869E-02  4.25426E-03
-1.60206E+00  2.38276E+01  1.67683E-02  9.43051E-02  1.16809E-01  9.78662E-02  1.20122E-01  3.69584E-02  5.25374E-03
-1.60206E+00  2.38276E+01  2.12095E-02  1.34653E-01  1.64713E-01  1.38612E-01  1.68344E-01  5.58466E-02  6.20888E-03
-1.60206E+00  2.38276E+01  2.68270E-02  1.92158E-01  2.31754E-01  1.96177E-01  2.35352E-01  8.17071E-02  6.96425E-03
-1.60206E+00  2.38276E+01  3.39322E-02  2.74105E-01  3.25352E-01  2.77783E-01  3.28508E-01  1.15807E-01  7.46314E-03
-1.60206E+00  2.38276E+01  4.29193E-02  3.90924E-01  4.55688E-01  3.93600E-01  4.57745E-01  1.58615E-01  7.44391E-03
-1.60206E+00  2.38276E+01  5.42868E-02  5.57749E-01  6.36869E-01  5.58636E-01  6.37062E-01  2.08884E-01  6.76008E-03
-1.60206E+00  2.38276E+01  6.86649E-02  7.97381E-01  8.89042E-01  7.96134E-01  8.87074E-01  2.62638E-01  5.81578E-03
-1.60206E+00  2.38276E+01  8.68511E-02  1.15657E+00  1.26556E+00  1.15346E+00  1.26157E+00  3.12697E-01  5.10968E-03
-1.60206E+00  2.38276E+01  1.09854E-01  1.65684E+00  1.72347E+00  1.65078E+00  1.71769E+00  3.49755E-01  4.70986E-03
-1.60206E+00  2.38276E+01  1.38950E-01  2.01496E+00  2.04171E+00  2.01039E+00  2.03694E+00  3.65578E-01  4.48808E-03
-1.60206E+00  2.38276E+01  1.75751E-01  2.33432E+00  2.35222E+00  2.32583E+00  2.34710E+00  3.56914E-01  4.49130E-03
-1.60206E+00  2.38276E+01  2.22300E-01  2.60440E+00  2.61235E+00  2.60156E+00  2.60945E+00  3.27140E-01  4.71522E-03
-1.60206E+00  2.38276E+01  2.81177E-01  2.90230E+00  2.89860E+00  2.90069E+00  2.89695E+00  2.84148E-01  5.01785E-03
-1.60206E+00  2.38276E+01  3.55648E-01  3.16222E+00  3.15858E+00  3.16188E+00  3.15787E+00  2.36476E-01  5.33808E-03
-1.60206E+00  2.38276E+01  4.49843E-01  3.41687E+00  3.40864E+00  3.41774E+00  3.40949E+00  1.90542E-01  5.67704E-03
-1.60206E+00  2.38276E+01  5.68987E-01  3.67407E+00  3.67061E+00  3.67611E+00  3.67263E+00  1.49935E-01  6.03612E-03
-1.60206E+00  2.38276E+01  7.19686E-01  3.88438E+00  3.89267E+00  3.88749E+00  3.89578E+00  1.15972E-01  6.41674E-03
-1.60206E+00  2.38276E+01  9.10298E-01  4.14005E+00  4.15249E+00  4.14418E+00  4.15661E+00  8.85878E-02  6.82037E-03
-1.60206E+00  2.38276E+01  1.15140E+00  4.39123E+00  4.39024E+00  4.39629E+00  4.39530E+00  6.70479E-02  7.24858E-03
-1.60206E+00  2.38276E+01  1.45635E+00  4.60346E+00  4.60028E+00  4.60940E+00  4.60621E+00  5.03922E-02  7.70298E-03
-1.60206E+00  2.38276E+01  1.84207E+00  4.87280E+00  4.86934E+00  4.87956E+00  4.87610E+00  3.76686E-02  8.18530E-03
-1.60206E+00  2.38276E+01  2.32995E+00  5.10588E+00  5.11763E+00  5.11344E+00  5.12519E+00  2.80352E-02  8.69733E-03
-1.60206E+00  2.38276E+01  2.94705E+00  5.34866E+00  5.33365E+00  5.35699E+00  5.34198E+00  2.07907E-02  9.24099E-03
-1.60206E+00  2.38276E+01  3.72759E+00  5.58466E+00  5.58907E+00  5.59375E+00  5.59816E+00  1.53714E-02  9.81829E-03
-1.60206E+00  2.38276E+01  4.71487E+00  5.82370E+00  5.81463E+00  5.83355E+00  5.82449E+00  1.13349E-02  1.04314E-02
-1.60206E+00  2.38276E+01  5.96362E+00  6.06166E+00  6.07716E+00  6.07228E+00  6.08778E+00  8.33911E-03  1.10825E-02
-1.60206E+00  2.38276E+01  7.54312E+00  6.28560E+00  6.29473E+00  6.29701E+00  6.30614E+00  6.12248E-03  1.17741E-02
-1.60206E+00  2.38276E+01  9.54095E+00  6.49096E+00  6.49604E+00  6.50318E+00  6.50826E+00  4.48672E-03  1.25086E-02
-1.60206E+00  2.38276E+01  1.20679E+01  6.75681E+00  6.76625E+00  6.76987E+00  6.77931E+00  3.28243E-03  1.32889E-02
-1.60206E+00  2.38276E+01  1.52642E+01  6.99251E+00  6.98987E+00  7.00645E+00  7.00380E+00  2.39768E-03  1.41177E-02
-1.60206E+00  2.38276E+01  1.93070E+01  7.25844E+00  7.24419E+00  7.27330E+00  7.25904E+00  1.74890E-03  1.49981E-02
-1.60206E+00  2.38276E+01  2.44205E+01  7.45653E+00  7.43469E+00  7.47235E+00  7.45050E+00  1.27399E-03  1.59333E-02
-1.60206E+00  2.38276E+01  3.08884E+01  7.67053E+00  7.70250E+00  7.68737E+00  7.71934E+00  9.26903E-04  1.69267E-02
-1.60206E+00  2.38276E+01  3.90694E+01  7.95544E+00  7.95419E+00  7.97335E+00  7.97210E+00  6.73605E-04  1.79821E-02
-1.60206E+00  2.38276E+01  4.94171E+01  8.16024E+00  8.16701E+00  8.17929E+00  8.18606E+00  4.89003E-04  1.91031E-02
-1.60206E+00  2.38276E+01  6.25055E+01  8.42214E+00  8.40951E+00  8.44239E+00  8.42976E+00  3.54635E-04  2.02941E-02
-1.60206E+00  2.38276E+01  7.90604E+01  8.61228E+00  8.61254E+00  8.63380E+00  8.63406E+00  2.56947E-04  2.15592E-02
-1.60206E+00  2.38276E+01  1.00000E+02  8.88807E+00  8.89511E+00  8.91095E+00  8.91798E+00  1.86003E-04  2.29032E-02
# T =  0  2.50000E-02
# D = 15  1.48735E+24
-1.60206E+00  2.41724E+01  1.00000E-03  6.51840E-04  8.19513E-04  6.98863E-04  8.64966E-04  1.24544E-11  5.73973E-05
-1.60206E+00  2.41724E+01  1.26486E-03  9.48649E-04  1.19036E-03  1.01389E-03  1.25337E-03  1.05470E-09  8.00897E-05
-1.60206E+00  2.41724E+01  1.59986E-03  1.37461E-03  1.72146E-03  1.46473E-03  1.80844E-03  3.61357E-08  1.11325E-04
-1.60206E+00  2.41724E+01  2.02359E-03  1.98475E-03  2.48038E-03  2.10866E-03  2.59985E-03  6.05407E-07  1.54110E-04
-1.60206E+00  2.41724E+01  2.55955E-03  2.85753E-03  3.56326E-03  3.02702E-03  3.72651E-03  5.76221E-06  2.12416E-04
-1.60206E+00  2.41724E+01  3.23746E-03  4.10467E-03  5.10601E-03  4.33519E-03  5.32777E-03  3.50991E-05  2.91368E-04
-1.60206E+00  2.41724E+01  4.09492E-03  5.88527E-03  7.30087E-03  6.19622E-03  7.59958E-03  1.50532E-04  3.96974E-04
-1.60206E+00  2.41724E+01  5.17947E-03  8.42582E-03  1.04202E-02  8.84042E-03  1.08177E-02  4.91094E-04  5.35806E-04
-1.60206E+00  2.41724E+01  6.55129E-03  1.20487E-02  1.48476E-02  1.25929E-02  1.53681E-02  1.29763E-03  7.14290E-04
-1.60206E+00  2.41724E+01  8.28643E-03  1.72129E-02  2.11239E-02  1.79143E-02  2.17926E-02  2.92030E-03  9.39075E-04
-1.60206E+00  2.41724E+01  1.04811E-02  2.45711E-02  3.00096E-02  2.54562E-02  3.08499E-02  5.82226E-03  1.21527E-03
-1.60206E+00  2.41724E+01  1.32571E-02  3.50509E-02  4.25703E-02  3.61359E-02  4.35944E-02  1.05971E-02  1.54040E-03
-1.60206E+00  2.41724E+01  1.67683E-02  4.99706E-02  6.02982E-02  5.12588E-02  6.15044E-02  1.80053E-02  1.91124E-03
-1.60206E+00  2.41724E+01  2.12095E-02  7.12001E-02  8.52753E-02  7.26406E-02  8.66069E-02  2.90189E-02  2.28424E-03
-1.60206E+00  2.41724E+01  2.68270E-02  1.01391E-01  1.20390E-01  1.02882E-01  1.21739E-01  4.48441E-02  2.62000E-03
-1.60206E+00  2.41724E+01  3.39322E-02  1.44297E-01  1.69647E-01  1.45677E-01  1.70845E-01  6.68656E-02  2.86910E-03
-1.60206E+00  2.41724E+01  4.29193E-02  2.05225E-01  2.38568E-01  2.06233E-01  2.39348E-01  9.64217E-02  2.94062E-03
-1.60206E+00  2.41724E+01  5.42868E-02  2.91683E-01  3.34728E-01  2.91954E-01  3.34725E-01  1.34300E-01  2.73465E-03
-1.60206E+00  2.41724E+01  6.86649E-02  4.14311E-01  4.68530E-01  4.13622E-01  4.67523E-01  1.79897E-01  2.38512E-03
-1.60206E+00  2.41724E+01  8.68511E-02  5.88344E-01  6.54278E-01  5.86709E-01  6.52295E-01  2.30176E-01  2.11488E-03
-1.60206E+00  2.41724E+01  1.09854E-01  8.36355E-01  9.12254E-01  8.33863E-01  9.09411E-01  2.78970E-01  1.97180E-03
-1.60206E+00  2.41724E+01  1.38950E-01  1.20132E+00  1.28246E+00  1.19807E+00  1.27890E+00  3.17636E-01  1.90659E-03
-1.60206E+00  2.41724E+01  1.75751E-01  1.72077E+00  1.76293E+00  1.71579E+00  1.75897E+00  3.37767E-01  1.94384E-03
-1.60206E+00  2.41724E+01  2.22300E-01  2.06930E+00  2.12089E+00  2.06512E+00  2.11717E+00  3.35049E-01  2.08510E-03
-1.60206E+00  2.41724E+01  2.81177E-01  2.39453E+00  2.38879E+00  2.38940E+00  2.38585E+00  3.11428E-01  2.26835E-03
-1.60206E+00  2.41724E+01  3.55648E-01  2.69189E+00  2.69238E+00  2.68966E+00  2.68925E+00  2.73710E-01  2.46662E-03
-1.60206E+00  2.41724E+01  4.49843E-01  2.94631E+00  2.95796E+00  2.94480E+00  2.95652E+00  2.29994E-01  2.68121E-03
-1.60206E+00  2.41724E+01  5.68987E-01  3.20323E+00  3.22406E+00  3.20259E+00  3.22345E+00  1.86762E-01  2.91363E-03
-1.60206E+00  2.41724E+01  7.19686E-01  3.47716E+00  3.45770E+00  3.47734E+00  3.45789E+00  1.47879E-01  3.16546E-03
-1.60206E+00  2.41724E+01  9.10298E-01  3.72509E+00  3.73089E+00  3.72604E+00  3.72894E+00  1.14962E-01  3.43844E-03
-1.60206E+00  2.41724E+01  1.15140E+00  3.97841E+00  3.98337E+00  3.98009E+00  3.98505E+00  8.81834E-02  3.73443E-03
-1.60206E+00  2.41724E+01  1.45635E+00  4.20817E+00  4.19853E+00  4.21055E+00  4.20090E+00  6.69754E-02  4.05545E-03
-1.60206E+00  2.41724E+01  1.84207E+00  4.46228E+00  4.46826E+00  4.46532E+00  4.47130E+00  5.04876E-02  4.40367E-03
-1.60206E+00  2.41724E+01  2.32995E+00  4.71310E+00  4.70388E+00  4.71677E+00  4.70756E+00  3.78372E-02  4.78147E-03
-1.60206E+00  2.41724E+01  2.94705E+00  4.92698E+00  4.93197E+00  4.93129E+00  4.93627E+00  2.82243E-02  5.19138E-03
-1.60206E+00  2.41724E+01  3.72759E+00  5.18036E+00  5.18127E+00  5.18529E+00  5.18619E+00  2.09727E-02  5.63620E-03
-1.60206E+00  2.41724E+01  4.71487E+00  5.39458E+00  5.40220E+00  5.40013E+00  5.40775E+00  1.55337E-02  6.11892E-03
-1.60206E+00  2.41724E+01  5.96362E+00  5.63953E+00  5.65404E+00  5.64572E+00  5.66023E+00  1.14731E-02  6.64280E-03
-1.60206E+00  2.41724E+01  7.54312E+00  5.87726E+00  5.87962E+00  5.88411E+00  5.88647E+00  8.45312E-03  7.21138E-03
-1.60206E+00  2.41724E+01  9.54095E+00  6.12877E+00  6.12021E+00  6.13631E+00  6.12776E+00  6.21447E-03  7.82850E-03
-1.60206E+00  2.41724E+01  1.20679E+01  6.36344E+00  6.37020E+00  6.37171E+00  6.37847E+00  4.55969E-03  8.49832E-03
-1.60206E+00  2.41724E+01  1.52642E+01  6.62018E+00  6.62382E+00  6.62923E+00  6.63286E+00  3.33958E-03  9.22534E-03
-1.60206E+00  2.41724E+01  1.93070E+01  6.80835E+00  6.81840E+00  6.81823E+00  6.82827E+00  2.44195E-03  1.00145E-02
-1.60206E+00  2.41724E+01  2.44205E+01  7.05784E+00  7.04981E+00  7.06860E+00  7.06057E+00  1.78291E-03  1.08711E-02
-1.60206E+00  2.41724E+01  3.08884E+01  7.32102E+00  7.32142E+00  7.33273E+00  7.33313E+00  1.29993E-03  1.18008E-02
-1.60206E+00  2.41724E+01  3.90694E+01  7.55827E+00  7.56097E+00  7.57101E+00  7.57371E+00  9.46561E-04  1.28101E-02
-1.60206E+00  2.41724E+01  4.94171E+01  7.74654E+00  7.75052E+00  7.76039E+00  7.76437E+00  6.88427E-04  1.39056E-02
-1.60206E+00  2.41724E+01  6.25055E+01  8.02835E+00  8.01879E+00  8.04340E+00  8.03384E+00  5.00127E-04  1.50948E-02
-1.60206E+00  2.41724E+01  7.90604E+01  8.23929E+00  8.25415E+00  8.25564E+00  8.27050E+00  3.62951E-04  1.63856E-02
-1.60206E+00  2.41724E+01  1.00000E+02  8.46720E+00  8.49264E+00  8.48496E+00  8.51040E+00  2.63141E-04  1.77868E-02
# T =  0  2.50000E-02
# D = 16  3.29034E+24
-1.60206E+00  2.45172E+01  1.00000E-03  3.55493E-04  4.26007E-04  3.66431E-04  4.36466E-04  4.67312E-16  1.44253E-05
-1.60206E+00  2.45172E+01  1.26486E-03  5.13537E-04  6.14751E-04  5.29419E-04  6.29955E-04  3.25407E-13  2.08607E-05
-1.60206E+00  2.45172E+01  1.59986E-03  7.39692E-04  8.84553E-04  7.62674E-04  9.06574E-04  5.89346E-11  3.00791E-05
-1.60206E+00  2.45172E+01  2.02359E-03  1.06275E-03  1.26950E-03  1.09573E-03  1.30112E-03  3.68290E-09  4.30772E-05
-1.60206E+00  2.45172E+01  2.55955E-03  1.52404E-03  1.81845E-03  1.57074E-03  1.86324E-03  9.92311E-08  6.10541E-05
-1.60206E+00  2.45172E+01  3.23746E-03  2.18207E-03  2.60031E-03  2.24724E-03  2.66279E-03  1.37488E-06  8.55298E-05
-1.60206E+00  2.45172E+01  4.09492E-03  3.12017E-03  3.71304E-03  3.20980E-03  3.79890E-03  1.12626E-05  1.18462E-04
-1.60206E+00  2.45172E+01  5.17947E-03  4.45700E-03  5.29545E-03  4.57830E-03  5.41147E-03  6.09550E-05  1.62027E-04
-1.60206E+00  2.45172E+01  6.55129E-03  6.36130E-03  7.54388E-03  6.52271E-03  7.69796E-03  2.38325E-04  2.18819E-04
-1.60206E+00  2.45172E+01  8.28643E-03  9.07307E-03  1.07366E-02  9.28390E-03  1.09373E-02  7.23761E-04  2.91467E-04
-1.60206E+00  2.45172E+01  1.04811E-02  1.29333E-02  1.52658E-02  1.32034E-02  1.55219E-02  1.81037E-03  3.82946E-04
-1.60206E+00  2.45172E+01  1.32571E-02  1.84267E-02  2.16846E-02  1.87641E-02  2.20028E-02  3.90808E-03  4.94555E-04
-1.60206E+00  2.45172E+01  1.67683E-02  2.62416E-02  3.07721E-02  2.66424E-02  3.11469E-02  7.54961E-03  6.18294E-04
-1.60206E+00  2.45172E+01  2.12095E-02  3.73551E-02  4.36212E-02  3.78150E-02  4.40462E-02  1.34132E-02  7.58901E-04
-1.60206E+00  2.45172E+01  2.68270E-02  5.31518E-02  6.17635E-02  5.36478E-02  6.22132E-02  2.23613E-02  9.03349E-04
-1.60206E+00  2.45172E+01  3.39322E-02  7.55907E-02  8.73330E-02  7.60569E-02  8.77387E-02  3.54740E-02  1.01540E-03
-1.60206E+00  2.45172E+01  4.29193E-02  1.07441E-01  1.23300E-01  1.07797E-01  1.23578E-01  5.40331E-02  1.08740E-03
-1.60206E+00  2.45172E+01  5.42868E-02  1.52606E-01  1.73774E-01  1.52730E-01  1.73801E-01  7.93737E-02  1.08423E-03
-1.60206E+00  2.45172E+01  6.86649E-02  2.16575E-01  2.44408E-01  2.16326E-01  2.44039E-01  1.12494E-01  9.89844E-04
-1.60206E+00  2.45172E+01  8.68511E-02  3.07056E-01  3.42955E-01  3.06378E-01  3.42135E-01  1.53320E-01  8.90140E-04
-1.60206E+00  2.45172E+01  1.09854E-01  4.34879E-01  4.80005E-01  4.33771E-01  4.78737E-01  1.99690E-01  8.36454E-04
-1.60206E+00  2.45172E+01  1.38950E-01  6.15336E-01  6.70045E-01  6.13797E-01  6.68336E-01  2.46495E-01  8.16522E-04
-1.60206E+00  2.45172E+01  1.75751E-01  8.70663E-01  9.33336E-01  8.68729E-01  9.31231E-01  2.85901E-01  8.45261E-04
-1.60206E+00  2.45172E+01  2.22300E-01  1.24012E+00  1.30565E+00  1.23786E+00  1.30324E+00  3.09564E-01  9.25588E-04
-1.60206E+00  2.45172E+01  2.81177E-01  1.77956E+00  1.79155E+00  1.77706E+00  1.78848E+00  3.12295E-01  1.02916E-03
-1.60206E+00  2.45172E+01  3.55648E-01  2.14846E+00  2.15287E+00  2.14619E+00  2.15054E+00  2.94656E-01  1.14373E-03
-1.60206E+00  2.45172E+01  4.49843E-01  2.42916E+00  2.47372E+00  2.42721E+00  2.47172E+00  2.62279E-01  1.27051E-03
-1.60206E+00  2.45172E+01  5.68987E-01  2.73531E+00  2.76079E+00  2.73383E+00  2.75931E+00  2.22700E-01  1.41086E-03
-1.60206E+00  2.45172E+01  7.19686E-01  3.01885E+00  3.01236E+00  3.01787E+00  3.01140E+00  1.82370E-01  1.56631E-03
-1.60206E+00  2.45172E+01  9.10298E-01  3.28023E+00  3.27148E+00  3.27980E+00  3.27104E+00  1.45385E-01  1.73851E-03
-1.60206E+00  2.45172E+01  1.15140E+00  3.53584E+00  3.54560E+00  3.53592E+00  3.54568E+00  1.13648E-01  1.92933E-03
-1.60206E+00  2.45172E+01  1.45635E+00  3.79749E+00  3.79525E+00  3.79809E+00  3.79584E+00  8.75717E-02  2.14082E-03
-1.60206E+00  2.45172E+01  1.84207E+00  4.03917E+00  4.04501E+00  4.04027E+00  4.04426E+00  6.67634E-02  2.37525E-03
-1.60206E+00  2.45172E+01  2.32995E+00  4.30094E+00  4.30684E+00  4.30253E+00  4.30843E+00  5.04903E-02  2.63513E-03
-1.60206E+00  2.45172E+01  2.94705E+00  4.52237E+00  4.52293E+00  4.52444E+00  4.52500E+00  3.79445E-02  2.92326E-03
-1.60206E+00  2.45172E+01  3.72759E+00  4.77216E+00  4.77727E+00  4.77472E+00  4.77983E+00  2.83731E-02  3.24274E-03
-1.60206E+00  2.45172E+01  4.71487E+00  4.97469E+00  4.98532E+00  4.97774E+00  4.98836E+00  2.11286E-02  3.59698E-03
-1.60206E+00  2.45172E+01  5.96362E+00  5.26713E+00  5.26688E+00  5.27067E+00  5.27042E+00  1.56792E-02  3.98981E-03
-1.60206E+00  2.45172E+01  7.54312E+00  5.50206E+00  5.52230E+00  5.50613E+00  5.52637E+00  1.16004E-02  4.42542E-03
-1.60206E+00  2.45172E+01  9.54095E+00  5.74184E+00  5.74824E+00  5.74647E+00  5.75286E+00  8.56027E-03  4.90849E-03
-1.60206E+00  2.45172E+01  1.20679E+01  5.91961E+00  5.93507E+00  5.92483E+00  5.94029E+00  6.30215E-03  5.44421E-03
-1.60206E+00  2.45172E+01  1.52642E+01  6.19586E+00  6.19780E+00  6.20172E+00  6.20366E+00  4.63002E-03  6.03833E-03
-1.60206E+00  2.45172E+01  1.93070E+01  6.42580E+00  6.42225E+00  6.43235E+00  6.42881E+00  3.39512E-03  6.69722E-03
-1.60206E+00  2.45172E+01  2.44205E+01  6.67335E+00  6.69105E+00  6.68066E+00  6.69836E+00  2.48529E-03  7.42794E-03
-1.60206E+00  2.45172E+01  3.08884E+01  6.91458E+00  6.92419E+00  6.92273E+00  6.93234E+00  1.81639E-03  8.23835E-03
-1.60206E+00  2.45172E+01  3.90694E+01  7.10523E+00  7.11595E+00  7.11429E+00  7.12502E+00  1.32558E-03  9.13713E-03
-1.60206E+00  2.45172E+01  4.94171E+01  7.37758E+00  7.38450E+00  7.38765E+00  7.39458E+00  9.66088E-04  1.01339E-02
-1.60206E+00  2.45172E+01  6.25055E+01  7.62925E+00  7.62975E+00  7.64044E+00  7.64094E+00  7.03202E-04  1.12394E-02
-1.60206E+00  2.45172E+01  7.90604E+01  7.81875E+00  7.81683E+00  7.83118E+00  7.82926E+00  5.11250E-04  1.24655E-02
-1.60206E+00  2.45172E+01  1.00000E+02  8.07941E+00  8.08574E+00  8.09321E+00  8.09954E+00  3.71289E-04  1.38253E-02
# T =  0  2.50000E-02
# D = 17  7.27895E+24
-1.60206E+00  2.48621E+01  1.00000E-03  1.89170E-04  2.18153E-04  1.92691E-04  2.21541E-04  0.00000E+00  4.64548E-06
-1.60206E+00  2.48621E+01  1.26486E-03  2.71959E-04  3.13440E-04  2.77108E-04  3.18401E-04  2.63165E-18  6.75257E-06
-1.60206E+00  2.48621E+01  1.59986E-03  3.90219E-04  4.49485E-04  3.97741E-04  4.56740E-04  4.48835E-15  9.80571E-06
-1.60206E+00  2.48621E+01  2.02359E-03  5.58861E-04  6.43379E-04  5.69792E-04  6.53932E-04  1.98732E-12  1.41803E-05
-1.60206E+00  2.48621E+01  2.55955E-03  7.99386E-04  9.19738E-04  8.15134E-04  9.34952E-04  2.51775E-10  2.03665E-05
-1.60206E+00  2.48621E+01  3.23746E-03  1.14204E-03  1.31316E-03  1.16451E-03  1.33487E-03  1.18611E-08  2.90230E-05
-1.60206E+00  2.48621E+01  4.09492E-03  1.63025E-03  1.87318E-03  1.66200E-03  1.90387E-03  2.55605E-07  4.10486E-05
-1.60206E+00  2.48621E+01  5.17947E-03  2.32538E-03  2.66977E-03  2.36985E-03  2.71276E-03  2.96823E-06  5.76362E-05
-1.60206E+00  2.48621E+01  6.55129E-03  3.31494E-03  3.80238E-03  3.37669E-03  3.86204E-03  2.11505E-05  8.03544E-05
-1.60206E+00  2.48621E+01  8.28643E-03  4.72349E-03  5.41220E-03  4.80821E-03  5.49400E-03  1.02580E-04  1.10965E-04
-1.60206E+00  2.48621E+01  1.04811E-02  6.72788E-03  7.69879E-03  6.84206E-03  7.80893E-03  3.68175E-04  1.51107E-04
-1.60206E+00  2.48621E+01  1.32571E-02  9.57946E-03  1.09451E-02  9.73022E-03  1.10903E-02  1.04662E-03  2.02556E-04
-1.60206E+00  2.48621E+01  1.67683E-02  1.36354E-02  1.55507E-02  1.38273E-02  1.57349E-02  2.48910E-03  2.64224E-04
-1.60206E+00  2.48621E+01  2.12095E-02  1.94025E-02  2.20792E-02  1.96389E-02  2.23052E-02  5.17121E-03  3.36984E-04
-1.60206E+00  2.48621E+01  2.68270E-02  2.76000E-02  3.13255E-02  2.78764E-02  3.15878E-02  9.70202E-03  4.15373E-04
-1.60206E+00  2.48621E+01  3.39322E-02  3.92469E-02  4.44050E-02  3.95439E-02  4.46833E-02  1.68507E-02  4.87676E-04
-1.60206E+00  2.48621E+01  4.29193E-02  5.57853E-02  6.28834E-02  5.60708E-02  6.31443E-02  2.75804E-02  5.44698E-04
-1.60206E+00  2.48621E+01  5.42868E-02  7.92532E-02  8.89449E-02  7.94713E-02  8.91310E-02  4.30558E-02  5.66662E-04
-1.60206E+00  2.48621E+01  6.86649E-02  1.12524E-01  1.25630E-01  1.12592E-01  1.25658E-01  6.45566E-02  5.30741E-04
-1.60206E+00  2.48621E+01  8.68511E-02  1.59635E-01  1.77151E-01  1.59479E-01  1.76945E-01  9.31903E-02  4.49596E-04
-1.60206E+00  2.48621E+01  1.09854E-01  2.26244E-01  2.49296E-01  2.25833E-01  2.48824E-01  1.29287E-01  3.67293E-04
-1.60206E+00  2.48621E+01  1.38950E-01  3.20241E-01  3.49981E-01  3.19580E-01  3.49249E-01  1.71458E-01  3.19857E-04
-1.60206E+00  2.48621E+01  1.75751E-01  4.52620E-01  4.89987E-01  4.51698E-01  4.88985E-01  2.15635E-01  2.88155E-04
-1.60206E+00  2.48621E+01  2.22300E-01  6.38725E-01  6.83944E-01  6.37527E-01  6.82663E-01  2.54924E-01  2.60144E-04
-1.60206E+00  2.48621E+01  2.81177E-01  9.00402E-01  9.52048E-01  8.98926E-01  9.50491E-01  2.81279E-01  2.35129E-04
-1.60206E+00  2.48621E+01  3.55648E-01  1.27368E+00  1.32706E+00  1.27194E+00  1.32525E+00  2.88858E-01  2.12725E-04
-1.60206E+00  2.48621E+01  4.49843E-01  1.80542E+00  1.86053E+00  1.80332E+00  1.85854E+00  2.76928E-01  1.92601E-04
-1.60206E+00  2.48621E+01  5.68987E-01  2.18332E+00  2.21340E+00  2.18141E+00  2.21147E+00  2.49890E-01  1.74482E-04
-1.60206E+00  2.48621E+01  7.19686E-01  2.51603E+00  2.51169E+00  2.51424E+00  2.50988E+00  2.14591E-01  1.58140E-04
-1.60206E+00  2.48621E+01  9.10298E-01  2.80404E+00  2.80163E+00  2.80242E+00  2.80000E+00  1.77348E-01  1.43379E-04
-1.60206E+00  2.48621E+01  1.15140E+00  3.05966E+00  3.10654E+00  3.05822E+00  3.10330E+00  1.42432E-01  1.30033E-04
-1.60206E+00  2.48621E+01  1.45635E+00  3.36592E+00  3.37211E+00  3.36469E+00  3.37088E+00  1.12011E-01  1.17955E-04
-1.60206E+00  2.48621E+01  1.84207E+00  3.59313E+00  3.59481E+00  3.59208E+00  3.59377E+00  8.67380E-02  1.07018E-04
-1.60206E+00  2.48621E+01  2.32995E+00  3.85546E+00  3.85668E+00  3.85460E+00  3.85582E+00  6.64013E-02  9.71080E-05
-1.60206E+00  2.48621E+01  2.94705E+00  4.12567E+00  4.11106E+00  4.12496E+00  4.11035E+00  5.03924E-02  8.81252E-05
-1.60206E+00  2.48621E+01  3.72759E+00  4.36236E+00  4.36160E+00  4.36179E+00  4.36103E+00  3.79851E-02  7.99802E-05
-1.60206E+00  2.48621E+01  4.71487E+00  4.59134E+00  4.57850E+00  4.59089E+00  4.57805E+00  2.84780E-02  7.25928E-05
-1.60206E+00  2.48621E+01  5.96362E+00  4.85980E+00  4.84290E+00  4.85944E+00  4.84253E+00  2.12557E-02  6.58912E-05
-1.60206E+00  2.48621E+01  7.54312E+00  5.08939E+00  5.10262E+00  5.08911E+00  5.10233E+00  1.58059E-02  5.98108E-05
-1.60206E+00  2.48621E+01  9.54095E+00  5.31729E+00  5.31787E+00  5.31707E+00  5.31764E+00  1.17157E-02  5.42933E-05
-1.60206E+00  2.48621E+01  1.20679E+01  5.56840E+00  5.56810E+00  5.56822E+00  5.56793E+00  8.65971E-03  4.92861E-05
-1.60206E+00  2.48621E+01  1.52642E+01  5.80303E+00  5.79858E+00  5.80290E+00  5.79844E+00  6.38497E-03  4.47416E-05
-1.60206E+00  2.48621E+01  1.93070E+01  6.04837E+00  6.04703E+00  6.04827E+00  6.04693E+00  4.69732E-03  4.06168E-05
-1.60206E+00  2.48621E+01  2.44205E+01  6.28419E+00  6.28320E+00  6.28411E+00  6.28312E+00  3.44880E-03  3.68727E-05
-1.60206E+00  2.48621E+01  3.08884E+01  6.48914E+00  6.47511E+00  6.48909E+00  6.47505E+00  2.52751E-03  3.34741E-05
-1.60206E+00  2.48621E+01  3.90694E+01  6.73683E+00  6.73884E+00  6.73679E+00  6.73880E+00  1.84922E-03  3.03890E-05
-1.60206E+00  2.48621E+01  4.94171E+01  6.98337E+00  6.97271E+00  6.98334E+00  6.97268E+00  1.35088E-03  2.75884E-05
-1.60206E+00  2.48621E+01  6.25055E+01  7.24497E+00  7.22792E+00  7.24495E+00  7.22790E+00  9.85430E-04  2.50460E-05
-1.60206E+00  2.48621E+01  7.90604E+01  7.43989E+00  7.44325E+00  7.43988E+00  7.44324E+00  7.17894E-04  2.27381E-05
-1.60206E+00  2.48621E+01  1.00000E+02  7.67329E+00  7.68992E+00  7.67328E+00  7.68991E+00  5.22349E-04  2.06428E-05
# T =  0  2.50000E-02
# D = 18  1.61026E+25
-1.60206E+00  2.52069E+01  1.00000E-03  9.87595E-05  1.10465E-04  1.00042E-04  1.11713E-04  0.00000E+00  1.63302E-06
-1.60206E+00  2.52069E+01  1.26486E-03  1.41514E-04  1.58234E-04  1.43273E-04  1.59944E-04  0.00000E+00  2.25828E-06
-1.60206E+00  2.52069E+01  1.59986E-03  2.02486E-04  2.26342E-04  2.04893E-04  2.28679E-04  0.00000E+00  3.11797E-06
-1.60206E+00  2.52069E+01  2.02359E-03  2.89414E-04  3.23416E-04  2.92708E-04  3.26613E-04  2.91648E-17  4.30625E-06
-1.60206E+00  2.52069E+01  2.55955E-03  4.13263E-04  4.61679E-04  4.17786E-04  4.66062E-04  3.70065E-14  5.96046E-06
-1.60206E+00  2.52069E+01  3.23746E-03  5.89598E-04  6.58462E-04  5.95832E-04  6.64498E-04  1.07632E-11  8.27693E-06
-1.60206E+00  2.52069E+01  4.09492E-03  8.40751E-04  9.38625E-04  8.49376E-04  9.46971E-04  9.78130E-10  1.15258E-05
-1.60206E+00  2.52069E+01  5.17947E-03  1.19814E-03  1.33709E-03  1.21013E-03  1.34868E-03  3.54347E-08  1.61042E-05
-1.60206E+00  2.52069E+01  6.55129E-03  1.70688E-03  1.90396E-03  1.72362E-03  1.92014E-03  6.20407E-07  2.25658E-05
-1.60206E+00  2.52069E+01  8.28643E-03  2.43071E-03  2.70993E-03  2.45414E-03  2.73258E-03  6.11391E-06  3.16746E-05
-1.60206E+00  2.52069E+01  1.04811E-02  3.46061E-03  3.85568E-03  3.49306E-03  3.88705E-03  3.82734E-05  4.41029E-05
-1.60206E+00  2.52069E+01  1.32571E-02  4.92567E-03  5.48382E-03  4.96977E-03  5.52640E-03  1.67679E-04  6.05164E-05
-1.60206E+00  2.52069E+01  1.67683E-02  7.00937E-03  7.79646E-03  7.06802E-03  7.85301E-03  5.56036E-04  8.17351E-05
-1.60206E+00  2.52069E+01  2.12095E-02  9.97234E-03  1.10799E-02  1.00469E-02  1.11516E-02  1.48725E-03  1.06925E-04
-1.60206E+00  2.52069E+01  2.68270E-02  1.41847E-02  1.57390E-02  1.42748E-02  1.58252E-02  3.37637E-03  1.35264E-04
-1.60206E+00  2.52069E+01  3.39322E-02  2.01717E-02  2.23463E-02  2.02740E-02  2.24432E-02  6.77045E-03  1.65019E-04
-1.60206E+00  2.52069E+01  4.29193E-02  2.86779E-02  3.17082E-02  2.87830E-02  3.18059E-02  1.23606E-02  1.91632E-04
-1.60206E+00  2.52069E+01  5.42868E-02  4.07575E-02  4.49592E-02  4.08477E-02  4.50397E-02  2.10080E-02  2.08883E-04
-1.60206E+00  2.52069E+01  6.86649E-02  5.79009E-02  6.36923E-02  5.79531E-02  6.37317E-02  3.37618E-02  2.13270E-04
-1.60206E+00  2.52069E+01  8.68511E-02  8.22119E-02  9.01339E-02  8.21924E-02  9.00980E-02  5.18147E-02  1.96856E-04
-1.60206E+00  2.52069E+01  1.09854E-01  1.16652E-01  1.27386E-01  1.16531E-01  1.27244E-01  7.63050E-02  1.65824E-04
-1.60206E+00  2.52069E+01  1.38950E-01  1.65374E-01  1.79748E-01  1.65145E-01  1.79493E-01  1.07840E-01  1.45085E-04
-1.60206E+00  2.52069E+01  1.75751E-01  2.34183E-01  2.53136E-01  2.33833E-01  2.52755E-01  1.45671E-01  1.29883E-04
-1.60206E+00  2.52069E+01  2.22300E-01  3.31137E-01  3.55628E-01  3.30649E-01  3.55105E-01  1.86707E-01  1.15956E-04
-1.60206E+00  2.52069E+01  2.81177E-01  4.67355E-01  4.98158E-01  4.66715E-01  4.97480E-01  2.25075E-01  1.03492E-04
-1.60206E+00  2.52069E+01  3.55648E-01  6.58148E-01  6.95427E-01  6.57349E-01  6.94587E-01  2.53244E-01  9.24711E-05
-1.60206E+00  2.52069E+01  4.49843E-01  9.24951E-01  9.67482E-01  9.23991E-01  9.66484E-01  2.64974E-01  8.26953E-05
-1.60206E+00  2.52069E+01  5.68987E-01  1.30129E+00  1.34507E+00  1.30019E+00  1.34392E+00  2.58378E-01  7.40029E-05
-1.60206E+00  2.52069E+01  7.19686E-01  1.82910E+00  1.87926E+00  1.82783E+00  1.87801E+00  2.36597E-01  6.62590E-05
-1.60206E+00  2.52069E+01  9.10298E-01  2.24047E+00  2.24560E+00  2.23891E+00  2.24438E+00  2.05675E-01  5.93500E-05
-1.60206E+00  2.52069E+01  1.15140E+00  2.55801E+00  2.58262E+00  2.55618E+00  2.58149E+00  1.71683E-01  5.31786E-05
-1.60206E+00  2.52069E+01  1.45635E+00  2.85086E+00  2.85356E+00  2.84982E+00  2.85252E+00  1.39001E-01  4.76611E-05
-1.60206E+00  2.52069E+01  1.84207E+00  3.16051E+00  3.15092E+00  3.15960E+00  3.15000E+00  1.10033E-01  4.27245E-05
-1.60206E+00  2.52069E+01  2.32995E+00  3.42501E+00  3.42810E+00  3.42422E+00  3.42731E+00  8.56679E-02  3.83053E-05
-1.60206E+00  2.52069E+01  2.94705E+00  3.69653E+00  3.69368E+00  3.69586E+00  3.69301E+00  6.58779E-02  3.43475E-05
-1.60206E+00  2.52069E+01  3.72759E+00  3.93438E+00  3.95101E+00  3.93381E+00  3.95045E+00  5.01859E-02  3.08017E-05
-1.60206E+00  2.52069E+01  4.71487E+00  4.17355E+00  4.18046E+00  4.17309E+00  4.17999E+00  3.79531E-02  2.76240E-05
-1.60206E+00  2.52069E+01  5.96362E+00  4.42522E+00  4.44107E+00  4.42484E+00  4.44069E+00  2.85348E-02  2.47757E-05
-1.60206E+00  2.52069E+01  7.54312E+00  4.69214E+00  4.68756E+00  4.69183E+00  4.68726E+00  2.13512E-02  2.22221E-05
-1.60206E+00  2.52069E+01  9.54095E+00  4.91576E+00  4.90859E+00  4.91552E+00  4.90834E+00  1.59120E-02  1.99325E-05
-1.60206E+00  2.52069E+01  1.20679E+01  5.15074E+00  5.16594E+00  5.15054E+00  5.16574E+00  1.18176E-02  1.78793E-05
-1.60206E+00  2.52069E+01  1.52642E+01  5.38560E+00  5.38504E+00  5.38544E+00  5.38489E+00  8.75053E-03  1.60380E-05
-1.60206E+00  2.52069E+01  1.93070E+01  5.62806E+00  5.64634E+00  5.62794E+00  5.64622E+00  6.46231E-03  1.43866E-05
-1.60206E+00  2.52069E+01  2.44205E+01  5.85767E+00  5.85864E+00  5.85758E+00  5.85854E+00  4.76116E-03  1.29055E-05
-1.60206E+00  2.52069E+01  3.08884E+01  6.10056E+00  6.12125E+00  6.10048E+00  6.12117E+00  3.50035E-03  1.15769E-05
-1.60206E+00  2.52069E+01  3.90694E+01  6.35374E+00  6.34120E+00  6.35368E+00  6.34114E+00  2.56843E-03  1.03852E-05
-1.60206E+00  2.52069E+01  4.94171E+01  6.59865E+00  6.62387E+00  6.59860E+00  6.62382E+00  1.88128E-03  9.31629E-06
-1.60206E+00  2.52069E+01  6.25055E+01  6.80681E+00  6.81078E+00  6.80678E+00  6.81075E+00  1.37573E-03  8.35742E-06
-1.60206E+00  2.52069E+01  7.90604E+01  7.02980E+00  7.04334E+00  7.02977E+00  7.04331E+00  1.00453E-03  7.49727E-06
-1.60206E+00  2.52069E+01  1.00000E+02  7.29469E+00  7.31876E+00  7.29467E+00  7.31874E+00  7.32466E-04  6.72568E-06
# T =  0  2.50000E-02
# D = 19  3.56225E+25
-1.60206E+00  2.55517E+01  1.00000E-03  5.07786E-05  5.54389E-05  5.11595E-05  5.58113E-05  0.00000E+00  4.87341E-07
-1.60206E+00  2.55517E+01  1.26486E-03  7.26264E-05  7.92775E-05  7.31495E-05  7.97885E-05  0.00000E+00  6.74765E-07
-1.60206E+00  2.55517E+01  1.59986E-03  1.03719E-04  1.13200E-04  1.04437E-04  1.13900E-04  0.00000E+00  9.33171E-07
-1.60206E+00  2.55517E+01  2.02359E-03  1.48004E-04  1.61508E-04  1.48988E-04  1.62468E-04  0.00000E+00  1.29140E-06
-1.60206E+00  2.55517E+01  2.55955E-03  2.11060E-04  2.30284E-04  2.12414E-04  2.31605E-04  0.00000E+00  1.79120E-06
-1.60206E+00  2.55517E+01  3.23746E-03  3.00890E-04  3.28244E-04  3.02763E-04  3.30069E-04  3.44200E-16  2.49390E-06
-1.60206E+00  2.55517E+01  4.09492E-03  4.28664E-04  4.67556E-04  4.31274E-04  4.70097E-04  2.64935E-13  3.49074E-06
-1.60206E+00  2.55517E+01  5.17947E-03  6.10511E-04  6.65777E-04  6.14178E-04  6.69346E-04  5.21348E-11  4.91763E-06
-1.60206E+00  2.55517E+01  6.55129E-03  8.69362E-04  9.47847E-04  8.74571E-04  9.52918E-04  3.47885E-09  6.98372E-06
-1.60206E+00  2.55517E+01  8.28643E-03  1.23755E-03  1.34892E-03  1.24503E-03  1.35621E-03  9.87201E-08  1.00018E-05
-1.60206E+00  2.55517E+01  1.04811E-02  1.76149E-03  1.91943E-03  1.77229E-03  1.92996E-03  1.42494E-06  1.43644E-05
-1.60206E+00  2.55517E+01  1.32571E-02  2.50668E-03  2.73044E-03  2.52213E-03  2.74550E-03  1.20554E-05  2.04860E-05
-1.60206E+00  2.55517E+01  1.67683E-02  3.56670E-03  3.88335E-03  3.58848E-03  3.90459E-03  6.69159E-05  2.88945E-05
-1.60206E+00  2.55517E+01  2.12095E-02  5.07422E-03  5.52169E-03  5.10430E-03  5.55101E-03  2.66802E-04  4.01082E-05
-1.60206E+00  2.55517E+01  2.68270E-02  7.21784E-03  7.84921E-03  7.25853E-03  7.88886E-03  8.22347E-04  5.47902E-05
-1.60206E+00  2.55517E+01  3.39322E-02  1.02654E-02  1.11544E-02  1.03179E-02  1.12055E-02  2.07940E-03  7.23117E-05
-1.60206E+00  2.55517E+01  4.29193E-02  1.45970E-02  1.58457E-02  1.46605E-02  1.59073E-02  4.52238E-03  9.10986E-05
-1.60206E+00  2.55517E+01  5.42868E-02  2.07520E-02  2.25009E-02  2.08217E-02  2.25679E-02  8.77477E-03  1.07976E-04
-1.60206E+00  2.55517E+01  6.86649E-02  2.94949E-02  3.19348E-02  2.95614E-02  3.19977E-02  1.56119E-02  1.19335E-04
-1.60206E+00  2.55517E+01  8.68511E-02  4.19068E-02  4.52954E-02  4.19532E-02  4.53369E-02  2.59779E-02  1.18707E-04
-1.60206E+00  2.55517E+01  1.09854E-01  5.95177E-02  6.41964E-02  5.95227E-02  6.41951E-02  4.09673E-02  1.03228E-04
-1.60206E+00  2.55517E+01  1.38950E-01  8.44845E-02  9.08972E-02  8.44334E-02  9.08380E-02  6.16942E-02  8.08641E-05
-1.60206E+00  2.55517E+01  1.75751E-01  1.19841E-01  1.28549E-01  1.19729E-01  1.28428E-01  8.89337E-02  6.32804E-05
-1.60206E+00  2.55517E+01  2.22300E-01  1.69839E-01  1.81528E-01  1.69665E-01  1.81341E-01  1.22431E-01  5.40523E-05
-1.60206E+00  2.55517E+01  2.81177E-01  2.40411E-01  2.55861E-01  2.40166E-01  2.55601E-01  1.59966E-01  4.75384E-05
-1.60206E+00  2.55517E+01  3.55648E-01  3.39774E-01  3.59786E-01  3.39449E-01  3.59444E-01  1.96700E-01  4.18674E-05
-1.60206E+00  2.55517E+01  4.49843E-01  4.79213E-01  5.04433E-01  4.78799E-01  5.04000E-01  2.25807E-01  3.69100E-05
-1.60206E+00  2.55517E+01  5.68987E-01  6.74124E-01  7.04691E-01  6.73617E-01  7.04164E-01  2.40917E-01  3.25651E-05
-1.60206E+00  2.55517E+01  7.19686E-01  9.45571E-01  9.80481E-01  9.44971E-01  9.79861E-01  2.39173E-01  2.87493E-05
-1.60206E+00  2.55517E+01  9.10298E-01  1.32482E+00  1.36076E+00  1.32413E+00  1.36005E+00  2.22478E-01  2.53927E-05
-1.60206E+00  2.55517E+01  1.15140E+00  1.87106E+00  1.90896E+00  1.87030E+00  1.90820E+00  1.95974E-01  2.24365E-05
-1.60206E+00  2.55517E+01  1.45635E+00  2.28214E+00  2.28271E+00  2.28139E+00  2.28196E+00  1.65370E-01  1.98303E-05
-1.60206E+00  2.55517E+01  1.84207E+00  2.62467E+00  2.61626E+00  2.62397E+00  2.61555E+00  1.35077E-01  1.75309E-05
-1.60206E+00  2.55517E+01  2.32995E+00  2.92823E+00  2.93173E+00  2.92759E+00  2.93108E+00  1.07698E-01  1.55010E-05
-1.60206E+00  2.55517E+01  2.94705E+00  3.19699E+00  3.20350E+00  3.19641E+00  3.20292E+00  8.43470E-02  1.37080E-05
-1.60206E+00  2.55517E+01  3.72759E+00  3.47006E+00  3.48910E+00  3.46956E+00  3.48860E+00  6.51821E-02  1.21239E-05
-1.60206E+00  2.55517E+01  4.71487E+00  3.73684E+00  3.73745E+00  3.73641E+00  3.73703E+00  4.98624E-02  1.07238E-05
-1.60206E+00  2.55517E+01  5.96362E+00  4.00752E+00  4.00779E+00  4.00717E+00  4.00743E+00  3.78426E-02  9.48602E-06
-1.60206E+00  2.55517E+01  7.54312E+00  4.26875E+00  4.26618E+00  4.26846E+00  4.26588E+00  2.85393E-02  8.39160E-06
-1.60206E+00  2.55517E+01  9.54095E+00  4.49228E+00  4.50040E+00  4.49204E+00  4.50016E+00  2.14121E-02  7.42377E-06
-1.60206E+00  2.55517E+01  1.20679E+01  4.75343E+00  4.73933E+00  4.75323E+00  4.73913E+00  1.59954E-02  6.56779E-06
-1.60206E+00  2.55517E+01  1.52642E+01  4.97448E+00  4.95398E+00  4.97432E+00  4.95382E+00  1.19047E-02  5.81067E-06
-1.60206E+00  2.55517E+01  1.93070E+01  5.21635E+00  5.24475E+00  5.21622E+00  5.24462E+00  8.83179E-03  5.14095E-06
-1.60206E+00  2.55517E+01  2.44205E+01  5.49120E+00  5.49269E+00  5.49109E+00  5.49259E+00  6.53350E-03  4.54849E-06
-1.60206E+00  2.55517E+01  3.08884E+01  5.72610E+00  5.71710E+00  5.72602E+00  5.71702E+00  4.82111E-03  4.02436E-06
-1.60206E+00  2.55517E+01  3.90694E+01  5.92957E+00  5.91730E+00  5.92951E+00  5.91723E+00  3.54945E-03  3.56067E-06
-1.60206E+00  2.55517E+01  4.94171E+01  6.17872E+00  6.17711E+00  6.17867E+00  6.17706E+00  2.60784E-03  3.15043E-06
-1.60206E+00  2.55517E+01  6.25055E+01  6.41791E+00  6.41138E+00  6.41787E+00  6.41134E+00  1.91243E-03  2.78748E-06
-1.60206E+00  2.55517E+01  7.90604E+01  6.66981E+00  6.66642E+00  6.66977E+00  6.66639E+00  1.40005E-03  2.46635E-06
-1.60206E+00  2.55517E+01  1.00000E+02  6.92072E+00  6.88665E+00  6.92069E+00  6.88662E+00  1.02333E-03  2.18223E-06
# T =  0  2.50000E-02
# D = 20  7.88046E+25
-1.60206E+00  2.58966E+01  1.00000E-03  2.57651E-05  2.75990E-05  2.58596E-05  2.76914E-05  0.00000E+00  1.26084E-07
-1.60206E+00  2.58966E+01  1.26486E-03  3.68021E-05  3.94174E-05  3.69424E-05  3.95547E-05  0.00000E+00  1.85227E-07
-1.60206E+00  2.58966E+01  1.59986E-03  5.25075E-05  5.62338E-05  5.27152E-05  5.64374E-05  0.00000E+00  2.71758E-07
-1.60206E+00  2.58966E+01  2.02359E-03  7.48473E-05  8.01527E-05  7.51529E-05  8.04526E-05  0.00000E+00  3.96702E-07
-1.60206E+00  2.58966E+01  2.55955E-03  1.06654E-04  1.14205E-04  1.07099E-04  1.14642E-04  0.00000E+00  5.74421E-07
-1.60206E+00  2.58966E+01  3.23746E-03  1.51920E-04  1.62663E-04  1.52560E-04  1.63292E-04  0.00000E+00  8.24223E-07
-1.60206E+00  2.58966E+01  4.09492E-03  2.16391E-04  2.31674E-04  2.17302E-04  2.32569E-04  3.18445E-18  1.17268E-06
-1.60206E+00  2.58966E+01  5.17947E-03  3.08080E-04  3.29809E-04  3.09362E-04  3.31067E-04  3.40764E-15  1.65393E-06
-1.60206E+00  2.58966E+01  6.55129E-03  4.38522E-04  4.69400E-04  4.40307E-04  4.71152E-04  1.66339E-12  2.31323E-06
-1.60206E+00  2.58966E+01  8.28643E-03  6.24164E-04  6.68030E-04  6.26621E-04  6.70439E-04  2.27637E-10  3.20604E-06
-1.60206E+00  2.58966E+01  1.04811E-02  8.88215E-04  9.50499E-04  8.91572E-04  9.53789E-04  1.13981E-08  4.42000E-06
-1.60206E+00  2.58966E+01  1.32571E-02  1.26381E-03  1.35220E-03  1.26839E-03  1.35669E-03  2.57745E-07  6.08829E-06
-1.60206E+00  2.58966E+01  1.67683E-02  1.79815E-03  1.92349E-03  1.80437E-03  1.92958E-03  3.10900E-06  8.35585E-06
-1.60206E+00  2.58966E+01  2.12095E-02  2.55806E-03  2.73568E-03  2.56662E-03  2.74405E-03  2.28256E-05  1.15742E-05
-1.60206E+00  2.58966E+01  2.68270E-02  3.63878E-03  3.89017E-03  3.65060E-03  3.90174E-03  1.13316E-04  1.60857E-05
-1.60206E+00  2.58966E+01  3.39322E-02  5.17559E-03  5.53105E-03  5.19148E-03  5.54658E-03  4.14045E-04  2.18969E-05
-1.60206E+00  2.58966E+01  4.29193E-02  7.36062E-03  7.86244E-03  7.38097E-03  7.88228E-03  1.19281E-03  2.87889E-05
-1.60206E+00  2.58966E+01  5.42868E-02  1.04668E-02  1.11739E-02  1.04908E-02  1.11972E-02  2.86366E-03  3.58185E-05
-1.60206E+00  2.58966E+01  6.86649E-02  1.48815E-02  1.58756E-02  1.49065E-02  1.58997E-02  5.98510E-03  4.15371E-05
-1.60206E+00  2.58966E+01  8.68511E-02  2.11541E-02  2.25478E-02  2.11761E-02  2.25686E-02  1.12595E-02  4.49778E-05
-1.60206E+00  2.58966E+01  1.09854E-01  3.00629E-02  3.20099E-02  3.00758E-02  3.20211E-02  1.95409E-02  4.45389E-05
-1.60206E+00  2.58966E+01  1.38950E-01  4.27102E-02  4.54184E-02  4.27048E-02  4.54107E-02  3.18279E-02  3.80292E-05
-1.60206E+00  2.58966E+01  1.75751E-01  6.06528E-02  6.43987E-02  6.06246E-02  6.43674E-02  4.91793E-02  3.07336E-05
-1.60206E+00  2.58966E+01  2.22300E-01  8.60869E-02  9.12324E-02  8.60342E-02  9.11758E-02  7.24533E-02  2.64917E-05
-1.60206E+00  2.58966E+01  2.81177E-01  1.22101E-01  1.29106E-01  1.22019E-01  1.29019E-01  1.01753E-01  2.33566E-05
-1.60206E+00  2.58966E+01  3.55648E-01  1.73024E-01  1.82452E-01  1.72908E-01  1.82330E-01  1.35585E-01  2.06199E-05
-1.60206E+00  2.58966E+01  4.49843E-01  2.44891E-01  2.57389E-01  2.44733E-01  2.57224E-01  1.70105E-01  1.82218E-05
-1.60206E+00  2.58966E+01  5.68987E-01  3.46051E-01  3.62291E-01  3.45846E-01  3.62078E-01  1.99319E-01  1.61149E-05
-1.60206E+00  2.58966E+01  7.19686E-01  4.87940E-01  5.08476E-01  4.87684E-01  5.08210E-01  2.16987E-01  1.42602E-05
-1.60206E+00  2.58966E+01  9.10298E-01  6.86015E-01  7.10979E-01  6.85703E-01  7.10658E-01  2.19518E-01  1.26248E-05
-1.60206E+00  2.58966E+01  1.15140E+00  9.61160E-01  9.89750E-01  9.60794E-01  9.89375E-01  2.07641E-01  1.11811E-05
-1.60206E+00  2.58966E+01  1.45635E+00  1.34281E+00  1.37235E+00  1.34239E+00  1.37193E+00  1.85529E-01  9.90532E-06
-1.60206E+00  2.58966E+01  1.84207E+00  1.89575E+00  1.94232E+00  1.89530E+00  1.94186E+00  1.58413E-01  8.77711E-06
-1.60206E+00  2.58966E+01  2.32995E+00  2.31211E+00  2.35828E+00  2.31166E+00  2.35783E+00  1.30648E-01  7.77879E-06
-1.60206E+00  2.58966E+01  2.94705E+00  2.65829E+00  2.66620E+00  2.65786E+00  2.66577E+00  1.04991E-01  6.89499E-06
-1.60206E+00  2.58966E+01  3.72759E+00  2.98129E+00  2.98118E+00  2.98089E+00  2.98078E+00  8.27615E-02  6.11229E-06
-1.60206E+00  2.58966E+01  4.71487E+00  3.27590E+00  3.27532E+00  3.27554E+00  3.27496E+00  6.43025E-02  5.41891E-06
-1.60206E+00  2.58966E+01  5.96362E+00  3.55021E+00  3.55348E+00  3.54990E+00  3.55317E+00  4.94133E-02  4.80452E-06
-1.60206E+00  2.58966E+01  7.54312E+00  3.81566E+00  3.82399E+00  3.81540E+00  3.82372E+00  3.76473E-02  4.26002E-06
-1.60206E+00  2.58966E+01  9.54095E+00  4.05564E+00  4.05436E+00  4.05541E+00  4.05414E+00  2.84871E-02  3.77740E-06
-1.60206E+00  2.58966E+01  1.20679E+01  4.32879E+00  4.33319E+00  4.32860E+00  4.33300E+00  2.14353E-02  3.34956E-06
-1.60206E+00  2.58966E+01  1.52642E+01  4.54661E+00  4.54858E+00  4.54646E+00  4.54843E+00  1.60539E-02  2.97026E-06
-1.60206E+00  2.58966E+01  1.93070E+01  4.82068E+00  4.82987E+00  4.82056E+00  4.82974E+00  1.19755E-02  2.63397E-06
-1.60206E+00  2.58966E+01  2.44205E+01  5.06729E+00  5.06372E+00  5.06719E+00  5.06362E+00  8.90243E-03  2.33580E-06
-1.60206E+00  2.58966E+01  3.08884E+01  5.30273E+00  5.29398E+00  5.30265E+00  5.29389E+00  6.59785E-03  2.07140E-06
-1.60206E+00  2.58966E+01  3.90694E+01  5.53465E+00  5.55470E+00  5.53459E+00  5.55464E+00  4.87668E-03  1.83696E-06
-1.60206E+00  2.58966E+01  4.94171E+01  5.78557E+00  5.78277E+00  5.78552E+00  5.78272E+00  3.59578E-03  1.62906E-06
-1.60206E+00  2.58966E+01  6.25055E+01  6.02492E+00  6.02147E+00  6.02488E+00  6.02143E+00  2.64552E-03  1.44470E-06
-1.60206E+00  2.58966E+01  7.90604E+01  6.26543E+00  6.25301E+00  6.26540E+00  6.25298E+00  1.94252E-03  1.28121E-06
-1.60206E+00  2.58966E+01  1.00000E+02  6.46149E+00  6.46598E+00  6.46147E+00  6.46596E+00  1.42373E-03  1.13623E-06
# T =  0  2.50000E-02
# D = 21  1.74333E+26
-1.60206E+00  2.62414E+01  1.00000E-03  1.29490E-05  1.36641E-05  1.29760E-05  1.36906E-05  0.00000E+00  3.61924E-08
-1.60206E+00  2.62414E+01  1.26486E-03  1.84749E-05  1.94938E-05  1.85150E-05  1.95333E-05  0.00000E+00  5.32763E-08
-1.60206E+00  2.62414E+01  1.59986E-03  2.63283E-05  2.77791E-05  2.63881E-05  2.78379E-05  0.00000E+00  7.83763E-08
-1.60206E+00  2.62414E+01  2.02359E-03  3.74994E-05  3.95643E-05  3.75878E-05  3.96513E-05  0.00000E+00  1.14862E-07
-1.60206E+00  2.62414E+01  2.55955E-03  5.34028E-05  5.63412E-05  5.35323E-05  5.64688E-05  0.00000E+00  1.67267E-07
-1.60206E+00  2.62414E+01  3.23746E-03  7.60352E-05  8.02159E-05  7.62233E-05  8.04012E-05  0.00000E+00  2.41696E-07
-1.60206E+00  2.62414E+01  4.09492E-03  1.08245E-04  1.14193E-04  1.08515E-04  1.14459E-04  0.00000E+00  3.46310E-07
-1.60206E+00  2.62414E+01  5.17947E-03  1.54120E-04  1.62579E-04  1.54503E-04  1.62957E-04  0.00000E+00  4.91830E-07
-1.60206E+00  2.62414E+01  6.55129E-03  2.19333E-04  2.31359E-04  2.19871E-04  2.31890E-04  2.11719E-17  6.92067E-07
-1.60206E+00  2.62414E+01  8.28643E-03  3.12104E-04  3.29197E-04  3.12850E-04  3.29932E-04  2.90288E-14  9.64937E-07
-1.60206E+00  2.62414E+01  1.04811E-02  4.44091E-04  4.68381E-04  4.45119E-04  4.69394E-04  9.24402E-12  1.33868E-06
-1.60206E+00  2.62414E+01  1.32571E-02  6.31922E-04  6.66431E-04  6.33344E-04  6.67830E-04  9.02517E-10  1.86292E-06
-1.60206E+00  2.62414E+01  1.67683E-02  8.98997E-04  9.47993E-04  9.00979E-04  9.49944E-04  3.46011E-08  2.60823E-06
-1.60206E+00  2.62414E+01  2.12095E-02  1.27898E-03  1.34853E-03  1.28180E-03  1.35130E-03  6.33522E-07  3.69997E-06
-1.60206E+00  2.62414E+01  2.68270E-02  1.81935E-03  1.91798E-03  1.82339E-03  1.92196E-03  6.46708E-06  5.29513E-06
-1.60206E+00  2.62414E+01  3.39322E-02  2.58796E-03  2.72775E-03  2.59375E-03  2.73345E-03  4.16184E-05  7.56231E-06
-1.60206E+00  2.62414E+01  4.29193E-02  3.68083E-03  3.87879E-03  3.68896E-03  3.88679E-03  1.86279E-04  1.06330E-05
-1.60206E+00  2.62414E+01  5.42868E-02  5.23499E-03  5.51499E-03  5.24595E-03  5.52578E-03  6.27809E-04  1.45020E-05
-1.60206E+00  2.62414E+01  6.86649E-02  7.44460E-03  7.84012E-03  7.45859E-03  7.85388E-03  1.69910E-03  1.89673E-05
-1.60206E+00  2.62414E+01  8.68511E-02  1.05855E-02  1.11432E-02  1.06020E-02  1.11593E-02  3.88780E-03  2.34286E-05
-1.60206E+00  2.62414E+01  1.09854E-01  1.50493E-02  1.58341E-02  1.50661E-02  1.58504E-02  7.82916E-03  2.64519E-05
-1.60206E+00  2.62414E+01  1.38950E-01  2.13915E-02  2.24929E-02  2.14038E-02  2.25046E-02  1.43012E-02  2.57995E-05
-1.60206E+00  2.62414E+01  1.75751E-01  3.03990E-02  3.19395E-02  3.04018E-02  3.19415E-02  2.42167E-02  2.14484E-05
-1.60206E+00  2.62414E+01  2.22300E-01  4.31860E-02  4.53321E-02  4.31757E-02  4.53207E-02  3.85674E-02  1.53033E-05
-1.60206E+00  2.62414E+01  2.81177E-01  6.13278E-02  6.43013E-02  6.13032E-02  6.42754E-02  5.82371E-02  1.02896E-05
-1.60206E+00  2.62414E+01  3.55648E-01  8.70458E-02  9.11392E-02  8.70059E-02  9.10974E-02  8.35702E-02  6.95885E-06
-1.60206E+00  2.62414E+01  4.49843E-01  1.23465E-01  1.29052E-01  1.23408E-01  1.28992E-01  1.13651E-01  4.72837E-06
-1.60206E+00  2.62414E+01  5.68987E-01  1.74967E-01  1.82508E-01  1.74889E-01  1.82427E-01  1.45530E-01  3.22453E-06
-1.60206E+00  2.62414E+01  7.19686E-01  2.47661E-01  2.57691E-01  2.47559E-01  2.57586E-01  1.74108E-01  2.20522E-06
-1.60206E+00  2.62414E+01  9.10298E-01  3.50004E-01  3.63088E-01  3.49875E-01  3.62955E-01  1.93506E-01  1.51147E-06
-1.60206E+00  2.62414E+01  1.15140E+00  4.93571E-01  5.10186E-01  4.93411E-01  5.10022E-01  1.99650E-01  1.03777E-06
-1.60206E+00  2.62414E+01  1.45635E+00  6.93932E-01  7.14224E-01  6.93740E-01  7.14028E-01  1.92227E-01  7.13498E-07
-1.60206E+00  2.62414E+01  1.84207E+00  9.71818E-01  9.95173E-01  9.71594E-01  9.94945E-01  1.74403E-01  4.91078E-07
-1.60206E+00  2.62414E+01  2.32995E+00  1.35528E+00  1.37958E+00  1.35503E+00  1.37932E+00  1.50830E-01  3.38279E-07
-1.60206E+00  2.62414E+01  2.94705E+00  1.92267E+00  1.93711E+00  1.92239E+00  1.93683E+00  1.25711E-01  2.33178E-07
-1.60206E+00  2.62414E+01  3.72759E+00  2.38258E+00  2.37734E+00  2.38231E+00  2.37706E+00  1.01900E-01  1.60815E-07
-1.60206E+00  2.62414E+01  4.71487E+00  2.73510E+00  2.73465E+00  2.73484E+00  2.73439E+00  8.08987E-02  1.10955E-07
-1.60206E+00  2.62414E+01  5.96362E+00  3.03838E+00  3.04342E+00  3.03814E+00  3.04317E+00  6.32282E-02  7.65785E-08
-1.60206E+00  2.62414E+01  7.54312E+00  3.31594E+00  3.31704E+00  3.31572E+00  3.31682E+00  4.88302E-02  5.28664E-08
-1.60206E+00  2.62414E+01  9.54095E+00  3.58989E+00  3.58320E+00  3.58969E+00  3.58301E+00  3.73608E-02  3.65040E-08
-1.60206E+00  2.62414E+01  1.20679E+01  3.84552E+00  3.85535E+00  3.84536E+00  3.85519E+00  2.83735E-02  2.52099E-08
-1.60206E+00  2.62414E+01  1.52642E+01  4.12677E+00  4.13501E+00  4.12663E+00  4.13487E+00  2.14176E-02  1.74123E-08
-1.60206E+00  2.62414E+01  1.93070E+01  4.37341E+00  4.37792E+00  4.37329E+00  4.37781E+00  1.60852E-02  1.20278E-08
-1.60206E+00  2.62414E+01  2.44205E+01  4.65395E+00  4.66025E+00  4.65385E+00  4.66015E+00  1.20284E-02  8.30902E-09
-1.60206E+00  2.62414E+01  3.08884E+01  4.87612E+00  4.87694E+00  4.87604E+00  4.87686E+00  8.96138E-03  5.74038E-09
-1.60206E+00  2.62414E+01  3.90694E+01  5.13478E+00  5.13234E+00  5.13471E+00  5.13227E+00  6.65461E-03  3.96600E-09
-1.60206E+00  2.62414E+01  4.94171E+01  5.36038E+00  5.34829E+00  5.36032E+00  5.34824E+00  4.92736E-03  2.74020E-09
-1.60206E+00  2.62414E+01  6.25055E+01  5.60569E+00  5.60010E+00  5.60565E+00  5.60005E+00  3.63900E-03  1.89332E-09
-1.60206E+00  2.62414E+01  7.90604E+01  5.83598E+00  5.84404E+00  5.83594E+00  5.84401E+00  2.68124E-03  1.30821E-09
-1.60206E+00  2.62414E+01  1.00000E+02  6.09459E+00  6.09264E+00  6.09456E+00  6.09261E+00  1.97139E-03  9.03941E-10
# T =  0  2.50000E-02
# D = 22  3.85662E+26
-1.60206E+00  2.65862E+01  1.00000E-03  6.45842E-06  6.73481E-06  6.46728E-06  6.74356E-06  0.00000E+00  1.15210E-08
-1.60206E+00  2.65862E+01  1.26486E-03  9.19664E-06  9.59005E-06  9.20886E-06  9.60211E-06  0.00000E+00  1.59873E-08
-1.60206E+00  2.65862E+01  1.59986E-03  1.30936E-05  1.36535E-05  1.31104E-05  1.36701E-05  0.00000E+00  2.21896E-08
-1.60206E+00  2.65862E+01  2.02359E-03  1.86418E-05  1.94386E-05  1.86651E-05  1.94616E-05  0.00000E+00  3.08923E-08
-1.60206E+00  2.65862E+01  2.55955E-03  2.65398E-05  2.76736E-05  2.65722E-05  2.77056E-05  0.00000E+00  4.32638E-08
-1.60206E+00  2.65862E+01  3.23746E-03  3.77741E-05  3.93872E-05  3.78198E-05  3.94323E-05  0.00000E+00  6.11003E-08
-1.60206E+00  2.65862E+01  4.09492E-03  5.37650E-05  5.60599E-05  5.38302E-05  5.61243E-05  0.00000E+00  8.71441E-08
-1.60206E+00  2.65862E+01  5.17947E-03  7.65413E-05  7.98063E-05  7.66358E-05  7.98997E-05  0.00000E+00  1.25733E-07
-1.60206E+00  2.65862E+01  6.55129E-03  1.08927E-04  1.13570E-04  1.09066E-04  1.13708E-04  0.00000E+00  1.83824E-07
-1.60206E+00  2.65862E+01  8.28643E-03  1.54964E-04  1.61567E-04  1.55174E-04  1.61774E-04  0.00000E+00  2.72432E-07
-1.60206E+00  2.65862E+01  1.04811E-02  2.20468E-04  2.29854E-04  2.20783E-04  2.30165E-04  2.50238E-16  4.04536E-07
-1.60206E+00  2.65862E+01  1.32571E-02  3.13655E-04  3.26996E-04  3.14123E-04  3.27458E-04  2.14218E-13  5.94704E-07
-1.60206E+00  2.65862E+01  1.67683E-02  4.46284E-04  4.65243E-04  4.46965E-04  4.65917E-04  4.58632E-11  8.61893E-07
-1.60206E+00  2.65862E+01  2.12095E-02  6.34830E-04  6.61762E-04  6.35795E-04  6.62716E-04  3.27122E-09  1.22066E-06
-1.60206E+00  2.65862E+01  2.68270E-02  9.03029E-04  9.41272E-04  9.04359E-04  9.42588E-04  9.78438E-08  1.69335E-06
-1.60206E+00  2.65862E+01  3.39322E-02  1.28461E-03  1.33889E-03  1.28640E-03  1.34066E-03  1.47215E-06  2.31057E-06
-1.60206E+00  2.65862E+01  4.29193E-02  1.82714E-03  1.90415E-03  1.82954E-03  1.90651E-03  1.28679E-05  3.12324E-06
-1.60206E+00  2.65862E+01  5.42868E-02  2.59889E-03  2.70807E-03  2.60207E-03  2.71121E-03  7.32679E-05  4.20925E-06
-1.60206E+00  2.65862E+01  6.86649E-02  3.69613E-03  3.85079E-03  3.70036E-03  3.85496E-03  2.97889E-04  5.68469E-06
-1.60206E+00  2.65862E+01  8.68511E-02  5.25651E-03  5.47536E-03  5.26182E-03  5.48059E-03  9.31566E-04  7.36048E-06
-1.60206E+00  2.65862E+01  1.09854E-01  7.47499E-03  7.78428E-03  7.48098E-03  7.79016E-03  2.37944E-03  8.87703E-06
-1.60206E+00  2.65862E+01  1.38950E-01  1.06286E-02  1.10650E-02  1.06344E-02  1.10707E-02  5.20631E-03  9.94212E-06
-1.60206E+00  2.65862E+01  1.75751E-01  1.51105E-02  1.57251E-02  1.51144E-02  1.57289E-02  1.01226E-02  9.61716E-06
-1.60206E+00  2.65862E+01  2.22300E-01  2.14787E-02  2.23421E-02  2.14784E-02  2.23415E-02  1.79676E-02  7.52905E-06
-1.60206E+00  2.65862E+01  2.81177E-01  3.05237E-02  3.17328E-02  3.05182E-02  3.17270E-02  2.96671E-02  5.38489E-06
-1.60206E+00  2.65862E+01  3.55648E-01  4.33647E-02  4.50515E-02  4.33537E-02  4.50399E-02  4.60972E-02  3.86814E-06
-1.60206E+00  2.65862E+01  4.49843E-01  6.15851E-02  6.39267E-02  6.15676E-02  6.39085E-02  6.77550E-02  2.78883E-06
-1.60206E+00  2.65862E+01  5.68987E-01  8.74177E-02  9.06478E-02  8.73924E-02  9.06216E-02  9.41631E-02  2.01642E-06
-1.60206E+00  2.65862E+01  7.19686E-01  1.24006E-01  1.28425E-01  1.23971E-01  1.28389E-01  1.23137E-01  1.46118E-06
-1.60206E+00  2.65862E+01  9.10298E-01  1.75757E-01  1.81740E-01  1.75710E-01  1.81692E-01  1.50463E-01  1.06067E-06
-1.60206E+00  2.65862E+01  1.15140E+00  2.48823E-01  2.56812E-01  2.48763E-01  2.56750E-01  1.70796E-01  7.70985E-07
-1.60206E+00  2.65862E+01  1.45635E+00  3.51730E-01  3.62195E-01  3.51653E-01  3.62116E-01  1.79839E-01  5.61017E-07
-1.60206E+00  2.65862E+01  1.84207E+00  4.96157E-01  5.09513E-01  4.96062E-01  5.09416E-01  1.76410E-01  4.08574E-07
-1.60206E+00  2.65862E+01  2.32995E+00  6.97820E-01  7.14229E-01  6.97706E-01  7.14113E-01  1.62686E-01  2.97751E-07
-1.60206E+00  2.65862E+01  2.94705E+00  9.77348E-01  9.96366E-01  9.77215E-01  9.96231E-01  1.42655E-01  2.17101E-07
-1.60206E+00  2.65862E+01  3.72759E+00  1.36193E+00  1.38190E+00  1.36178E+00  1.38175E+00  1.20271E-01  1.58361E-07
-1.60206E+00  2.65862E+01  4.71487E+00  1.93329E+00  1.94074E+00  1.93312E+00  1.94057E+00  9.84179E-02  1.15551E-07
-1.60206E+00  2.65862E+01  5.96362E+00  2.42099E+00  2.42473E+00  2.42082E+00  2.42457E+00  7.87477E-02  8.43359E-08
-1.60206E+00  2.65862E+01  7.54312E+00  2.78197E+00  2.78776E+00  2.78181E+00  2.78760E+00  6.19488E-02  6.15656E-08
-1.60206E+00  2.65862E+01  9.54095E+00  3.08860E+00  3.08570E+00  3.08846E+00  3.08555E+00  4.81043E-02  4.49503E-08
-1.60206E+00  2.65862E+01  1.20679E+01  3.40950E+00  3.40433E+00  3.40937E+00  3.40419E+00  3.69766E-02  3.28233E-08
-1.60206E+00  2.65862E+01  1.52642E+01  3.68249E+00  3.68520E+00  3.68237E+00  3.68508E+00  2.81937E-02  2.39704E-08
-1.60206E+00  2.65862E+01  1.93070E+01  3.96417E+00  3.96527E+00  3.96406E+00  3.96517E+00  2.13554E-02  1.75066E-08
-1.60206E+00  2.65862E+01  2.44205E+01  4.18599E+00  4.18817E+00  4.18591E+00  4.18808E+00  1.60869E-02  1.27866E-08
-1.60206E+00  2.65862E+01  3.08884E+01  4.45912E+00  4.46054E+00  4.45905E+00  4.46047E+00  1.20618E-02  9.33964E-09
-1.60206E+00  2.65862E+01  3.90694E+01  4.70735E+00  4.70424E+00  4.70729E+00  4.70418E+00  9.00746E-03  6.82216E-09
-1.60206E+00  2.65862E+01  4.94171E+01  4.94198E+00  4.95009E+00  4.94193E+00  4.95004E+00  6.70297E-03  4.98342E-09
-1.60206E+00  2.65862E+01  6.25055E+01  5.18873E+00  5.17983E+00  5.18869E+00  5.17979E+00  4.97260E-03  3.64035E-09
-1.60206E+00  2.65862E+01  7.90604E+01  5.46758E+00  5.46786E+00  5.46755E+00  5.46783E+00  3.67872E-03  2.65930E-09
-1.60206E+00  2.65862E+01  1.00000E+02  5.70364E+00  5.69710E+00  5.70361E+00  5.69708E+00  2.71475E-03  1.94266E-09
# T =  0  2.50000E-02
# D = 23  8.53168E+26
-1.60206E+00  2.69310E+01  1.00000E-03  3.17651E-06  3.28222E-06  3.17917E-06  3.28486E-06  0.00000E+00  3.39916E-09
-1.60206E+00  2.69310E+01  1.26486E-03  4.52724E-06  4.67778E-06  4.53094E-06  4.68145E-06  0.00000E+00  4.75459E-09
-1.60206E+00  2.69310E+01  1.59986E-03  6.44862E-06  6.66292E-06  6.45376E-06  6.66801E-06  0.00000E+00  6.64784E-09
-1.60206E+00  2.69310E+01  2.02359E-03  9.18273E-06  9.48775E-06  9.18988E-06  9.49483E-06  0.00000E+00  9.30265E-09
-1.60206E+00  2.69310E+01  2.55955E-03  1.30747E-05  1.35088E-05  1.30847E-05  1.35187E-05  0.00000E+00  1.30473E-08
-1.60206E+00  2.69310E+01  3.23746E-03  1.86168E-05  1.92346E-05  1.86308E-05  1.92485E-05  0.00000E+00  1.83853E-08
-1.60206E+00  2.69310E+01  4.09492E-03  2.65112E-05  2.73904E-05  2.65311E-05  2.74101E-05  0.00000E+00  2.61118E-08
-1.60206E+00  2.69310E+01  5.17947E-03  3.77414E-05  3.89923E-05  3.77701E-05  3.90207E-05  0.00000E+00  3.74980E-08
-1.60206E+00  2.69310E+01  6.55129E-03  5.36967E-05  5.54757E-05  5.37388E-05  5.55174E-05  0.00000E+00  5.46443E-08
-1.60206E+00  2.69310E+01  8.28643E-03  7.63868E-05  7.89166E-05  7.64498E-05  7.89791E-05  0.00000E+00  8.08612E-08
-1.60206E+00  2.69310E+01  1.04811E-02  1.08677E-04  1.12274E-04  1.08771E-04  1.12368E-04  0.00000E+00  1.20221E-07
-1.60206E+00  2.69310E+01  1.32571E-02  1.54604E-04  1.59719E-04  1.54746E-04  1.59860E-04  3.85238E-18  1.77418E-07
-1.60206E+00  2.69310E+01  1.67683E-02  2.19982E-04  2.27254E-04  2.20188E-04  2.27459E-04  2.56695E-15  2.57655E-07
-1.60206E+00  2.69310E+01  2.12095E-02  3.12982E-04  3.23319E-04  3.13277E-04  3.23612E-04  1.38350E-12  3.67799E-07
-1.60206E+00  2.69310E+01  2.68270E-02  4.45204E-04  4.59892E-04  4.45616E-04  4.60302E-04  2.04769E-10  5.16004E-07
-1.60206E+00  2.69310E+01  3.39322E-02  6.33288E-04  6.54156E-04  6.33854E-04  6.54717E-04  1.09078E-08  7.13040E-07
-1.60206E+00  2.69310E+01  4.29193E-02  9.00942E-04  9.30582E-04  9.01718E-04  9.31352E-04  2.59009E-07  9.84345E-07
-1.60206E+00  2.69310E+01  5.42868E-02  1.28148E-03  1.32355E-03  1.28256E-03  1.32463E-03  3.24680E-06  1.37592E-06
-1.60206E+00  2.69310E+01  6.86649E-02  1.82276E-03  1.88247E-03  1.82430E-03  1.88399E-03  2.45669E-05  1.95419E-06
-1.60206E+00  2.69310E+01  8.68511E-02  2.59256E-03  2.67724E-03  2.59465E-03  2.67931E-03  1.24841E-04  2.67992E-06
-1.60206E+00  2.69310E+01  1.09854E-01  3.68730E-03  3.80727E-03  3.68989E-03  3.80984E-03  4.64269E-04  3.43044E-06
-1.60206E+00  2.69310E+01  1.38950E-01  5.24384E-03  5.41368E-03  5.24672E-03  5.41653E-03  1.35453E-03  4.06259E-06
-1.60206E+00  2.69310E+01  1.75751E-01  7.45704E-03  7.69721E-03  7.45955E-03  7.69968E-03  3.27857E-03  4.17502E-06
-1.60206E+00  2.69310E+01  2.22300E-01  1.06032E-02  1.09423E-02  1.06044E-02  1.09435E-02  6.87842E-03  3.53476E-06
-1.60206E+00  2.69310E+01  2.81177E-01  1.50747E-02  1.55526E-02  1.50742E-02  1.55520E-02  1.29295E-02  2.76058E-06
-1.60206E+00  2.69310E+01  3.55648E-01  2.14283E-02  2.21003E-02  2.14260E-02  2.20978E-02  2.22984E-02  2.16190E-06
-1.60206E+00  2.69310E+01  4.49843E-01  3.04534E-02  3.13956E-02  3.04488E-02  3.13909E-02  3.58391E-02  1.69710E-06
-1.60206E+00  2.69310E+01  5.68987E-01  4.32675E-02  4.45835E-02  4.32602E-02  4.45760E-02  5.41408E-02  1.33471E-06
-1.60206E+00  2.69310E+01  7.19686E-01  6.14519E-02  6.32820E-02  6.14413E-02  6.32710E-02  7.70469E-02  1.05122E-06
-1.60206E+00  2.69310E+01  9.10298E-01  8.72388E-02  8.97682E-02  8.72238E-02  8.97528E-02  1.02999E-01  8.28887E-07
-1.60206E+00  2.69310E+01  1.15140E+00  1.23772E-01  1.27242E-01  1.23752E-01  1.27221E-01  1.28607E-01  6.54156E-07
-1.60206E+00  2.69310E+01  1.45635E+00  1.75464E-01  1.80176E-01  1.75437E-01  1.80148E-01  1.49157E-01  5.16619E-07
-1.60206E+00  2.69310E+01  1.84207E+00  2.48479E-01  2.54793E-01  2.48444E-01  2.54757E-01  1.60367E-01  4.08222E-07
-1.60206E+00  2.69310E+01  2.32995E+00  3.51368E-01  3.59678E-01  3.51323E-01  3.59632E-01  1.60396E-01  3.22709E-07
-1.60206E+00  2.69310E+01  2.94705E+00  4.95871E-01  5.06535E-01  4.95816E-01  5.06478E-01  1.50498E-01  2.55195E-07
-1.60206E+00  2.69310E+01  3.72759E+00  6.97833E-01  7.11026E-01  6.97766E-01  7.10958E-01  1.33943E-01  2.01861E-07
-1.60206E+00  2.69310E+01  4.71487E+00  9.77941E-01  9.93366E-01  9.77863E-01  9.93287E-01  1.14343E-01  1.59706E-07
-1.60206E+00  2.69310E+01  5.96362E+00  1.36279E+00  1.37918E+00  1.36270E+00  1.37909E+00  9.45426E-02  1.26376E-07
-1.60206E+00  2.69310E+01  7.54312E+00  1.93506E+00  1.91507E+00  1.93495E+00  1.91498E+00  7.63003E-02  1.00015E-07
-1.60206E+00  2.69310E+01  9.54095E+00  2.45305E+00  2.44500E+00  2.45295E+00  2.44490E+00  6.04551E-02  7.91608E-08
-1.60206E+00  2.69310E+01  1.20679E+01  2.81367E+00  2.81545E+00  2.81357E+00  2.81536E+00  4.72276E-02  6.26601E-08
-1.60206E+00  2.69310E+01  1.52642E+01  3.16608E+00  3.16839E+00  3.16600E+00  3.16830E+00  3.64881E-02  4.96022E-08
-1.60206E+00  2.69310E+01  1.93070E+01  3.45583E+00  3.45633E+00  3.45575E+00  3.45625E+00  2.79428E-02  3.92674E-08
-1.60206E+00  2.69310E+01  2.44205E+01  3.73218E+00  3.73851E+00  3.73211E+00  3.73844E+00  2.12452E-02  3.10872E-08
-1.60206E+00  2.69310E+01  3.08884E+01  4.01584E+00  4.01072E+00  4.01577E+00  4.01066E+00  1.60565E-02  2.46119E-08
-1.60206E+00  2.69310E+01  3.90694E+01  4.28040E+00  4.28756E+00  4.28034E+00  4.28751E+00  1.20737E-02  1.94858E-08
-1.60206E+00  2.69310E+01  4.94171E+01  4.51356E+00  4.51609E+00  4.51351E+00  4.51605E+00  9.03945E-03  1.54277E-08
-1.60206E+00  2.69310E+01  6.25055E+01  4.75513E+00  4.75911E+00  4.75510E+00  4.75908E+00  6.74209E-03  1.22150E-08
-1.60206E+00  2.69310E+01  7.90604E+01  5.05101E+00  5.04627E+00  5.05098E+00  5.04624E+00  5.01183E-03  9.67136E-09
-1.60206E+00  2.69310E+01  1.00000E+02  5.28015E+00  5.27866E+00  5.28013E+00  5.27864E+00  3.71456E-03  7.65750E-09
# T =  0  2.50000E-02
# D = 24  1.88739E+27
-1.60206E+00  2.72759E+01  1.00000E-03  1.56449E-06  1.60481E-06  1.56509E-06  1.60540E-06  0.00000E+00  8.03387E-10
-1.60206E+00  2.72759E+01  1.26486E-03  2.22892E-06  2.28632E-06  2.22981E-06  2.28720E-06  0.00000E+00  1.18658E-09
-1.60206E+00  2.72759E+01  1.59986E-03  3.17517E-06  3.25689E-06  3.17649E-06  3.25820E-06  0.00000E+00  1.75179E-09
-1.60206E+00  2.72759E+01  2.02359E-03  4.52259E-06  4.63892E-06  4.52456E-06  4.64087E-06  0.00000E+00  2.57598E-09
-1.60206E+00  2.72759E+01  2.55955E-03  6.43663E-06  6.60214E-06  6.43953E-06  6.60502E-06  0.00000E+00  3.76279E-09
-1.60206E+00  2.72759E+01  3.23746E-03  9.15513E-06  9.39054E-06  9.15936E-06  9.39473E-06  0.00000E+00  5.45511E-09
-1.60206E+00  2.72759E+01  4.09492E-03  1.30188E-05  1.33535E-05  1.30249E-05  1.33596E-05  0.00000E+00  7.85243E-09
-1.60206E+00  2.72759E+01  5.17947E-03  1.85132E-05  1.89893E-05  1.85219E-05  1.89979E-05  0.00000E+00  1.12238E-08
-1.60206E+00  2.72759E+01  6.55129E-03  2.63308E-05  2.70078E-05  2.63432E-05  2.70202E-05  0.00000E+00  1.59358E-08
-1.60206E+00  2.72759E+01  8.28643E-03  3.74578E-05  3.84207E-05  3.74752E-05  3.84380E-05  0.00000E+00  2.24665E-08
-1.60206E+00  2.72759E+01  1.04811E-02  5.32823E-05  5.46517E-05  5.33067E-05  5.46759E-05  0.00000E+00  3.15298E-08
-1.60206E+00  2.72759E+01  1.32571E-02  7.57968E-05  7.77443E-05  7.58310E-05  7.77782E-05  0.00000E+00  4.42557E-08
-1.60206E+00  2.72759E+01  1.67683E-02  1.07852E-04  1.10622E-04  1.07900E-04  1.10669E-04  0.00000E+00  6.19334E-08
-1.60206E+00  2.72759E+01  2.12095E-02  1.53454E-04  1.57392E-04  1.53520E-04  1.57458E-04  1.49400E-17  8.70520E-08
-1.60206E+00  2.72759E+01  2.68270E-02  2.18262E-04  2.23861E-04  2.18356E-04  2.23954E-04  2.26048E-14  1.22470E-07
-1.60206E+00  2.72759E+01  3.39322E-02  3.10461E-04  3.18420E-04  3.10593E-04  3.18551E-04  7.89317E-12  1.73658E-07
-1.60206E+00  2.72759E+01  4.29193E-02  4.41608E-04  4.52918E-04  4.41801E-04  4.53110E-04  8.28841E-10  2.51831E-07
-1.60206E+00  2.72759E+01  5.42868E-02  6.28256E-04  6.44328E-04  6.28549E-04  6.44618E-04  3.36569E-08  3.75922E-07
-1.60206E+00  2.72759E+01  6.86649E-02  8.93591E-04  9.16418E-04  8.94052E-04  9.16877E-04  6.44804E-07  5.79442E-07
-1.60206E+00  2.72759E+01  8.68511E-02  1.27099E-03  1.30341E-03  1.27172E-03  1.30413E-03  6.82083E-06  8.95028E-07
-1.60206E+00  2.72759E+01  1.09854E-01  1.80791E-03  1.85391E-03  1.80900E-03  1.85500E-03  4.51299E-05  1.33409E-06
-1.60206E+00  2.72759E+01  1.38950E-01  2.57128E-03  2.63652E-03  2.57281E-03  2.63804E-03  2.06331E-04  1.86579E-06
-1.60206E+00  2.72759E+01  1.75751E-01  3.65707E-03  3.74956E-03  3.65900E-03  3.75147E-03  7.06344E-04  2.40120E-06
-1.60206E+00  2.72759E+01  2.22300E-01  5.20074E-03  5.33172E-03  5.20291E-03  5.33388E-03  1.93205E-03  2.84400E-06
-1.60206E+00  2.72759E+01  2.81177E-01  7.39581E-03  7.58110E-03  7.39814E-03  7.58341E-03  4.44679E-03  3.27450E-06
-1.60206E+00  2.72759E+01  3.55648E-01  1.05164E-02  1.07781E-02  1.05188E-02  1.07805E-02  8.96323E-03  3.76744E-06
-1.60206E+00  2.72759E+01  4.49843E-01  1.49518E-02  1.53209E-02  1.49542E-02  1.53234E-02  1.62963E-02  4.33246E-06
-1.60206E+00  2.72759E+01  5.68987E-01  2.12546E-02  2.17741E-02  2.12570E-02  2.17765E-02  2.72745E-02  4.98028E-06
-1.60206E+00  2.72759E+01  7.19686E-01  3.02085E-02  3.09376E-02  3.02106E-02  3.09397E-02  4.25423E-02  5.72323E-06
-1.60206E+00  2.72759E+01  9.10298E-01  4.29233E-02  4.39431E-02  4.29249E-02  4.39447E-02  6.21750E-02  6.57543E-06
-1.60206E+00  2.72759E+01  1.15140E+00  6.09697E-02  6.23900E-02  6.09705E-02  6.23907E-02  8.51113E-02  7.55311E-06
-1.60206E+00  2.72759E+01  1.45635E+00  8.65669E-02  8.85339E-02  8.65665E-02  8.85334E-02  1.08684E-01  8.67486E-06
-1.60206E+00  2.72759E+01  1.84207E+00  1.22842E-01  1.25546E-01  1.22839E-01  1.25544E-01  1.28847E-01  9.96204E-06
-1.60206E+00  2.72759E+01  2.32995E+00  1.74187E-01  1.77871E-01  1.74183E-01  1.77867E-01  1.41517E-01  1.14391E-05
-1.60206E+00  2.72759E+01  2.94705E+00  2.46750E-01  2.51705E-01  2.46742E-01  2.51697E-01  1.44414E-01  1.31343E-05
-1.60206E+00  2.72759E+01  3.72759E+00  3.49070E-01  3.55622E-01  3.49059E-01  3.55611E-01  1.37987E-01  1.50798E-05
-1.60206E+00  2.72759E+01  4.71487E+00  4.92902E-01  5.01360E-01  4.92887E-01  5.01344E-01  1.24770E-01  1.73127E-05
-1.60206E+00  2.72759E+01  5.96362E+00  6.94161E-01  7.04704E-01  6.94141E-01  7.04684E-01  1.07960E-01  1.98755E-05
-1.60206E+00  2.72759E+01  7.54312E+00  9.73728E-01  9.86180E-01  9.73705E-01  9.86157E-01  9.02804E-02  2.28171E-05
-1.60206E+00  2.72759E+01  9.54095E+00  1.35782E+00  1.37124E+00  1.35780E+00  1.37121E+00  7.35519E-02  2.61934E-05
-1.60206E+00  2.72759E+01  1.20679E+01  1.88223E+00  1.89428E+00  1.88221E+00  1.89425E+00  5.87392E-02  3.00687E-05
-1.60206E+00  2.72759E+01  1.52642E+01  2.47649E+00  2.48413E+00  2.47646E+00  2.48411E+00  4.61923E-02  3.45169E-05
-1.60206E+00  2.72759E+01  1.93070E+01  2.84645E+00  2.87307E+00  2.84643E+00  2.87305E+00  3.58890E-02  3.96228E-05
-1.60206E+00  2.72759E+01  2.44205E+01  3.20722E+00  3.21431E+00  3.20721E+00  3.21430E+00  2.76159E-02  4.54835E-05
-1.60206E+00  2.72759E+01  3.08884E+01  3.49496E+00  3.49567E+00  3.49496E+00  3.49568E+00  2.10834E-02  5.22107E-05
-1.60206E+00  2.72759E+01  3.90694E+01  3.79741E+00  3.80076E+00  3.79743E+00  3.80077E+00  1.59914E-02  5.99325E-05
-1.60206E+00  2.72759E+01  4.94171E+01  4.06019E+00  4.05271E+00  4.06022E+00  4.05274E+00  1.20625E-02  6.87962E-05
-1.60206E+00  2.72759E+01  6.25055E+01  4.32975E+00  4.32800E+00  4.32979E+00  4.32805E+00  9.05604E-03  7.89704E-05
-1.60206E+00  2.72759E+01  7.90604E+01  4.61794E+00  4.62515E+00  4.61800E+00  4.62522E+00  6.77106E-03  9.06490E-05
-1.60206E+00  2.72759E+01  1.00000E+02  4.84974E+00  4.84917E+00  4.84982E+00  4.84925E+00  5.04442E-03  1.04055E-04
# T =  0  2.50000E-02
# D = 25  4.17532E+27
-1.60206E+00  2.76207E+01  1.00000E-03  7.59314E-07  7.74526E-07  7.59471E-07  7.74682E-07  0.00000E+00  2.14124E-10
-1.60206E+00  2.76207E+01  1.26486E-03  1.08136E-06  1.10301E-06  1.08159E-06  1.10324E-06  0.00000E+00  3.14788E-10
-1.60206E+00  2.76207E+01  1.59986E-03  1.53986E-06  1.57068E-06  1.54020E-06  1.57102E-06  0.00000E+00  4.63037E-10
-1.60206E+00  2.76207E+01  2.02359E-03  2.19267E-06  2.23653E-06  2.19318E-06  2.23704E-06  0.00000E+00  6.80028E-10
-1.60206E+00  2.76207E+01  2.55955E-03  3.12217E-06  3.18461E-06  3.12293E-06  3.18536E-06  0.00000E+00  9.95461E-10
-1.60206E+00  2.76207E+01  3.23746E-03  4.44573E-06  4.53459E-06  4.44685E-06  4.53570E-06  0.00000E+00  1.45085E-09
-1.60206E+00  2.76207E+01  4.09492E-03  6.32855E-06  6.45499E-06  6.33017E-06  6.45660E-06  0.00000E+00  2.10269E-09
-1.60206E+00  2.76207E+01  5.17947E-03  9.00619E-06  9.18608E-06  9.00853E-06  9.18841E-06  0.00000E+00  3.02686E-09
-1.60206E+00  2.76207E+01  6.55129E-03  1.28157E-05  1.30716E-05  1.28190E-05  1.30750E-05  0.00000E+00  4.32427E-09
-1.60206E+00  2.76207E+01  8.28643E-03  1.82375E-05  1.86016E-05  1.82422E-05  1.86063E-05  0.00000E+00  6.13974E-09
-1.60206E+00  2.76207E+01  1.04811E-02  2.59566E-05  2.64746E-05  2.59633E-05  2.64813E-05  0.00000E+00  8.72232E-09
-1.60206E+00  2.76207E+01  1.32571E-02  3.69499E-05  3.76869E-05  3.69596E-05  3.76966E-05  0.00000E+00  1.25218E-08
-1.60206E+00  2.76207E+01  1.67683E-02  5.25810E-05  5.36293E-05  5.25953E-05  5.36436E-05  0.00000E+00  1.83485E-08
-1.60206E+00  2.76207E+01  2.12095E-02  7.47918E-05  7.62826E-05  7.48137E-05  7.63044E-05  0.00000E+00  2.75851E-08
-1.60206E+00  2.76207E+01  2.68270E-02  1.06380E-04  1.08500E-04  1.06414E-04  1.08534E-04  0.00000E+00  4.25017E-08
-1.60206E+00  2.76207E+01  3.39322E-02  1.51328E-04  1.54342E-04  1.51382E-04  1.54396E-04  1.82091E-16  6.55909E-08
-1.60206E+00  2.76207E+01  4.29193E-02  2.15260E-04  2.19545E-04  2.15342E-04  2.19627E-04  1.72045E-13  9.86854E-08
-1.60206E+00  2.76207E+01  5.42868E-02  3.06267E-04  3.12359E-04  3.06386E-04  3.12477E-04  4.01279E-11  1.42466E-07
-1.60206E+00  2.76207E+01  6.86649E-02  4.35689E-04  4.44347E-04  4.35852E-04  4.44510E-04  3.06246E-09  1.96611E-07
-1.60206E+00  2.76207E+01  8.68511E-02  6.19720E-04  6.32022E-04  6.19938E-04  6.32239E-04  9.66195E-08  2.65331E-07
-1.60206E+00  2.76207E+01  1.09854E-01  8.81492E-04  8.98968E-04  8.81783E-04  8.99258E-04  1.51606E-06  3.57876E-07
-1.60206E+00  2.76207E+01  1.38950E-01  1.25397E-03  1.27879E-03  1.25437E-03  1.27919E-03  1.36942E-05  4.91590E-07
-1.60206E+00  2.76207E+01  1.75751E-01  1.78355E-03  1.81878E-03  1.78415E-03  1.81938E-03  7.99769E-05  7.32476E-07
-1.60206E+00  2.76207E+01  2.22300E-01  2.53686E-03  2.58684E-03  2.53785E-03  2.58783E-03  3.31420E-04  1.18143E-06
-1.60206E+00  2.76207E+01  2.81177E-01  3.60805E-03  3.67892E-03  3.60972E-03  3.68059E-03  1.05046E-03  1.94076E-06
-1.60206E+00  2.76207E+01  3.55648E-01  5.13142E-03  5.23181E-03  5.13423E-03  5.23462E-03  2.70529E-03  3.19288E-06
-1.60206E+00  2.76207E+01  4.49843E-01  7.29718E-03  7.43927E-03  7.30191E-03  7.44399E-03  5.93683E-03  5.25893E-06
-1.60206E+00  2.76207E+01  5.68987E-01  1.03765E-02  1.05773E-02  1.03844E-02  1.05852E-02  1.15098E-02  8.66990E-06
-1.60206E+00  2.76207E+01  7.19686E-01  1.47535E-02  1.50370E-02  1.47668E-02  1.50502E-02  2.02283E-02  1.43038E-05
-1.60206E+00  2.76207E+01  9.10298E-01  2.09738E-02  2.13730E-02  2.09960E-02  2.13951E-02  3.27727E-02  2.36127E-05
-1.60206E+00  2.76207E+01  1.15140E+00  2.98113E-02  3.03721E-02  2.98483E-02  3.04090E-02  4.93875E-02  3.89981E-05
-1.60206E+00  2.76207E+01  1.45635E+00  4.23625E-02  4.31478E-02  4.24241E-02  4.32094E-02  6.94004E-02  6.44321E-05
-1.60206E+00  2.76207E+01  1.84207E+00  6.01797E-02  6.12750E-02  6.02824E-02  6.13776E-02  9.07580E-02  1.06485E-04
-1.60206E+00  2.76207E+01  2.32995E+00  8.54576E-02  8.69774E-02  8.56285E-02  8.71481E-02  1.10061E-01  1.76026E-04
-1.60206E+00  2.76207E+01  2.94705E+00  1.21291E-01  1.23385E-01  1.21575E-01  1.23669E-01  1.23548E-01  2.91036E-04
-1.60206E+00  2.76207E+01  3.72759E+00  1.72033E-01  1.74894E-01  1.72505E-01  1.75366E-01  1.28705E-01  4.81259E-04
-1.60206E+00  2.76207E+01  4.71487E+00  2.43782E-01  2.47644E-01  2.44566E-01  2.48428E-01  1.25325E-01  7.95907E-04
-1.60206E+00  2.76207E+01  5.96362E+00  3.45028E-01  3.50159E-01  3.46330E-01  3.51460E-01  1.15238E-01  1.31639E-03
-1.60206E+00  2.76207E+01  7.54312E+00  4.87487E-01  4.94151E-01  4.89646E-01  4.96309E-01  1.01167E-01  2.17741E-03
-1.60206E+00  2.76207E+01  9.54095E+00  6.87084E-01  6.95456E-01  6.90663E-01  6.99035E-01  8.56473E-02  3.60180E-03
-1.60206E+00  2.76207E+01  1.20679E+01  9.64880E-01  9.74877E-01  9.70812E-01  9.80808E-01  7.05033E-02  5.95825E-03
-1.60206E+00  2.76207E+01  1.52642E+01  1.34709E+00  1.35803E+00  1.35691E+00  1.36786E+00  5.67959E-02  9.85676E-03
-1.60206E+00  2.76207E+01  1.93070E+01  1.86612E+00  1.87622E+00  1.88239E+00  1.89249E+00  4.49919E-02  1.63065E-02
-1.60206E+00  2.76207E+01  2.44205E+01  2.46653E+00  2.47415E+00  2.49348E+00  2.50110E+00  3.51732E-02  2.69773E-02
-1.60206E+00  2.76207E+01  3.08884E+01  2.90808E+00  2.91440E+00  2.95267E+00  2.95900E+00  2.72081E-02  4.46317E-02
-1.60206E+00  2.76207E+01  3.90694E+01  3.26569E+00  3.26128E+00  3.33950E+00  3.33509E+00  2.08663E-02  7.38405E-02
-1.60206E+00  2.76207E+01  4.94171E+01  3.56907E+00  3.57327E+00  3.69121E+00  3.69540E+00  1.58888E-02  1.22166E-01
-1.60206E+00  2.76207E+01  6.25055E+01  3.85290E+00  3.86240E+00  4.05499E+00  4.06449E+00  1.20261E-02  2.02121E-01
-1.60206E+00  2.76207E+01  7.90604E+01  4.13594E+00  4.13256E+00  4.47033E+00  4.46695E+00  9.05587E-03  3.34405E-01
-1.60206E+00  2.76207E+01  1.00000E+02  4.39961E+00  4.40296E+00  4.95286E+00  4.95621E+00  6.78894E-03  5.53272E-01
# T =  0  2.50000E-02
# D = 26  9.23671E+27
-1.60206E+00  2.79655E+01  1.00000E-03  3.70681E-07  3.76422E-07  3.70734E-07  3.76474E-07  0.00000E+00  6.86025E-11
-1.60206E+00  2.79655E+01  1.26486E-03  5.27717E-07  5.35888E-07  5.27790E-07  5.35960E-07  0.00000E+00  9.53274E-11
-1.60206E+00  2.79655E+01  1.59986E-03  7.51238E-07  7.62865E-07  7.51338E-07  7.62964E-07  0.00000E+00  1.32545E-10
-1.60206E+00  2.79655E+01  2.02359E-03  1.06940E-06  1.08594E-06  1.06954E-06  1.08608E-06  0.00000E+00  1.84925E-10
-1.60206E+00  2.79655E+01  2.55955E-03  1.52229E-06  1.54583E-06  1.52248E-06  1.54602E-06  0.00000E+00  2.59613E-10
-1.60206E+00  2.79655E+01  3.23746E-03  2.16699E-06  2.20050E-06  2.16727E-06  2.20077E-06  0.00000E+00  3.67787E-10
-1.60206E+00  2.79655E+01  4.09492E-03  3.08481E-06  3.13249E-06  3.08520E-06  3.13288E-06  0.00000E+00  5.27288E-10
-1.60206E+00  2.79655E+01  5.17947E-03  4.39111E-06  4.45894E-06  4.39168E-06  4.45952E-06  0.00000E+00  7.67254E-10
-1.60206E+00  2.79655E+01  6.55129E-03  6.24610E-06  6.34259E-06  6.24696E-06  6.34345E-06  0.00000E+00  1.13664E-09
-1.60206E+00  2.79655E+01  8.28643E-03  8.88067E-06  9.01788E-06  8.88200E-06  9.01920E-06  0.00000E+00  1.71718E-09
-1.60206E+00  2.79655E+01  1.04811E-02  1.26248E-05  1.28198E-05  1.26268E-05  1.28219E-05  0.00000E+00  2.63169E-09
-1.60206E+00  2.79655E+01  1.32571E-02  1.79485E-05  1.82259E-05  1.79518E-05  1.82292E-05  0.00000E+00  4.05879E-09
-1.60206E+00  2.79655E+01  1.67683E-02  2.55220E-05  2.59165E-05  2.55272E-05  2.59216E-05  0.00000E+00  6.27968E-09
-1.60206E+00  2.79655E+01  2.12095E-02  3.63006E-05  3.68616E-05  3.63087E-05  3.68697E-05  0.00000E+00  9.71508E-09
-1.60206E+00  2.79655E+01  2.68270E-02  5.16344E-05  5.24323E-05  5.16472E-05  5.24450E-05  0.00000E+00  1.50207E-08
-1.60206E+00  2.79655E+01  3.39322E-02  7.34434E-05  7.45780E-05  7.34630E-05  7.45976E-05  0.00000E+00  2.27929E-08
-1.60206E+00  2.79655E+01  4.29193E-02  1.04482E-04  1.06096E-04  1.04511E-04  1.06124E-04  0.00000E+00  3.35599E-08
-1.60206E+00  2.79655E+01  5.42868E-02  1.48674E-04  1.50969E-04  1.48715E-04  1.51010E-04  1.91796E-15  4.75659E-08
-1.60206E+00  2.79655E+01  6.86649E-02  2.11485E-04  2.14748E-04  2.11540E-04  2.14803E-04  1.14349E-12  6.47360E-08
-1.60206E+00  2.79655E+01  8.68511E-02  3.00795E-04  3.05434E-04  3.00868E-04  3.05506E-04  1.83263E-10  8.57551E-08
-1.60206E+00  2.79655E+01  1.09854E-01  4.27850E-04  4.34443E-04  4.27947E-04  4.34539E-04  1.03950E-08  1.14553E-07
-1.60206E+00  2.79655E+01  1.38950E-01  6.08613E-04  6.17982E-04  6.08750E-04  6.18118E-04  2.59347E-07  1.63245E-07
-1.60206E+00  2.79655E+01  1.75751E-01  8.65782E-04  8.79094E-04  8.66004E-04  8.79315E-04  3.37966E-06  2.58982E-07
-1.60206E+00  2.79655E+01  2.22300E-01  1.23143E-03  1.25033E-03  1.23182E-03  1.25072E-03  2.63553E-05  4.44643E-07
-1.60206E+00  2.79655E+01  2.81177E-01  1.75153E-03  1.77837E-03  1.75223E-03  1.77907E-03  1.37040E-04  7.77445E-07
-1.60206E+00  2.79655E+01  3.55648E-01  2.49131E-03  2.52940E-03  2.49257E-03  2.53065E-03  5.18226E-04  1.36252E-06
-1.60206E+00  2.79655E+01  4.49843E-01  3.54322E-03  3.59723E-03  3.54546E-03  3.59947E-03  1.52861E-03  2.39232E-06
-1.60206E+00  2.79655E+01  5.68987E-01  5.03930E-03  5.11585E-03  5.04330E-03  5.11984E-03  3.71952E-03  4.20673E-06
-1.60206E+00  2.79655E+01  7.19686E-01  7.16639E-03  7.27477E-03  7.17350E-03  7.28187E-03  7.79719E-03  7.40606E-06
-1.60206E+00  2.79655E+01  9.10298E-01  1.01906E-02  1.03438E-02  1.02032E-02  1.03565E-02  1.45400E-02  1.30510E-05
-1.60206E+00  2.79655E+01  1.15140E+00  1.44897E-02  1.47060E-02  1.45121E-02  1.47285E-02  2.46538E-02  2.30160E-05
-1.60206E+00  2.79655E+01  1.45635E+00  2.05997E-02  2.09047E-02  2.06395E-02  2.09445E-02  3.85123E-02  4.06141E-05
-1.60206E+00  2.79655E+01  1.84207E+00  2.92816E-02  2.97104E-02  2.93521E-02  2.97810E-02  5.57492E-02  7.17021E-05
-1.60206E+00  2.79655E+01  2.32995E+00  4.16135E-02  4.22148E-02  4.17386E-02  4.23398E-02  7.48209E-02  1.26635E-04
-1.60206E+00  2.79655E+01  2.94705E+00  5.91229E-02  5.99627E-02  5.93445E-02  6.01842E-02  9.29205E-02  2.23720E-04
-1.60206E+00  2.79655E+01  3.72759E+00  8.39700E-02  8.51371E-02  8.43624E-02  8.55295E-02  1.06676E-01  3.95330E-04
-1.60206E+00  2.79655E+01  4.71487E+00  1.19203E-01  1.20815E-01  1.19898E-01  1.21509E-01  1.13504E-01  6.98710E-04
-1.60206E+00  2.79655E+01  5.96362E+00  1.69115E-01  1.71323E-01  1.70345E-01  1.72553E-01  1.12703E-01  1.23509E-03
-1.60206E+00  2.79655E+01  7.54312E+00  2.39729E-01  2.42720E-01  2.41905E-01  2.44897E-01  1.05470E-01  2.18350E-03
-1.60206E+00  2.79655E+01  9.54095E+00  3.39445E-01  3.43436E-01  3.43297E-01  3.47288E-01  9.40316E-02  3.86055E-03
-1.60206E+00  2.79655E+01  1.20679E+01  4.79889E-01  4.85104E-01  4.86704E-01  4.91919E-01  8.06712E-02  6.82615E-03
-1.60206E+00  2.79655E+01  1.52642E+01  6.76930E-01  6.83537E-01  6.88988E-01  6.95594E-01  6.71618E-02  1.20706E-02
-1.60206E+00  2.79655E+01  1.93070E+01  9.51716E-01  9.59693E-01  9.73046E-01  9.81023E-01  5.46233E-02  2.13453E-02
-1.60206E+00  2.79655E+01  2.44205E+01  1.33081E+00  1.33970E+00  1.36854E+00  1.37743E+00  4.36211E-02  3.77477E-02
-1.60206E+00  2.79655E+01  3.08884E+01  1.84537E+00  1.85382E+00  1.91211E+00  1.92056E+00  3.43352E-02  6.67563E-02
-1.60206E+00  2.79655E+01  3.90694E+01  2.49223E+00  2.49411E+00  2.61027E+00  2.61215E+00  2.67147E-02  1.18060E-01
-1.60206E+00  2.79655E+01  4.94171E+01  2.94251E+00  2.94704E+00  3.15129E+00  3.15582E+00  2.05901E-02  2.08796E-01
-1.60206E+00  2.79655E+01  6.25055E+01  3.30237E+00  3.30212E+00  3.67162E+00  3.67137E+00  1.57460E-02  3.69274E-01
-1.60206E+00  2.79655E+01  7.90604E+01  3.60934E+00  3.61056E+00  4.26242E+00  4.26364E+00  1.19626E-02  6.53099E-01
-1.60206E+00  2.79655E+01  1.00000E+02  3.90837E+00  3.91132E+00  5.06344E+00  5.06639E+00  9.03751E-03  1.15508E+00
# T =  0  2.50000E-02
# D = 27  2.04336E+28
-1.60206E+00  2.83103E+01  1.00000E-03  1.78629E-07  1.80775E-07  1.78638E-07  1.80784E-07  0.00000E+00  1.30157E-11
-1.60206E+00  2.83103E+01  1.26486E-03  2.54249E-07  2.57303E-07  2.54262E-07  2.57315E-07  0.00000E+00  1.87694E-11
-1.60206E+00  2.83103E+01  1.59986E-03  3.61866E-07  3.66212E-07  3.61885E-07  3.66230E-07  0.00000E+00  2.71413E-11
-1.60206E+00  2.83103E+01  2.02359E-03  5.15024E-07  5.21207E-07  5.15051E-07  5.21234E-07  0.00000E+00  3.93585E-11
-1.60206E+00  2.83103E+01  2.55955E-03  7.32998E-07  7.41796E-07  7.33038E-07  7.41835E-07  0.00000E+00  5.72751E-11
-1.60206E+00  2.83103E+01  3.23746E-03  1.04323E-06  1.05575E-06  1.04329E-06  1.05581E-06  0.00000E+00  8.38399E-11
-1.60206E+00  2.83103E+01  4.09492E-03  1.48480E-06  1.50261E-06  1.48488E-06  1.50270E-06  0.00000E+00  1.23888E-10
-1.60206E+00  2.83103E+01  5.17947E-03  2.11332E-06  2.13867E-06  2.11346E-06  2.13880E-06  0.00000E+00  1.85452E-10
-1.60206E+00  2.83103E+01  6.55129E-03  3.00795E-06  3.04402E-06  3.00816E-06  3.04423E-06  0.00000E+00  2.82240E-10
-1.60206E+00  2.83103E+01  8.28643E-03  4.28002E-06  4.33133E-06  4.28035E-06  4.33166E-06  0.00000E+00  4.36281E-10
-1.60206E+00  2.83103E+01  1.04811E-02  6.08873E-06  6.16171E-06  6.08925E-06  6.16223E-06  0.00000E+00  6.75719E-10
-1.60206E+00  2.83103E+01  1.32571E-02  8.66135E-06  8.76517E-06  8.66218E-06  8.76599E-06  0.00000E+00  1.03656E-09
-1.60206E+00  2.83103E+01  1.67683E-02  1.23217E-05  1.24694E-05  1.23229E-05  1.24706E-05  0.00000E+00  1.56067E-09
-1.60206E+00  2.83103E+01  2.12095E-02  1.75311E-05  1.77412E-05  1.75330E-05  1.77430E-05  0.00000E+00  2.31182E-09
-1.60206E+00  2.83103E+01  2.68270E-02  2.49472E-05  2.52460E-05  2.49499E-05  2.52488E-05  0.00000E+00  3.36530E-09
-1.60206E+00  2.83103E+01  3.39322E-02  3.55072E-05  3.59324E-05  3.55112E-05  3.59364E-05  0.00000E+00  4.86937E-09
-1.60206E+00  2.83103E+01  4.29193E-02  5.05184E-05  5.11232E-05  5.05244E-05  5.11291E-05  0.00000E+00  7.16829E-09
-1.60206E+00  2.83103E+01  5.42868E-02  7.18478E-05  7.27077E-05  7.18570E-05  7.27169E-05  0.00000E+00  1.09305E-08
-1.60206E+00  2.83103E+01  6.86649E-02  1.02178E-04  1.03401E-04  1.02193E-04  1.03416E-04  1.29079E-17  1.72803E-08
-1.60206E+00  2.83103E+01  8.68511E-02  1.45336E-04  1.47074E-04  1.45359E-04  1.47098E-04  1.74698E-14  2.68526E-08
-1.60206E+00  2.83103E+01  1.09854E-01  2.06720E-04  2.09192E-04  2.06754E-04  2.09226E-04  6.70002E-12  3.95565E-08
-1.60206E+00  2.83103E+01  1.38950E-01  2.94068E-04  2.97582E-04  2.94116E-04  2.97630E-04  7.57512E-10  5.45811E-08
-1.60206E+00  2.83103E+01  1.75751E-01  4.18384E-04  4.23379E-04  4.18441E-04  4.23437E-04  3.26055E-08  6.78581E-08
-1.60206E+00  2.83103E+01  2.22300E-01  5.95087E-04  6.02187E-04  5.95148E-04  6.02247E-04  6.53918E-07  7.48768E-08
-1.60206E+00  2.83103E+01  2.81177E-01  8.46445E-04  8.56532E-04  8.46504E-04  8.56591E-04  7.16886E-06  7.90707E-08
-1.60206E+00  2.83103E+01  3.55648E-01  1.20405E-03  1.21838E-03  1.20410E-03  1.21843E-03  4.87541E-05  8.34579E-08
-1.60206E+00  2.83103E+01  4.49843E-01  1.71268E-03  1.73303E-03  1.71272E-03  1.73307E-03  2.27502E-04  8.80650E-08
-1.60206E+00  2.83103E+01  5.68987E-01  2.43596E-03  2.46483E-03  2.43599E-03  2.46487E-03  7.89869E-04  9.29070E-08
-1.60206E+00  2.83103E+01  7.19686E-01  3.46485E-03  3.50582E-03  3.46487E-03  3.50584E-03  2.17776E-03  9.79991E-08
-1.60206E+00  2.83103E+01  9.10298E-01  4.92772E-03  4.98578E-03  4.92770E-03  4.98577E-03  5.01992E-03  1.03357E-07
-1.60206E+00  2.83103E+01  1.15140E+00  7.00820E-03  7.09044E-03  7.00814E-03  7.09038E-03  1.00596E-02  1.08997E-07
-1.60206E+00  2.83103E+01  1.45635E+00  9.96590E-03  1.00822E-02  9.96578E-03  1.00821E-02  1.80203E-02  1.14935E-07
-1.60206E+00  2.83103E+01  1.84207E+00  1.41709E-02  1.43353E-02  1.41707E-02  1.43351E-02  2.93789E-02  1.21189E-07
-1.60206E+00  2.83103E+01  2.32995E+00  2.01477E-02  2.03795E-02  2.01474E-02  2.03792E-02  4.40154E-02  1.27777E-07
-1.60206E+00  2.83103E+01  2.94705E+00  2.86409E-02  2.89672E-02  2.86404E-02  2.89667E-02  6.08094E-02  1.34719E-07
-1.60206E+00  2.83103E+01  3.72759E+00  4.07066E-02  4.11645E-02  4.07059E-02  4.11637E-02  7.74792E-02  1.42032E-07
-1.60206E+00  2.83103E+01  4.71487E+00  5.78407E-02  5.84810E-02  5.78397E-02  5.84799E-02  9.10599E-02  1.49739E-07
-1.60206E+00  2.83103E+01  5.96362E+00  8.21605E-02  8.30519E-02  8.21591E-02  8.30504E-02  9.90206E-02  1.57862E-07
-1.60206E+00  2.83103E+01  7.54312E+00  1.16656E-01  1.17890E-01  1.16654E-01  1.17888E-01  1.00318E-01  1.66422E-07
-1.60206E+00  2.83103E+01  9.54095E+00  1.65542E-01  1.67236E-01  1.65539E-01  1.67234E-01  9.56094E-02  1.75445E-07
-1.60206E+00  2.83103E+01  1.20679E+01  2.34739E-01  2.37042E-01  2.34735E-01  2.37038E-01  8.66387E-02  1.84955E-07
-1.60206E+00  2.83103E+01  1.52642E+01  3.32525E-01  3.35611E-01  3.32520E-01  3.35606E-01  7.53942E-02  1.94978E-07
-1.60206E+00  2.83103E+01  1.93070E+01  4.70384E-01  4.74440E-01  4.70378E-01  4.74434E-01  6.35430E-02  2.05544E-07
-1.60206E+00  2.83103E+01  2.44205E+01  6.64064E-01  6.69243E-01  6.64056E-01  6.69235E-01  5.22237E-02  2.16682E-07
-1.60206E+00  2.83103E+01  3.08884E+01  9.34688E-01  9.41015E-01  9.34680E-01  9.41006E-01  4.20770E-02  2.28422E-07
-1.60206E+00  2.83103E+01  3.90694E+01  1.30931E+00  1.31649E+00  1.30930E+00  1.31648E+00  3.33705E-02  2.40798E-07
-1.60206E+00  2.83103E+01  4.94171E+01  1.81881E+00  1.82585E+00  1.81880E+00  1.82584E+00  2.61312E-02  2.53843E-07
-1.60206E+00  2.83103E+01  6.25055E+01  2.49513E+00  2.49864E+00  2.49511E+00  2.49863E+00  2.02512E-02  2.67595E-07
-1.60206E+00  2.83103E+01  7.90604E+01  2.98033E+00  2.97843E+00  2.98032E+00  2.97842E+00  1.55601E-02  2.82091E-07
-1.60206E+00  2.83103E+01  1.00000E+02  3.36726E+00  3.35782E+00  3.36725E+00  3.35781E+00  1.18698E-02  2.97372E-07
# T =  0  2.50000E-02
# D = 28  4.52035E+28
-1.60206E+00  2.86552E+01  1.00000E-03  8.65609E-08  8.73635E-08  8.65643E-08  8.73668E-08  0.00000E+00  4.59248E-12
-1.60206E+00  2.86552E+01  1.26486E-03  1.23186E-07  1.24328E-07  1.23191E-07  1.24333E-07  0.00000E+00  6.79687E-12
-1.60206E+00  2.86552E+01  1.59986E-03  1.75301E-07  1.76926E-07  1.75309E-07  1.76934E-07  0.00000E+00  1.00619E-11
-1.60206E+00  2.86552E+01  2.02359E-03  2.49462E-07  2.51773E-07  2.49473E-07  2.51785E-07  0.00000E+00  1.48531E-11
-1.60206E+00  2.86552E+01  2.55955E-03  3.54993E-07  3.58282E-07  3.55010E-07  3.58299E-07  0.00000E+00  2.18111E-11
-1.60206E+00  2.86552E+01  3.23746E-03  5.05171E-07  5.09850E-07  5.05195E-07  5.09874E-07  0.00000E+00  3.18260E-11
-1.60206E+00  2.86552E+01  4.09492E-03  7.18889E-07  7.25546E-07  7.18925E-07  7.25582E-07  0.00000E+00  4.61209E-11
-1.60206E+00  2.86552E+01  5.17947E-03  1.02305E-06  1.03252E-06  1.02310E-06  1.03257E-06  0.00000E+00  6.63540E-11
-1.60206E+00  2.86552E+01  6.55129E-03  1.45593E-06  1.46941E-06  1.45601E-06  1.46948E-06  0.00000E+00  9.47682E-11
-1.60206E+00  2.86552E+01  8.28643E-03  2.07102E-06  2.09019E-06  2.07113E-06  2.09029E-06  0.00000E+00  1.34447E-10
-1.60206E+00  2.86552E+01  1.04811E-02  2.94419E-06  2.97145E-06  2.94434E-06  2.97159E-06  0.00000E+00  1.89980E-10
-1.60206E+00  2.86552E+01  1.32571E-02  4.18444E-06  4.22320E-06  4.18465E-06  4.22340E-06  0.00000E+00  2.68842E-10
-1.60206E+00  2.86552E+01  1.67683E-02  5.94696E-06  6.00206E-06  5.94726E-06  6.00236E-06  0.00000E+00  3.81380E-10
-1.60206E+00  2.86552E+01  2.12095E-02  8.45273E-06  8.53108E-06  8.45316E-06  8.53150E-06  0.00000E+00  5.44583E-10
-1.60206E+00  2.86552E+01  2.68270E-02  1.20165E-05  1.21279E-05  1.20171E-05  1.21285E-05  0.00000E+00  7.80672E-10
-1.60206E+00  2.86552E+01  3.39322E-02  1.70867E-05  1.72451E-05  1.70876E-05  1.72460E-05  0.00000E+00  1.14133E-09
-1.60206E+00  2.86552E+01  4.29193E-02  2.43021E-05  2.45274E-05  2.43035E-05  2.45288E-05  0.00000E+00  1.73162E-09
-1.60206E+00  2.86552E+01  5.42868E-02  3.45710E-05  3.48915E-05  3.45733E-05  3.48938E-05  0.00000E+00  2.75308E-09
-1.60206E+00  2.86552E+01  6.86649E-02  4.91741E-05  4.96299E-05  4.91780E-05  4.96338E-05  0.00000E+00  4.57580E-09
-1.60206E+00  2.86552E+01  8.68511E-02  6.99487E-05  7.05970E-05  6.99552E-05  7.06035E-05  0.00000E+00  7.50353E-09
-1.60206E+00  2.86552E+01  1.09854E-01  9.95182E-05  1.00440E-04  9.95284E-05  1.00450E-04  1.28709E-16  1.15751E-08
-1.60206E+00  2.86552E+01  1.38950E-01  1.41616E-04  1.42927E-04  1.41630E-04  1.42942E-04  1.37226E-13  1.63789E-08
-1.60206E+00  2.86552E+01  1.75751E-01  2.01447E-04  2.03312E-04  2.01465E-04  2.03330E-04  3.49141E-11  2.08129E-08
-1.60206E+00  2.86552E+01  2.22300E-01  2.86516E-04  2.89168E-04  2.86536E-04  2.89187E-04  2.85369E-09  2.36511E-08
-1.60206E+00  2.86552E+01  2.81177E-01  4.07544E-04  4.11312E-04  4.07564E-04  4.11332E-04  9.50243E-08  2.58109E-08
-1.60206E+00  2.86552E+01  3.55648E-01  5.79697E-04  5.85053E-04  5.79717E-04  5.85073E-04  1.55535E-06  2.81502E-08
-1.60206E+00  2.86552E+01  4.49843E-01  8.24704E-04  8.32316E-04  8.24723E-04  8.32335E-04  1.45162E-05  3.06898E-08
-1.60206E+00  2.86552E+01  5.68987E-01  1.17301E-03  1.18382E-03  1.17302E-03  1.18384E-03  8.68980E-05  3.34484E-08
-1.60206E+00  2.86552E+01  7.19686E-01  1.66842E-03  1.68378E-03  1.66843E-03  1.68379E-03  3.66514E-04  3.64465E-08
-1.60206E+00  2.86552E+01  9.10298E-01  2.37327E-03  2.39507E-03  2.37327E-03  2.39507E-03  1.17453E-03  3.97059E-08
-1.60206E+00  2.86552E+01  1.15140E+00  3.37543E-03  3.40636E-03  3.37543E-03  3.40635E-03  3.03743E-03  4.32506E-08
-1.60206E+00  2.86552E+01  1.45635E+00  4.80082E-03  4.84468E-03  4.80081E-03  4.84466E-03  6.64293E-03  4.71063E-08
-1.60206E+00  2.86552E+01  1.84207E+00  6.82759E-03  6.88972E-03  6.82755E-03  6.88967E-03  1.27185E-02  5.13010E-08
-1.60206E+00  2.86552E+01  2.32995E+00  9.70963E-03  9.79756E-03  9.70956E-03  9.79749E-03  2.18257E-02  5.58654E-08
-1.60206E+00  2.86552E+01  2.94705E+00  1.38066E-02  1.39309E-02  1.38065E-02  1.39308E-02  3.40491E-02  6.08324E-08
-1.60206E+00  2.86552E+01  3.72759E+00  1.96307E-02  1.98061E-02  1.96305E-02  1.98059E-02  4.86241E-02  6.62381E-08
-1.60206E+00  2.86552E+01  4.71487E+00  2.79076E-02  2.81547E-02  2.79073E-02  2.81544E-02  6.37298E-02  7.21216E-08
-1.60206E+00  2.86552E+01  5.96362E+00  3.96673E-02  4.00143E-02  3.96669E-02  4.00139E-02  7.67984E-02  7.85256E-08
-1.60206E+00  2.86552E+01  7.54312E+00  5.63695E-02  5.68554E-02  5.63690E-02  5.68548E-02  8.54263E-02  8.54963E-08
-1.60206E+00  2.86552E+01  9.54095E+00  8.00815E-02  8.07588E-02  8.00807E-02  8.07580E-02  8.83545E-02  9.30842E-08
-1.60206E+00  2.86552E+01  1.20679E+01  1.13725E-01  1.14664E-01  1.13723E-01  1.14663E-01  8.58098E-02  1.01344E-07
-1.60206E+00  2.86552E+01  1.52642E+01  1.61420E-01  1.62713E-01  1.61419E-01  1.62712E-01  7.90910E-02  1.10336E-07
-1.60206E+00  2.86552E+01  1.93070E+01  2.28966E-01  2.30728E-01  2.28964E-01  2.30726E-01  6.98731E-02  1.20124E-07
-1.60206E+00  2.86552E+01  2.44205E+01  3.24479E-01  3.26851E-01  3.24476E-01  3.26849E-01  5.96728E-02  1.30780E-07
-1.60206E+00  2.86552E+01  3.08884E+01  4.59257E-01  4.62393E-01  4.59254E-01  4.62389E-01  4.96054E-02  1.42381E-07
-1.60206E+00  2.86552E+01  3.90694E+01  6.48854E-01  6.52889E-01  6.48849E-01  6.52885E-01  4.03595E-02  1.55010E-07
-1.60206E+00  2.86552E+01  4.94171E+01  9.14278E-01  9.19263E-01  9.14273E-01  9.19258E-01  3.22758E-02  1.68758E-07
-1.60206E+00  2.86552E+01  6.25055E+01  1.28285E+00  1.28861E+00  1.28285E+00  1.28860E+00  2.54538E-02  1.83726E-07
-1.60206E+00  2.86552E+01  7.90604E+01  1.78620E+00  1.79202E+00  1.78619E+00  1.79202E+00  1.98461E-02  2.00020E-07
-1.60206E+00  2.86552E+01  1.00000E+02  2.48246E+00  2.48631E+00  2.48245E+00  2.48631E+00  1.53284E-02  2.17759E-07
# T =  0  2.50000E-02
# D = 29  1.00000E+29
-1.60206E+00  2.90000E+01  1.00000E-03  4.14580E-08  4.17557E-08  4.14591E-08  4.17567E-08  0.00000E+00  1.39288E-12
-1.60206E+00  2.90000E+01  1.26486E-03  5.89927E-08  5.94162E-08  5.89941E-08  5.94176E-08  0.00000E+00  1.93640E-12
-1.60206E+00  2.90000E+01  1.59986E-03  8.39419E-08  8.45444E-08  8.39439E-08  8.45464E-08  0.00000E+00  2.69054E-12
-1.60206E+00  2.90000E+01  2.02359E-03  1.19441E-07  1.20298E-07  1.19444E-07  1.20301E-07  0.00000E+00  3.74325E-12
-1.60206E+00  2.90000E+01  2.55955E-03  1.69953E-07  1.71172E-07  1.69957E-07  1.71176E-07  0.00000E+00  5.22312E-12
-1.60206E+00  2.90000E+01  3.23746E-03  2.41826E-07  2.43561E-07  2.41832E-07  2.43567E-07  0.00000E+00  7.31781E-12
-1.60206E+00  2.90000E+01  4.09492E-03  3.44099E-07  3.46567E-07  3.44106E-07  3.46575E-07  0.00000E+00  1.02965E-11
-1.60206E+00  2.90000E+01  5.17947E-03  4.89618E-07  4.93130E-07  4.89628E-07  4.93140E-07  0.00000E+00  1.45521E-11
-1.60206E+00  2.90000E+01  6.55129E-03  6.96456E-07  7.01451E-07  6.96471E-07  7.01467E-07  0.00000E+00  2.06578E-11
-1.60206E+00  2.90000E+01  8.28643E-03  9.90447E-07  9.97552E-07  9.90468E-07  9.97573E-07  0.00000E+00  2.95107E-11
-1.60206E+00  2.90000E+01  1.04811E-02  1.40843E-06  1.41853E-06  1.40846E-06  1.41857E-06  0.00000E+00  4.27141E-11
-1.60206E+00  2.90000E+01  1.32571E-02  2.00284E-06  2.01721E-06  2.00289E-06  2.01726E-06  0.00000E+00  6.30704E-11
-1.60206E+00  2.90000E+01  1.67683E-02  2.84832E-06  2.86876E-06  2.84840E-06  2.86884E-06  0.00000E+00  9.58836E-11
-1.60206E+00  2.90000E+01  2.12095E-02  4.05116E-06  4.08024E-06  4.05128E-06  4.08035E-06  0.00000E+00  1.50268E-10
-1.60206E+00  2.90000E+01  2.68270E-02  5.76269E-06  5.80404E-06  5.76288E-06  5.80424E-06  0.00000E+00  2.43514E-10
-1.60206E+00  2.90000E+01  3.39322E-02  8.19843E-06  8.25726E-06  8.19876E-06  8.25759E-06  0.00000E+00  3.94004E-10
-1.60206E+00  2.90000E+01  4.29193E-02  1.16654E-05  1.17491E-05  1.16659E-05  1.17496E-05  0.00000E+00  6.19889E-10
-1.60206E+00  2.90000E+01  5.42868E-02  1.66009E-05  1.67200E-05  1.66017E-05  1.67208E-05  0.00000E+00  9.37745E-10
-1.60206E+00  2.90000E+01  6.86649E-02  2.36272E-05  2.37966E-05  2.36284E-05  2.37978E-05  0.00000E+00  1.36596E-09
-1.60206E+00  2.90000E+01  8.68511E-02  3.36105E-05  3.38514E-05  3.36122E-05  3.38531E-05  0.00000E+00  1.96589E-09
-1.60206E+00  2.90000E+01  1.09854E-01  4.77953E-05  4.81380E-05  4.77978E-05  4.81405E-05  0.00000E+00  2.90257E-09
-1.60206E+00  2.90000E+01  1.38950E-01  6.79630E-05  6.84503E-05  6.79671E-05  6.84543E-05  0.00000E+00  4.56415E-09
-1.60206E+00  2.90000E+01  1.75751E-01  9.66538E-05  9.73466E-05  9.66610E-05  9.73538E-05  1.41957E-15  7.97081E-09
-1.60206E+00  2.90000E+01  2.22300E-01  1.37477E-04  1.38462E-04  1.37491E-04  1.38476E-04  9.38992E-13  1.50327E-08
-1.60206E+00  2.90000E+01  2.81177E-01  1.95535E-04  1.96936E-04  1.95563E-04  1.96963E-04  1.63139E-10  2.88739E-08
-1.60206E+00  2.90000E+01  3.55648E-01  2.78160E-04  2.80151E-04  2.78213E-04  2.80205E-04  9.86086E-09  5.56733E-08
-1.60206E+00  2.90000E+01  4.49843E-01  3.95743E-04  3.98574E-04  3.95847E-04  3.98679E-04  2.58600E-07  1.07681E-07
-1.60206E+00  2.90000E+01  5.68987E-01  5.62867E-04  5.66892E-04  5.63072E-04  5.67096E-04  3.50321E-06  2.08794E-07
-1.60206E+00  2.90000E+01  7.19686E-01  8.00594E-04  8.06314E-04  8.00994E-04  8.06713E-04  2.81403E-05  4.05672E-07
-1.60206E+00  2.90000E+01  9.10298E-01  1.13875E-03  1.14687E-03  1.13953E-03  1.14765E-03  1.49536E-04  7.89469E-07
-1.60206E+00  2.90000E+01  1.15140E+00  1.61987E-03  1.63142E-03  1.62140E-03  1.63294E-03  5.73703E-04  1.53836E-06
-1.60206E+00  2.90000E+01  1.45635E+00  2.30393E-03  2.32032E-03  2.30691E-03  2.32330E-03  1.70442E-03  3.00074E-06
-1.60206E+00  2.90000E+01  1.84207E+00  3.27693E-03  3.30018E-03  3.28276E-03  3.30601E-03  4.14429E-03  5.85808E-06
-1.60206E+00  2.90000E+01  2.32995E+00  4.66070E-03  4.69368E-03  4.67211E-03  4.70508E-03  8.60139E-03  1.14437E-05
-1.60206E+00  2.90000E+01  2.94705E+00  6.62845E-03  6.67519E-03  6.65077E-03  6.69750E-03  1.57015E-02  2.23668E-05
-1.60206E+00  2.90000E+01  3.72759E+00  9.42663E-03  9.49280E-03  9.47029E-03  9.53646E-03  2.57031E-02  4.37340E-05
-1.60206E+00  2.90000E+01  4.71487E+00  1.34051E-02  1.34987E-02  1.34906E-02  1.35841E-02  3.81479E-02  8.55414E-05
-1.60206E+00  2.90000E+01  5.96362E+00  1.90604E-02  1.91925E-02  1.92276E-02  1.93598E-02  5.16214E-02  1.67358E-04
-1.60206E+00  2.90000E+01  7.54312E+00  2.70987E-02  2.72849E-02  2.74260E-02  2.76122E-02  6.39314E-02  3.27495E-04
-1.60206E+00  2.90000E+01  9.54095E+00  3.85208E-02  3.87826E-02  3.91615E-02  3.94233E-02  7.28428E-02  6.40964E-04
-1.60206E+00  2.90000E+01  1.20679E+01  5.47460E-02  5.51130E-02  5.60003E-02  5.63673E-02  7.69759E-02  1.25464E-03
-1.60206E+00  2.90000E+01  1.52642E+01  7.77852E-02  7.82975E-02  8.02408E-02  8.07531E-02  7.62250E-02  2.45611E-03
-1.60206E+00  2.90000E+01  1.93070E+01  1.10481E-01  1.11193E-01  1.15289E-01  1.16001E-01  7.15041E-02  4.80852E-03
-1.60206E+00  2.90000E+01  2.44205E+01  1.56851E-01  1.57832E-01  1.66264E-01  1.67246E-01  6.41796E-02  9.41461E-03
-1.60206E+00  2.90000E+01  3.08884E+01  2.22546E-01  2.23889E-01  2.40979E-01  2.42322E-01  5.55881E-02  1.84338E-02
-1.60206E+00  2.90000E+01  3.90694E+01  3.15501E-01  3.17315E-01  3.51594E-01  3.53408E-01  4.67838E-02  3.60949E-02
-1.60206E+00  2.90000E+01  4.94171E+01  4.46779E-01  4.49189E-01  5.17456E-01  5.19866E-01  3.84724E-02  7.06790E-02
-1.60206E+00  2.90000E+01  6.25055E+01  6.31672E-01  6.34796E-01  7.70072E-01  7.73197E-01  3.10499E-02  1.38403E-01
-1.60206E+00  2.90000E+01  7.90604E+01  8.90976E-01  8.94878E-01  1.16200E+00  1.16590E+00  2.46796E-02  2.71024E-01
-1.60206E+00  2.90000E+01  1.00000E+02  1.25207E+00  1.25665E+00  1.78281E+00  1.78739E+00  1.93717E-02  5.30736E-01
